tree
version=v4
num_class=1
num_tree_per_iteration=1
label_index=0
max_feature_idx=165
objective=binary sigmoid:1
feature_names=annuity_780A applicationcnt_361L applicationscnt_1086L applicationscnt_464L applicationscnt_629L applicationscnt_867L clientscnt12m_3712952L clientscnt3m_3712950L clientscnt6m_3712949L clientscnt_100L clientscnt_1022L clientscnt_1071L clientscnt_1130L clientscnt_136L clientscnt_157L clientscnt_257L clientscnt_304L clientscnt_360L clientscnt_493L clientscnt_533L clientscnt_887L clientscnt_946L credamount_770A disbursedcredamount_1113A downpmt_116A eir_270L homephncnt_628L inittransactionamount_650A interestrate_311L mobilephncnt_593L numactiverelcontr_750L pmtnum_254L posfpd10lastmonth_333P posfpd30lastmonth_3976960P posfstqpd30lastmonth_3976962P price_1097A sellerplacecnt_915L sellerplacescnt_216L is_interestrate_311L_missing is_eir_270L_missing is_interestrategrace_34L_missing downpmt_ratio disburse_ratio price_to_cred_ratio cred_per_client disposable_income bankacctype_710L_woe bankacctype_710L_bad_rate cardtype_51L_woe cardtype_51L_bad_rate credtype_322L_woe credtype_322L_bad_rate disbursementtype_67L_woe disbursementtype_67L_bad_rate inittransactioncode_186L_woe inittransactioncode_186L_bad_rate isbidproductrequest_292L_woe isbidproductrequest_292L_bad_rate isdebitcard_729L_woe isdebitcard_729L_bad_rate paytype1st_925L_woe paytype1st_925L_bad_rate paytype_783L_woe paytype_783L_bad_rate twobodfilling_608L_woe twobodfilling_608L_bad_rate typesuite_864L_woe typesuite_864L_bad_rate person_main_income person_education_level person_age_days person_age_years person_age_lt25 person_age_lt30 person_age_lt40 person_age_gt50 person_employment_length_years person_employed_over_5y person_income_type_private person_income_type_govt person_has_guaranty person_is_married person_is_single person_gender_male person_has_industry person_addr_matches_empl spouse_count related_income_sum related_income_mean related_income_max related_role_type_count cb_query_count cb_query_high cb_query_very_high cb_dpd_days_30 cb_dpd_days_90 cb_dpd_days_120 cb_dpd_days_180 cb_dpd_days_360 cb_dpd_total_days cb_dpd_trend_30to90 cb_dpd_trend_90to180 cb_dpd_trend_180to360 cb_pmt_avg cb_pmt_count_total cb_pmt_sum_total cb_pmtscount cb_contract_sum cb_risk_score cb_is_deduction cb_is_pension cb_quarterly_dpd_sum cb_quarterly_dpd_max cb_monthly_dpd_max cb_monthly_dpd_sum cb_weekly_dpd_max cb_weekly_dpd_sum cb_yearly_dpd_max cb_yearly_dpd_sum cb_for3y_dpd_max cb_for3y_dpd_sum tax_registry_a_record_count tax_registry_a_total_amount tax_registry_a_avg_amount tax_registry_a_max_amount tax_registry_a_min_amount tax_registry_a_amount_std tax_registry_b_record_count tax_registry_b_total_amount tax_registry_b_avg_amount tax_registry_b_max_amount tax_registry_b_min_amount tax_registry_b_amount_std tax_registry_c_record_count tax_registry_c_total_amount tax_registry_c_avg_amount tax_registry_c_max_amount tax_registry_c_min_amount tax_registry_c_amount_std tax_registry_c_employer_nunique tax_registry_c_has_multiple_employers tax_total_income tax_record_count tax_b_to_a_ratio tax_c_to_a_ratio tax_b_high_amount cb_pmt_to_annuity_ratio cb_pmt_monthly_freq cb_pmt_amount_est_cv age_lt25 age_lt30 age_30_45 age_gt50 income_per_age_year young_but_experienced main_income_to_annuity_ratio loan_to_income_ratio tax_c_avg_per_record declared_vs_tax_income_ratio declared_tax_diff_abs married_with_spouse married_with_guaranty edu_income_median income_vs_edu_median_ratio triple_risk_flag price_to_loan_ratio
feature_infos=[161.60000610351562:53000] none [0:79] [0:244] [0:88] [0:34] [0:51] [0:51] [0:51] [0:11] [0:51] [0:3] [0:31] none [0:68] [0:4] [0:73] [0:8] [0:57] [0:5] [0:1238] [0:4] [2168:400000] [0:400000] [0:200000] [0:0.44999998807907104] [0:1] [0:200000] [0:0.44999998807907104] [0:2] [0:1] [0:60] [0:1] [0:1] [0:1] [0:500000] none [0:12] [0:1] [0:1] [0:1] [0:7.0014002800560116] [0:1] [0:8.0014002800560107] [-9999:0] [-53000:-161.60000610351562] [-3.481377276947482:-3.4083658577174862] [0.029846773615807017:0.032035031529457143] [-3.7563617328685135:-3.4208245796204748] [0.02283498535114175:0.031650945941026305] [-3.4802275013831707:-3.3649363238861789] [0.029880084455699889:0.033409445635585872] [-3.4575621720930818:-3.1379067357615757] [0.030544137702393111:0.041570439953810621] [-3.457317250978448:-3.1957892832289954] [0.030551390942813905:0.039324487358262973] [-3.428282190641796:-3.3728742943023131] [0.031423173014018611:0.033154050012041421] [-3.4802275013831707:-3.4204740306815427] [0.029880084455699889:0.031661691736918983] [-3.7281001665574274:-3.4174351255327804] [0.023474178420827999:0.031754994946474456] [-3.7281001665574274:-3.4174351255327804] [0.023474178420827999:0.031754994946474456] [-3.4382537439261331:-3.0796135190289773] [0.031121095182423415:0.043956054945054945] [-3.5003075745686703:-3.2495287478280228] [0.029303480591704897:0.037343824819698189] [-9999:200000] [0:5] [-9999:27700] [-9999:75.8384668035592] [0:1] [0:1] [0:1] [0:1] [-1:5] [0:1] [0:1] [0:1] [0:1] [0:1] [0:1] [0:1] [0:1] [0:1] [0:1] [-9999:200000] [-9999:200000] [-9999:200000] [0:2] [-9999:0] [-9999:0] [-9999:0] [-9999:0] [-9999:0] [-9999:0] [-9999:0] [-9999:0] [-9999:0] [-9999:0] [-9999:0] [-9999:0] [-9999:80073.199999999997] [-9999:26] [-9999:292037.79999999999] [-9999:111] [-9999:0] [-9999:1.6236292999999999] [-9999:1] [-9999:1] [-9999:0] [-9999:0] [-9999:0] [-9999:0] [-9999:0] [-9999:0] [-9999:0] [-9999:0] [-9999:0] [-9999:0] [-9999:45] [-9999:304434.20000000001] [-9999:42500] [-9999:42500] [-9999:42500] [-9999:19449.789600094598] [-9999:0] [-9999:0] [-9999:0] [-9999:0] [-9999:0] [-9999:0] [-9999:111] [-9999:292037.80060000002] [-9999:42426] [-9999:42500] [-9999:42426] [-9999:20797.874792518505] [-9999:9] [-9999:1] [-9999:584075.60120000003] [-9999:111] [-9999:0] [-9999:1.4293859955830026] [-9999:0] [-54.579695232336306:44.699255737483874] [-0.00021668833550021668:0.083333333333333329] [-10000:514652.39999999997] [0:1] [0:1] [0:1] [0:1] [0.0273033077929359:9737.377137471387] [0:1] [-48.444765292998675:360.28822618289666] [-40.004000400040006:30000] [0.020000001:42426] [-499949.97500250128:441176.47058823524] [0:594074.60120000003] [0:1] [0:1] [-9999:42000] [-8.0008000800080001:6.25] [0:1] [0:8.0013999938964844]
tree_sizes=1713 1770 1761 1743 1745 1776 1734 1754 1725 1759 1768 1782 1740 1790 1783 1776 1758 1731 1771 1777 1785 1776 1776 1784 1767 1735 1766 1755 1749 1783 1768 1762 1784 1785 1777 1736 1760 1755 1777 1766 1748 1785 1745 1720 1767 1751 1735 1772 1789 1747 1784 1781 1742 1766 1770 1782 1756 1784 1765 1761 1775 1767 1762 1785 1755 1772 1774 1771 1758 1779 1761 1767 1763 1758 1768 1760 1769 1798 1729 1754 1785 1760 1784 1781 1780 1756 1759 1786 1768 1795 1767 1741 1758 1761 1785 1759 1775 1787 1778 1787 1774 1753 1776 1782 1786 1723 1774 1765 1759 1767 1737 1771 1777 1758 1757 1795 1795 1771 1743 1795 1736 1776 1766 1791 1785 1778 1757 1759 1782 1760 1782 1770 1739 1775 1799 1779 1751 1782 1782 1755 1724 1762 1761 1764 1740 1762 1770 1769 1781 1785 1789 1787 1781 1766 1715 1780 1740 1753 1775 1759 1782 1778 1757 1727 1742 1742 1785 1783 1713 1719 1763 1753 1747 1765 1771 1696 1759 1681 1774 1696 1720 1755 1730 1753 1751 1731 1766 1755 1748 1748 1784 1754 1672 1758 1720 1770 1760 1777 1792 1775 1777 1778 1774 1797 1737 1777 1754 1777 1721 1778 1765 1713 1725 1765 1777 1759 1749 1752 1762 1753 1737 1744 1734 1735 1785 1778 1754 1785 1757 1799 1770 1755 1739 1713 1770 1780 1727 1701 1763 1748 1780 1773 1764 1759 1739 1768 1765 1736 1699 1724 1751 1747 1791 1740 1724 1781 1779 1780 1743 1759 1753 1767 1751 1784 1740 1775

Tree=0
num_leaves=15
num_cat=0
split_feature=73 141 69 23 148 156 141 161 46 141 159 69 88 158
split_gain=138.116 153.449 73.4552 48.9495 43.1908 42.4989 37.4439 29.1765 26.0992 23.2983 19.9889 14.2775 12.4502 12.2075
threshold=1.0000000180025095e-35 3678.2001000000005 3.5000000000000004 120049.00000000001 30238.867500000004 2.3992000000000004 3361.9000050000004 1.0000000180025095e-35 -3.4448715673324837 13441.340075000002 11991.900035000001 3.5000000000000004 69025.60000000002 33.77733947149698
decision_type=2 2 2 2 2 2 2 2 2 2 2 2 2 2
left_child=4 2 -2 9 5 6 7 -1 -4 11 12 -3 -10 -9
right_child=1 3 8 -5 -6 -7 -8 13 10 -11 -12 -13 -14 -15
leaf_value=-3.5571653131086993 -3.4988763387378472 -3.574535543605319 -3.5959754755570041 -3.5159169591810855 -3.6352735294335541 -3.5437443336629619 -3.6290113836597055 -3.6108370754522698 -3.5328968174759314 -3.6276014423908451 -3.5827857338572717 -3.6044343811111923 -3.5934395135457491 -3.5668747908589893
leaf_weight=36.024282172322273 50.428804222494364 45.627296872437 57.66999638825655 10.485453888773916 181.13362051919103 21.256402809172869 134.72770083323121 117.8575398735702 72.749324876815081 89.930934961885214 51.960095755755901 182.48323339596391 12.302240453660486 12.79536823555827
leaf_count=1388 1943 1758 2222 404 6979 819 5191 4541 2803 3465 2002 7031 474 493
internal_value=-3.59705 -3.58029 -3.55076 -3.60255 -3.616 -3.60462 -3.60988 -3.59424 -3.56658 -3.60678 -3.55504 -3.59788 -3.54039 -3.6052
internal_weight=1077.43 573.637 245.11 328.527 503.795 322.661 301.405 166.677 194.682 318.041 137.012 228.111 85.0516 130.653
internal_count=41513 22102 9444 12658 19411 12432 11613 6422 7501 12254 5279 8789 3277 5034
is_linear=0
shrinkage=1


Tree=1
num_leaves=15
num_cat=0
split_feature=70 142 69 35 83 159 148 142 70 86 146 47 47 137
split_gain=132.605 151.687 74.5016 61.0694 38.9285 30.0597 24.0173 37.1435 21.0609 18.0984 17.2418 15.7729 15.3013 14.2038
threshold=11217.000000000002 4.5000000000000009 3.5000000000000004 118834.00000000001 1.0000000180025095e-35 16364.454250000003 40805.400000000001 3.5000000000000004 8812.0000000000018 1.0000000180025095e-35 1.0384880861366919 0.030940902572632083 0.030940902572632083 650.8950000000001
decision_type=2 2 2 2 2 2 2 2 2 2 2 2 2 2
left_child=1 2 8 -3 -2 11 7 9 -1 10 12 -4 -6 -13
right_child=4 3 5 -5 6 -7 -8 -9 -10 -11 -12 13 -14 -15
leaf_value=0.11258778213318595 -0.029496046567765916 -0.012881993577579579 0.0092148794805832542 0.087575041342949411 0.00079601967293293184 -0.0074837400117289789 -0.030152643327082673 -0.016446214698358233 0.037669665675554222 -0.008447136788226171 -0.0018845086133102774 0.053312509790650636 0.074433618642336982 0.0059620677380536145
leaf_weight=38.318374184891582 306.53007819131017 296.63272326812148 47.105188224464655 10.87526681087911 10.46663357131183 45.282346839085221 44.918950941413641 63.978251166641712 24.246678456664085 16.131958751007915 12.32114417105913 103.42535446956754 33.604908449575305 23.015525970607996
leaf_count=1368 12022 11498 1813 393 403 1741 1794 2524 868 627 483 3819 1290 870
internal_value=0.000352102 0.016307 0.0425294 -0.00782493 -0.0187723 0.0272588 -8.02002e-05 0.0101781 0.08923 0.0338559 0.0464742 0.0365598 0.0598272 0.0456286
internal_weight=1076.85 588.901 281.393 307.508 487.952 218.828 181.422 136.503 62.5651 72.5246 56.3927 173.546 44.0715 126.441
internal_count=41513 22370 10479 11891 19143 8243 7121 5327 2236 2803 2176 6502 1693 4689
is_linear=0
shrinkage=0.05


Tree=2
num_leaves=15
num_cat=0
split_feature=70 142 69 22 155 158 22 22 47 70 159 43 142 0
split_gain=120.97 131.451 59.4533 49.2404 29.0851 26.8854 17.9465 15.8465 15.7293 14.3057 13.8847 13.6366 11.6971 9.035
threshold=11217.000000000002 4.5000000000000009 3.5000000000000004 129999.00000000001 -1.2214309347635219 43.265154472442013 88014.000000000015 9201.0000000000018 0.030940902572632083 8812.0000000000018 50862.400000000009 1.0000000180025095e-35 7.5000000000000009 2812.500122070313
decision_type=2 2 2 2 2 2 2 2 2 2 2 2 2 2
left_child=1 2 9 12 8 6 7 -2 13 -1 -8 -9 -3 -4
right_child=5 3 4 -5 -6 -7 10 11 -10 -11 -12 -13 -14 -15
leaf_value=0.097698326467624497 0.01625762703813434 -0.0043986982948615765 0.02260256654982944 0.079953158365806798 -0.01127724292724723 0.040999071409747061 0.034509121542384377 -0.0034012104675343563 0.042085446313176615 0.035031831847074549 -0.013977943970270286 -0.029972306214919676 -0.025807674288126782 -0.017600560468310395
leaf_weight=42.591208186000586 18.769648566842079 197.48458143696189 30.23573019169271 10.264113269746302 40.057083949446678 13.470980310812591 20.701341507956386 62.95838239043951 136.68375346623361 25.121882185339928 28.655332820490003 334.98769423551857 97.095086991786957 17.406016042456031
leaf_count=1368 742 7725 1155 343 1534 502 810 2514 4889 868 1150 13425 3823 665
internal_value=0.000365565 0.0153778 0.0390836 -0.00743953 0.0253148 -0.0181844 -0.0204181 -0.0237955 0.0336187 0.079144 0.00674247 -0.025987 -0.0119351 0.00668784
internal_weight=1076.48 596.939 292.096 304.844 224.383 479.543 466.072 416.716 184.325 67.7131 49.3567 397.946 294.58 47.6417
internal_count=41513 22370 10479 11891 8243 19143 18641 16681 6709 2236 1960 15939 11548 1820
is_linear=0
shrinkage=0.05


Tree=3
num_leaves=15
num_cat=0
split_feature=148 106 122 22 70 69 83 160 87 23 160 46 87 35
split_gain=113.605 84.4159 63.6756 59.3031 45.0825 60.925 30.8866 24.5869 22.4973 19.2937 18.4993 17.4054 11.1723 10.8053
threshold=29315.318400000004 5.5000000000000009 4913.800220000001 120049.00000000001 11217.000000000002 3.5000000000000004 1.0000000180025095e-35 1.0000000180025095e-35 11800.000000000002 99999.902343750015 1.0000000180025095e-35 -3.4448715673324837 57050.000000000007 9186.3999023437518
decision_type=2 2 2 2 2 2 2 2 2 2 2 2 2 2
left_child=1 2 4 13 5 7 -6 -1 -7 -4 -8 -10 -13 -3
right_child=-2 3 9 -5 6 8 10 -9 11 -11 -12 12 -14 -15
leaf_value=0.082449906627443378 -0.036240527496826755 0.0074341416078314172 -0.020597246475560139 0.078643664504817704 -0.010874181105628987 -0.010179896151915849 0.041241468238276575 0 0.0028933375762067639 0.036654696738601285 -0.011683864962530058 0.044020655653340061 0.010380771718662868 -0.027202146189465412
leaf_weight=69.974919261410832 171.82924757525325 20.64045618660748 118.87487737089396 10.033244971185921 118.81464879959822 40.085044652223587 59.836549997329712 10.495934139937161 55.000275246798992 11.533316871151326 17.872707532718778 123.81064918451011 40.378778073936701 206.82652036100626
leaf_count=2213 7159 821 4734 338 4783 1552 2257 340 2093 414 714 4323 1446 8326
internal_value=0.000381771 0.00755747 0.01669 -0.0176876 0.0243054 0.0352302 0.00476534 0.0724156 0.0223481 -0.0139981 0.0284939 0.0286141 0.0365945 -0.0237519
internal_weight=1076.01 904.178 666.678 237.5 536.27 339.746 196.524 80.4709 259.275 130.408 77.7093 219.19 164.189 227.467
internal_count=41513 34354 24869 9485 19721 11967 7754 2553 9414 5148 2971 7862 5769 9147
is_linear=0
shrinkage=0.05


Tree=4
num_leaves=15
num_cat=0
split_feature=70 142 22 69 83 81 159 141 20 31 69 158 141 46
split_gain=101.547 100.016 43.2466 38.7658 35.759 26.488 20.7945 18.5271 16.663 12.5257 10.4182 10.4082 9.76718 8.64505
threshold=11217.000000000002 4.5000000000000009 135379.00000000003 3.5000000000000004 1.0000000180025095e-35 1.0000000180025095e-35 15750.000040000001 16211.500200000002 1.5000000000000002 23.000000000000004 3.5000000000000004 22.095541508145882 3361.9000050000004 -3.4448715673324837
decision_type=2 2 2 2 2 2 2 2 2 2 2 2 2 2
left_child=1 3 7 8 11 12 13 10 -1 -7 -3 -2 -6 -5
right_child=4 2 -4 6 5 9 -8 -9 -10 -11 -12 -13 -14 -15
leaf_value=0.072584177256420954 -0.030108840137296075 0.015494083680225396 0.074454312867165306 0.00849685232396819 0.056295474430066141 -0.016749747222293273 -0.006198311710684655 -0.03449488254145721 0.0013776161814963819 0.01519286179503892 -0.0095853612945627012 0.0086671798672167937 0 0.035764487479871286
leaf_weight=66.181271392852068 272.0250735450536 47.438928741961718 10.513586914166806 47.708409992977977 20.132011389359835 112.36080872453749 47.182136282324791 60.92715827934444 11.142337094992397 35.684379769489169 180.86982076615095 14.27295598015189 10.12386263720691 139.29461851529777
leaf_count=1910 11464 1820 309 1803 760 4532 1828 2515 326 1419 7247 558 410 4612
internal_value=0.000378938 0.0137697 -0.00668822 0.033408 -0.0170914 0.000260565 0.022096 -0.0110227 0.0636375 -0.00847888 -0.00393957 -0.0278885 0.0395796 0.0294708
internal_weight=1075.86 611.258 299.749 311.509 464.599 178.301 234.185 289.236 77.3236 148.045 228.309 286.298 30.2559 187.003
internal_count=41513 22370 11891 10479 19143 7121 8243 11582 2236 5951 9067 12022 1170 6415
is_linear=0
shrinkage=0.05


Tree=5
num_leaves=15
num_cat=0
split_feature=35 103 141 161 35 83 47 22 83 70 22 158 70 156
split_gain=94.9086 68.9934 93.2866 36.9704 36.0785 34.8164 19.1209 27.8211 16.4902 17.6463 16.1226 12.4487 11.533 11.4014
threshold=155972.00000000003 5875.1000000000013 3361.9000050000004 1.0000000180025095e-35 17998.100585937504 1.0000000180025095e-35 0.030940902572632083 26396.700195312504 1.0000000180025095e-35 8569.5000000000018 15581.399902343752 -4.2996131298426477 8508.0000000000018 0.28570000000000001
decision_type=2 2 2 2 2 2 2 2 2 2 2 2 2 2
left_child=1 2 3 5 12 6 10 -8 9 -5 -1 -10 13 -4
right_child=-2 -3 4 8 -6 -7 7 -9 11 -11 -12 -13 -14 -15
leaf_value=0.032886406418677253 0.11493564790359086 -0.032515585960990495 0.0095573117790743786 0.033618305345720065 -0.021925068595649411 0.074618935343742018 0.014022600185682382 0.05766619906814139 -0.0089425154846991765 -0.017207969400806159 -0.018384644356544889 0.035461460367194025 -0.0080176190153199624 0.059067020254059036
leaf_weight=17.614607226103544 12.449857922270892 158.57197494246066 70.632002774626017 14.994282858446239 323.47790794633329 35.804386224597692 107.77328467182815 58.221830703318119 18.698923798277974 103.56372972391546 42.131650052964687 42.81513817422092 58.691581510007381 10.8953241109848
leaf_count=649 390 6951 2775 447 13032 1089 3491 1968 696 4128 1582 1552 2403 397
internal_value=-0.000672357 -0.00260332 0.00273091 0.0191144 -0.0128032 0.0309483 0.0223382 0.0308613 0.00128425 -0.00927489 -0.00112416 0.0215543 0.00792647 0.0197825
internal_weight=1076.34 1063.89 905.315 441.618 463.697 261.546 225.741 165.995 180.072 118.558 59.7463 61.5141 140.219 81.5273
internal_count=41550 41160 34209 15602 18607 8779 7690 5459 6823 4575 2231 2248 5575 3172
is_linear=0
shrinkage=0.05


Tree=6
num_leaves=15
num_cat=0
split_feature=146 142 23 69 82 71 141 83 92 25 22 156 141 137
split_gain=79.1576 63.3115 89.9101 27.7749 18.8177 15.6877 14.8803 14.847 12.6435 10.6587 10.2959 18.3535 17.8314 9.63965
threshold=1.1912184676700159 4.5000000000000009 150010.00000000003 4.5000000000000009 1.0000000180025095e-35 38.124572210814513 8608.9003700000012 1.0000000180025095e-35 -1.0000000180025095e-35 0.44859999418258673 23978.799804687504 -1.5998599859985998 4110.8000000000002 840.10000000000014
decision_type=2 2 2 2 2 2 2 2 2 2 2 2 2 2
left_child=1 3 6 4 5 8 -3 -7 -1 -5 11 -10 13 -12
right_child=-2 2 -4 9 -6 7 -8 -9 10 -11 12 -13 -14 -15
leaf_value=0 -0.033208964415861381 -0.0042564403483334092 0.10233708263735444 -0.021138592385152269 0.047394872495825122 -0.015346166924249586 -0.023871253137406932 0.020035831518560986 -0.011891278212070835 0.025337329517069181 0.060967355877151477 0.027914857150773631 0 0.0056024679030128206
leaf_weight=46.336585158482194 153.99012392386794 205.56200563721359 12.234067216515539 56.48602501116693 58.499477112665772 60.645468501374125 196.1227086558938 48.963052123785019 34.208669839426875 10.087302224710582 56.303897462785244 103.75921841338277 18.384082013741136 12.612046379595993
leaf_count=1649 6910 8349 338 2244 1657 2580 8289 1819 1126 404 1771 3333 666 415
internal_value=-0.000579406 0.00497685 -0.00938991 0.0167973 0.0213749 0.0166906 -0.0141321 0.000207561 0.0230377 -0.0121198 0.0278353 0.0176246 0.0416016 0.052576
internal_weight=1074.19 920.205 413.919 506.286 439.712 381.213 401.685 109.609 271.604 66.5733 225.268 137.968 87.3 68.9159
internal_count=41550 34640 16976 17664 15016 13359 16638 4399 8960 2648 7311 4459 2852 2186
is_linear=0
shrinkage=0.05


Tree=7
num_leaves=15
num_cat=0
split_feature=35 103 35 121 106 81 86 25 135 106 155 35 71 69
split_gain=72.5615 61.3628 50.1564 32.87 32.8968 21.5095 20.2971 13.8811 13.8535 12.4996 10.6108 10.1933 9.68317 9.03722
threshold=155972.00000000003 6827.8664500000004 14339.000000000002 4.5000000000000009 4.5000000000000009 1.0000000180025095e-35 1.0000000180025095e-35 0.4314000010490418 502.7750104166667 5.5000000000000009 -6.6905319804254519 79997.000000000015 47.377138945927456 4.5000000000000009
decision_type=2 2 2 2 2 2 2 2 2 2 2 2 2 2
left_child=1 2 6 4 5 7 9 10 -6 -1 -4 -12 13 -7
right_child=-2 -3 3 -5 8 12 -8 -9 -10 -11 11 -13 -14 -15
leaf_value=0.029735952265415491 0.093956958712067634 -0.03395725368857061 -0.013970854953310102 -0.028265400866769066 0.026948081049998018 0.015151434139592282 -0.015307909990190187 -0.0030949094006225055 -0.020482065176466533 0 0.032560783785382116 -0.011515319307051901 -0.022886317853026885 -0.018976454456764477
leaf_weight=203.53559926524758 14.921512883156536 129.31494007818401 11.159955570474265 121.47394371777773 11.691345648840068 55.006945794448256 31.227609207853675 50.801528375595808 173.99314636550844 42.035705976188183 144.63619856908917 10.164383715018628 49.848661353811622 23.056064398959279
leaf_count=7091 390 6032 377 5159 465 1879 1221 1721 7389 1714 4714 346 2103 949
internal_value=-0.000528493 -0.00234387 0.00216312 -0.00535982 8.09425e-06 0.00921054 0.0198371 0.0187101 -0.0166052 0.024722 0.0255725 0.0290841 -0.00660963 0.0039342
internal_weight=1072.87 1057.95 928.631 651.832 530.358 344.674 276.799 216.762 185.684 245.571 165.961 154.801 127.912 78.063
internal_count=41550 41160 35128 25102 19943 12089 10026 7158 7854 8805 5437 5060 4931 2828
is_linear=0
shrinkage=0.05


Tree=8
num_leaves=15
num_cat=0
split_feature=146 35 141 35 160 41 91 46 26 162 103 22 87 70
split_gain=69.8673 55.6586 72.7779 31.9213 28.0512 18.3889 18.8056 19.2241 12.797 12.4815 13.0898 25.129 12.7925 10.2872
threshold=1.1912184676700159 155972.00000000003 3361.9000050000004 17998.100585937504 1.0000000180025095e-35 0.21057064878606011 -1.0000000180025095e-35 -3.4448715673324837 1.0000000180025095e-35 40000.000000000007 1083.9000000000003 25978.500000000004 56100.000000000007 11033.500000000002
decision_type=2 2 2 2 2 2 2 2 2 2 2 2 2 2
left_child=1 2 4 13 5 6 7 -1 9 10 11 -8 -13 -4
right_child=-2 -3 3 -5 -6 -7 8 -9 -10 -11 -12 12 -14 -15
leaf_value=-0.012695486527499071 -0.032152405082620905 0.084602405759888394 0.016723463833544682 -0.020510976842806672 -0.019020666561121825 -0.028972923500741245 0.024641205737001987 0.044662790599010065 -0.0047715133249992192 0 0 0.069450182948577202 0.0089563092262906711 -0.010969927759102969
leaf_weight=60.931987447664142 145.6503090467304 16.25902471318841 97.115212481468916 308.94622473604977 44.646986335515976 13.005783248692749 171.77994704246521 13.765988586470483 24.001414282247424 27.251999843865633 26.278367189690471 65.163717405870557 14.087992543354629 43.570757482200861
leaf_count=2247 6910 390 3726 13032 1749 437 5366 442 838 1061 1071 1996 436 1849
internal_value=-0.000521232 0.0045419 0.00260347 -0.0115796 0.0165224 0.0206338 0.0226914 0 0.0277696 0.0305313 0.0336552 0.0371044 0.0604598 0.00772142
internal_weight=1072.46 926.805 910.546 449.632 460.914 416.267 403.261 74.698 328.563 304.562 277.31 251.032 79.2517 140.686
internal_count=41550 34640 34250 18607 15643 13894 13457 2689 10768 9930 8869 7798 2432 5575
is_linear=0
shrinkage=0.05


Tree=9
num_leaves=15
num_cat=0
split_feature=146 35 35 122 106 69 160 83 25 73 22 66 146 137
split_gain=65.0737 48.1579 41.2941 29.0768 31.0371 18.5005 15.8999 15.8404 15.5463 14.7742 14.1076 15.6552 15.0331 15.3128
threshold=1.1912184676700159 155972.00000000003 14339.000000000002 5061.5000000000009 5.5000000000000009 4.5000000000000009 1.0000000180025095e-35 1.0000000180025095e-35 0.4314000010490418 1.0000000180025095e-35 23978.799804687504 -3.3749181611983459 -1.8955810110058957 840.10000000000014
decision_type=2 2 2 2 2 2 2 2 2 2 2 2 2 2
left_child=1 2 6 4 5 8 7 9 10 -1 -4 -12 13 -13
right_child=-2 -3 3 -5 -6 -7 -8 -9 -10 -11 11 12 -14 -15
leaf_value=-0.0077205173921414448 -0.031546319211967565 0.076574258563210207 0.0032567171961300611 -0.02699804074667668 -0.018285069589085101 -0.017253933130430353 -0.01565601560007826 0.043670018340852525 -0.0055700222820246051 0.022215010501889523 0.012486127476056742 0.072476654121221215 0 0.0013808226203003721
leaf_weight=51.383830081671476 141.23530514352024 17.554297408089042 92.508016679435968 112.99245247431099 150.15046482719481 53.966194467619061 26.034135486930609 62.227853182703257 77.741711685433984 141.91420274041593 81.592083623632789 38.121324168518186 12.894460052251814 11.191792933270333
leaf_count=2121 6910 390 3048 4977 6632 2236 1066 2108 2718 4613 2696 1197 451 387
internal_value=-0.000490041 0.00431495 0.00246108 -0.00458971 0.000412451 0.00831793 0.0182452 0.0221254 0.0130704 0.0140112 0.0193984 0.0289882 0.0473493 0.0588743
internal_weight=1071.51 930.273 912.719 631.159 518.166 368.016 281.56 255.526 314.049 193.298 236.308 143.8 62.2076 49.3131
internal_count=41550 34640 34250 24342 19365 12733 9908 8842 10497 6734 7779 4731 2035 1584
is_linear=0
shrinkage=0.05


Tree=10
num_leaves=15
num_cat=0
split_feature=146 141 22 91 46 70 83 81 22 106 141 87 144 141
split_gain=68.5787 44.6248 37.0978 35.792 20.3729 16.7835 27.609 18.0083 15.7113 14.0916 11.5419 11.3177 10.66 8.50903
threshold=1.1912184676700159 2005.0910200000001 165332.00000000003 -1.0000000180025095e-35 -3.4448715673324837 8812.0000000000018 1.0000000180025095e-35 1.0000000180025095e-35 35601.500000000007 5.5000000000000009 3069.3000000000006 43900.000000000007 0.99999983973588746 303.60000000000008
decision_type=2 2 2 2 2 2 2 2 2 2 2 2 2 2
left_child=1 3 8 4 -1 11 -7 -8 9 12 -10 13 -3 -5
right_child=-2 2 -4 5 -6 6 7 -9 10 -11 -12 -13 -14 -15
leaf_value=-0.020668561844491378 -0.031452344242456839 0.0048840332918049139 0.065172527623444151 0.05547937236609525 0.034595974144341159 -0.0041729193376244377 0.079091335276236185 0.01651689649816902 0.016732972747214178 -0.01205168115666623 -0.020770284999169414 0.012653356653826279 0.044927641276332766 0.020254603213584382
leaf_weight=73.181463835760951 138.21922074072063 176.97267743013799 13.768186949193476 78.318979125469923 15.9368336237967 90.483438853174448 14.911997435614465 43.58429036475718 17.756399223580956 124.13141240738332 185.35694861598313 45.531033609062433 14.274704195559023 38.73942825384438
leaf_count=2751 6968 6614 287 2115 490 3588 416 1518 564 5437 7915 1340 549 1094
internal_value=0.000724045 0.00568664 -0.00372508 0.0182039 -0.0089416 0.0261449 0.0128516 0.0382279 -0.00625513 0.000619507 -0.0169282 0.0372804 0.00919619 0.0455389
internal_weight=1071.17 932.948 532.26 400.687 89.1183 311.569 148.98 58.4963 518.492 315.379 203.113 162.589 191.247 117.058
internal_count=41646 34678 21366 13312 3241 10071 5522 1934 21079 12600 8479 4549 7163 3209
is_linear=0
shrinkage=0.05


Tree=11
num_leaves=15
num_cat=0
split_feature=146 142 35 83 70 160 35 137 91 141 138 91 146 35
split_gain=63.9135 45.6492 33.1071 29.885 24.1976 14.623 13.6819 11.3465 10.1011 14.9899 8.87957 8.75116 9.89734 6.80684
threshold=1.1912184676700159 5.5000000000000009 155972.00000000003 1.0000000180025095e-35 8630.5000000000018 1.0000000180025095e-35 22873.100585937504 281.02000000000004 -1.0000000180025095e-35 421.80000000000007 333.42103346562061 -1.0000000180025095e-35 0.36111135225267965 9186.3999023437518
decision_type=2 2 2 2 2 2 2 2 2 2 2 2 2 2
left_child=1 3 6 4 8 7 -3 11 -1 -10 -11 -5 -13 -6
right_child=-2 2 -4 5 13 -7 -8 -9 9 10 -12 12 -14 -15
leaf_value=-0.0060945670161861205 -0.030842546741282614 -0.00045482868673633572 0.054293881694167226 0.0072704392544023291 0.0091787476673304731 -0.0019158893333407531 -0.021715835501705381 0.010764981688794497 0.03307319424372878 0.00104438023176469 0.029083448160218253 0.063362682980387483 0.0081694813477799673 -0.014655216778798297
leaf_weight=42.440630292519927 134.10855455696583 134.85519273579121 14.237360607832668 15.484017679467796 33.118020365014672 22.459458706900477 183.76078946329653 34.305145442485809 105.55814644508064 123.05677859671414 33.523804718628526 62.279658474028111 13.543531473726032 117.74098768830299
leaf_count=1480 6968 5666 269 504 1342 911 8446 1094 2853 3961 1162 1817 471 4702
internal_value=0.000741865 0.00545838 -0.00922956 0.0136506 0.006999 0.0328862 -0.0130176 0.0393267 0.0150899 0.0187568 0.00807117 0.0484225 0.055238 -0.00897555
internal_weight=1070.47 936.364 332.853 603.51 455.438 148.072 318.616 125.612 304.579 262.139 156.581 91.3072 75.8232 150.859
internal_count=41646 34678 14381 20297 15500 4797 14112 3886 9456 7976 5123 2792 2288 6044
is_linear=0
shrinkage=0.05


Tree=12
num_leaves=15
num_cat=0
split_feature=152 35 83 35 35 106 123 25 25 68 137 91 22 105
split_gain=43.9916 26.6039 23.8494 22.6529 19.9085 17.6611 22.2838 16.7671 17.6171 13.187 10.4717 11.947 12.8845 9.69591
threshold=1.0000000180025095e-35 14339.000000000002 1.0000000180025095e-35 9979.0000000000018 182171.50000000003 5.5000000000000009 527.69615384615395 0.42249999940395361 0.44859999418258673 29010.000000000004 809.66205000000014 -1.0000000180025095e-35 19998.400390625004 2137.5000000000005
decision_type=2 2 2 2 2 2 2 2 2 2 2 2 2 2
left_child=1 2 -1 9 5 6 7 10 -9 -2 11 -3 -13 -8
right_child=3 4 -4 -5 -6 -7 13 8 -10 -11 -12 12 -14 -15
leaf_value=0.011546793971794624 0.033239393427017545 0 0.051277176846286382 -0.027422461977724619 0.054212207552082364 -0.015183545551670461 -0.015574927164521957 -0.03049083895094137 0.014786454784926545 -0.007780382956103441 0 0.0057794680073579695 0.043993064186460894 0.024533377330988124
leaf_weight=182.47395243681967 21.692324796691537 34.690115194767714 46.477716092020273 170.31805084645748 11.903197560459374 152.18313247524202 130.45824489369988 35.717821693047881 39.514892254024744 66.457329133525491 47.831768330186605 35.945611231029034 83.182939568534493 11.567486071959136
leaf_count=6005 934 1273 1459 8264 216 7003 5194 1291 1331 2931 1675 1108 2487 475
internal_value=0.000727158 0.00649782 0.0207494 -0.0169902 0.000687118 -0.000802541 0.00442137 0.0126916 -0.00664695 0.00301956 0.0201348 0.0263124 0.0335626 -0.0112449
internal_weight=1070.41 811.947 228.952 258.468 582.995 571.092 418.909 276.883 75.2327 88.1497 201.65 153.819 119.129 142.026
internal_count=41646 29517 7464 12129 22053 21837 14834 9165 2622 3865 6543 4868 3595 5669
is_linear=0
shrinkage=0.05


Tree=13
num_leaves=15
num_cat=0
split_feature=103 142 22 83 161 94 46 51 141 31 27 74 73 37
split_gain=56.9605 41.1217 25.3822 20.7679 16.4665 15.4664 12.2479 10.3278 9.93114 13.1795 17.5098 13.1719 9.73206 8.55323
threshold=4453.2501500000008 5.5000000000000009 165332.00000000003 1.0000000180025095e-35 1.0000000180025095e-35 -1.0000000180025095e-35 -3.4448715673324837 0.0322296849784484 2005.0910200000001 17.000000000000004 14777.000000000002 1.0000000180025095e-35 1.0000000180025095e-35 1.0000000180025095e-35
decision_type=2 2 2 2 2 2 2 2 2 2 2 2 2 2
left_child=1 3 12 5 -5 6 -1 -2 9 11 -11 -7 -3 -14
right_child=7 2 -4 4 -6 8 -8 -9 -10 10 -12 -13 13 -15
leaf_value=-0.02419155335511337 -0.037310521652176347 -0.025195390792350267 0.048288718744933873 0.048254256923686088 0.012625326596242332 -0.014470527670356234 0.022234991255808103 -0.0076060265287324295 0.0011003669986111209 0.057399519947561234 -0.0075329093126583653 0.017512802500965454 -0.0084484062637774741 0.027911631948500465
leaf_weight=54.132058586925268 94.384837569668889 93.546342018991709 13.363363996148108 62.776357213035226 81.493818044662476 34.600451234728098 13.341721842065452 52.576869169250131 149.89402243122458 33.984523754566908 10.964078485965727 154.12386771850288 209.07064365595579 12.135658174753187
leaf_count=2153 5233 4394 235 1649 2794 1480 395 2511 5325 1064 315 4346 9225 527
internal_value=0.000715008 0.00540155 -0.00863496 0.0132288 0.0295606 0.00762843 -0.013421 -0.0276124 0.011585 0.0179371 0.0413913 0.0111688 -0.0119254 -0.00565975
internal_weight=1070.39 923.427 328.116 595.311 144.27 451.041 67.4738 146.962 383.567 233.673 44.9486 188.724 314.753 221.206
internal_count=41646 33902 14381 19521 4443 15078 2548 7744 12530 7205 1379 5826 14146 9752
is_linear=0
shrinkage=0.05


Tree=14
num_leaves=15
num_cat=0
split_feature=103 79 106 22 160 27 91 43 37 47 51 89 122 137
split_gain=52.9066 30.8242 24.0915 20.1728 15.4191 16.9408 15.9295 14.5554 12.2053 11.4355 10.0268 8.32285 10.3733 10.7976
threshold=4453.2501500000008 1.0000000180025095e-35 4.5000000000000009 135379.00000000003 1.0000000180025095e-35 16993.000000000004 -1.0000000180025095e-35 1.2091287595505815 1.0000000180025095e-35 0.030940902572632083 0.0322296849784484 43900.000000000007 5061.5000000000009 849.10000000000014
decision_type=2 2 2 2 2 2 2 2 2 2 2 2 2 2
left_child=1 2 4 -4 5 6 9 8 11 -1 -2 12 13 -8
right_child=10 -3 3 -5 -6 -7 7 -9 -10 -11 -12 -13 -14 -15
leaf_value=-0.015019921188899013 -0.036804785446639475 -0.019072835733191219 -0.0094097007216470338 0.046622879438184689 -0.012819956501940039 -0.011817227771299545 0.032565595935533716 -0.021506233536214763 0.053165210983714739 0.029456329473171689 -0.0073083733875834419 0.0054455207738780655 0.001173526558375011 0.0030825802397197095
leaf_weight=51.501736106351018 91.051367869600654 109.51348916999996 211.71292328462005 12.205264892429112 44.47589610144496 44.213345158845186 223.989232506603 13.496498377993701 32.228342909365892 14.154434228315948 52.195859022438526 82.499186802655458 45.60889558121562 41.644467979669571
leaf_count=1990 5233 4390 9451 252 1806 1633 6608 457 1015 397 2511 2633 1945 1325
internal_value=0.000691509 0.00514551 0.0085459 -0.00518545 0.0138074 0.0161496 0.0187874 0.0222025 0.0239369 -0.00331793 -0.0270033 0.0207824 0.0245392 0.0282705
internal_weight=1070.49 927.244 817.73 223.918 593.812 549.336 505.123 439.467 425.97 65.6562 143.247 393.742 311.243 265.634
internal_count=41646 33902 29512 9703 19809 18003 16370 13983 13526 2387 7744 12511 9878 7933
is_linear=0
shrinkage=0.05


Tree=15
num_leaves=15
num_cat=0
split_feature=103 141 22 81 70 41 87 35 47 70 28 79 35 22
split_gain=51.9008 43.7111 46.4884 17.6769 20.9173 18.0689 16.8921 15.9497 11.7181 11.5559 10.4334 7.71942 7.56192 6.90095
threshold=4724.0335000000005 5000.6000000000013 165332.00000000003 1.0000000180025095e-35 8569.5000000000018 0.1007993023119796 43050.000000000007 17600.799804687504 0.030940902572632083 8385.5000000000018 0.38849999010562902 1.0000000180025095e-35 95999.000000000015 15401.899902343752
decision_type=2 2 2 2 2 2 2 2 2 2 2 2 2 2
left_child=1 3 7 5 -5 6 8 9 13 -3 -8 -10 -9 -1
right_child=-2 2 -4 4 -6 -7 10 12 11 -11 -12 -13 -14 -15
leaf_value=0.027766505608378345 -0.027757562557569983 0.017708712207826858 0.066037351739432398 0.040509906729364623 -0.0049270187282830407 -0.021607759503080422 0.023927020331338828 -0.022984995803537245 0.036613400807171431 -0.015322308781220546 -0.0088411465424076321 -6.445747376780443e-05 0.0057982090715570835 -0.0055050899911930516
leaf_weight=18.980476174503565 137.47250206209719 55.866912506520748 14.373611669987438 24.228887487202883 182.04875534586608 20.106904486194253 33.399158645421267 218.95253878831863 192.32374330610037 41.079032870009542 59.278350813314319 12.526883197948335 20.430619306862354 36.41258255392313
leaf_count=587 7661 2139 238 643 6909 626 1029 10257 5243 1742 1882 376 814 1317
internal_value=0.000306129 0.00463419 -0.00913369 0.0130615 0.00100563 0.0194944 0.0222449 -0.013413 0.028696 0.00315694 0.00307628 0.0341841 -0.0202555 0.00642249
internal_weight=1067.48 930.008 350.703 579.306 206.278 373.028 352.921 336.329 260.244 96.9459 92.6775 204.851 239.383 55.3931
internal_count=41463 33802 15190 18612 7552 11060 10434 14952 7523 3881 2911 5619 11071 1904
is_linear=0
shrinkage=0.05


Tree=16
num_leaves=15
num_cat=0
split_feature=148 142 35 69 43 35 31 27 31 163 71 83 160 87
split_gain=48.0676 32.4091 33.2549 18.9578 15.0756 12.8402 10.7631 31.1419 20.0808 11.4494 10.705 10.9029 8.37336 10.3192
threshold=28518.000000000004 5.5000000000000009 138107.60156250003 4.5000000000000009 1.1851200519386438 21998.500000000004 17.000000000000004 14341.500000000002 15.500000000000002 1.3692105263157897 27.462012320328544 1.0000000180025095e-35 1.0000000180025095e-35 42969.000000000007
decision_type=2 2 2 2 2 2 2 2 2 2 2 2 2 2
left_child=1 3 5 4 6 10 8 9 12 -8 11 -3 13 -1
right_child=-2 2 -4 -5 -6 -7 7 -9 -10 -11 -12 -13 -14 -15
leaf_value=0.020817579127799288 -0.028015604661783097 0.00046549914848977931 0.047249363104113373 -0.011493906720690148 -0.027320623837164631 -0.021929566904628155 0.049009558641770715 -0.012067857852875058 -0.024564337544696065 0 -0.019862431316644193 0.047089707813757958 -0.010724532326940806 -0.0002537756959961434
leaf_weight=280.71374405920506 126.19348684512079 72.377743192017078 19.488698154687881 76.682172669097781 15.875758824869989 170.20401243679225 82.279292844235897 31.755188960582018 30.440236989408731 15.660378094762562 43.114244785159826 10.812909344211219 24.664361424744129 66.942846743389964
leaf_count=8235 7277 2956 356 3082 540 8398 2505 1054 1095 521 1978 431 971 2064
internal_value=0.000297784 0.00427558 -0.00859849 0.0108805 0.0141754 -0.0131577 0.0157483 0.0283836 0.0112588 0.0419341 -0.000571352 0.00941874 0.0146069 0.0166723
internal_weight=1067.21 941.012 315.998 625.014 548.332 296.509 532.456 129.695 402.761 97.9397 126.305 83.1907 372.321 347.657
internal_count=41463 34186 14119 20067 16985 13763 16445 4080 12365 3026 5365 3387 11270 10299
is_linear=0
shrinkage=0.05


Tree=17
num_leaves=15
num_cat=0
split_feature=103 142 35 28 69 35 165 158 82 71 158 135 158 146
split_gain=44.7286 29.5906 30.6639 39.9015 16.6056 14.8637 13.8118 11.1737 10.2761 9.94817 14.8088 9.01216 11.1608 8.22229
threshold=4724.0335000000005 5.5000000000000009 99596.199218750015 0.29264999926090246 4.5000000000000009 21998.500000000004 1.1851200461387636 -1.2286500707821049 1.0000000180025095e-35 27.462012320328544 2.4723878021737429 1071.483351666667 -3.9208689755701527 -9.7751492376943379
decision_type=2 2 2 2 2 2 2 2 2 2 2 2 2 2
left_child=1 4 5 -4 6 9 8 -7 13 10 -3 12 -10 -1
right_child=-2 2 3 -5 -6 7 -8 -9 11 -11 -12 -13 -14 -15
leaf_value=0.036942935920956203 -0.026537902605046806 -0.0017954601223556131 -0.021169109778270908 0.077835900155547658 -0.010684804279909494 0.0018239678105201327 -0.026672334128119497 -0.030229848879050204 0 -0.019306015136764578 0.044869737912206893 0 0.050297800436136963 0.009593563117414038
leaf_weight=27.153594566509128 130.61248216219246 66.831814490258694 14.484156047925355 17.296622635796666 75.079794170334935 30.038926992565393 15.359206542372702 125.1468179859221 14.13928630761802 42.30399989336729 16.883262177929282 15.972311789169906 48.097032459452748 428.13663680292666
leaf_count=773 7661 2741 423 466 3041 1403 534 6462 312 1978 646 434 1121 13468
internal_value=0.000261111 0.00417117 -0.00820075 0.0346109 0.0104726 -0.013734 0.0135274 -0.0238499 0.0150145 -0.000460442 0.0090506 0.0317531 0.0397853 0.0117169
internal_weight=1067.54 936.923 312.986 31.7808 623.938 281.205 548.858 155.186 533.499 126.019 83.7151 78.2086 62.2363 455.29
internal_count=41463 33802 14119 889 19683 13230 16642 7865 16108 5365 3387 1867 1433 14241
is_linear=0
shrinkage=0.05


Tree=18
num_leaves=15
num_cat=0
split_feature=103 142 146 31 69 43 146 70 156 31 159 161 87 70
split_gain=41.4305 26.5477 27.1892 41.8278 14.9134 12.6999 11.315 10.3778 10.4572 10.2108 9.73684 9.45779 16.4875 12.2484
threshold=4724.0335000000005 5.5000000000000009 -1.0011915281981134 17.000000000000004 4.5000000000000009 1.1851200519386438 -8.8761651830942885 8873.0000000000018 -1.4974497449744972 23.000000000000004 17974.660000000003 1.0000000180025095e-35 14100.000000000002 8691.5000000000018
decision_type=2 2 2 2 2 2 2 2 2 2 2 2 2 2
left_child=1 4 6 -4 5 11 -3 8 10 -2 -8 12 -1 -13
right_child=9 2 3 -5 -6 -7 7 -9 -10 -11 -12 13 -14 -15
leaf_value=0.03416819186373353 -0.034313492023606125 0.022961217029402649 -0.020880641841424307 0.096816484202599001 -0.010283576247371687 -0.026166312776532804 0.0010206710049600535 -0.027230209046136364 0.0093837017814761871 -0.001179167395046293 -0.027389679803987169 0.034433611434039023 0.010910744817948882 -0.0019602329294215771
leaf_weight=114.68054430559278 92.054934653453529 15.95414552092552 11.191819483414294 10.045641517266629 74.323440181091428 14.97982010617852 46.790023613721132 102.14592566899955 59.399982592090964 35.255447369068861 64.735863564535975 22.140821378678083 262.37189628183842 141.30450437404215
leaf_count=2888 5734 647 335 158 3041 534 2070 5140 2557 1927 3212 490 7656 5074
internal_value=0.000249163 0.00396265 -0.00783718 0.0407269 0.00987039 0.0127239 -0.0122076 -0.014818 -0.00655317 -0.025907 -0.0155088 0.0141234 0.01847 0.00354872
internal_weight=1067.37 940.064 310.263 21.2375 629.801 555.478 289.026 273.072 170.926 127.31 111.526 540.498 377.052 163.445
internal_count=41463 33802 14119 493 19683 16642 13626 12979 7839 7661 5282 16108 10544 5564
is_linear=0
shrinkage=0.05


Tree=19
num_leaves=15
num_cat=0
split_feature=148 35 106 69 165 37 124 82 136 70 70 136 35 78
split_gain=38.5298 20.3235 25.4259 20.5784 15.0097 12.7213 15.7564 12.5633 11.645 9.37695 8.67141 7.98334 7.74237 6.92973
threshold=28518.000000000004 182171.50000000003 5.5000000000000009 4.5000000000000009 1.1851200461387636 1.0000000180025095e-35 2701.4000000000005 1.0000000180025095e-35 565.64002000000016 9664.5000000000018 14139.000000000002 1584.8000000000002 14594.100097656252 1.0000000180025095e-35
decision_type=2 2 2 2 2 2 2 2 2 2 2 2 2 2
left_child=1 2 3 4 5 6 7 10 -7 11 -1 -4 -9 -14
right_child=-2 -3 9 -5 -6 8 -8 12 -10 -11 -12 -13 13 -15
leaf_value=0.01146232420891698 -0.026194826602448398 0.052729189905964625 0.0080779653217407793 -0.014732243459699729 -0.030532037030071648 0.048695282388117475 -0.022006547212846766 0.049013970573671427 -0.0032174084312638026 -0.027949278744789099 -0.0040486070574125774 -0.015828576610008978 -0.0012367795475324538 0.031640811721291323
leaf_weight=360.34989179484546 116.85366101562977 15.756151432171462 59.162580888718367 90.942025157622993 16.837181617505848 34.818255509249866 32.765194563195109 28.533489432185888 11.632185757160185 66.644510224461555 111.15923341456801 68.702589115127921 29.408539274707437 23.650790458545089
leaf_count=10920 7277 232 2588 3920 646 1057 1446 628 357 3447 4310 3310 754 571
internal_value=0.00023415 0.0036562 0.00249949 0.00677664 0.0099559 0.0113435 0.0090443 0.011154 0.0356741 -0.0132862 0.00769655 -0.00450309 0.0289584 0.0140198
internal_weight=1067.22 950.363 934.606 740.097 649.155 632.318 585.867 553.102 46.4504 194.51 471.509 127.865 81.5928 53.0593
internal_count=41463 34186 33954 24609 20689 20043 18629 17183 1414 9345 15230 5898 1953 1325
is_linear=0
shrinkage=0.05


Tree=20
num_leaves=15
num_cat=0
split_feature=103 160 83 141 37 70 35 163 141 35 25 25 25 45
split_gain=38.9229 29.6396 32.7844 16.3202 12.5998 10.6693 11.3328 9.91289 9.22524 8.23488 7.35468 16.6604 8.22317 10.2797
threshold=6828.5503500000004 1.0000000180025095e-35 1.0000000180025095e-35 15796.563140000002 1.0000000180025095e-35 7625.0000000000009 7132.0000000000009 1.5717669172932334 16441.800050000002 18851.100585937504 0.41775000095367437 0.40534999966621404 0.38849999010562902 -2531.500122070312
decision_type=2 2 2 2 2 2 2 2 2 2 2 2 2 2
left_child=1 2 3 4 5 9 -7 8 -4 -1 11 12 13 -11
right_child=-2 -3 7 -5 -6 6 -8 -9 -10 10 -12 -13 -14 -15
leaf_value=0.014169432509299879 -0.029751362680230112 -0.023499777820989488 0.033334335958737291 -0.023996582320494859 0.027345075039623509 0.018542646987856955 -0.012833143430922379 0.0027393130416950009 -0.007614578014847476 0.019989050434101721 -0.01659981533199709 0.048949039705768541 -0.016132934857573143 -0.011351290839807314
leaf_weight=173.6395913567394 90.194642679765821 85.237010284326971 143.88497599214315 53.695586433634162 46.263755090534687 28.669929768890142 172.30283774249256 49.101529886946082 11.191622724756597 60.442431835457683 48.178615001961589 13.925800878554581 51.504631746560335 37.275783868506551
leaf_count=5136 5884 3835 4584 2597 1535 1134 7043 1668 548 2002 1835 444 1910 1262
internal_value=0.000718344 0.00372448 0.00650415 0.0011345 0.003519 0.00133771 -0.00777298 0.0238452 0.0299212 0.00626086 -0.000183489 0.00471643 -0.000540375 0.00757653
internal_weight=1065.51 975.314 890.077 685.899 632.203 585.94 200.973 204.178 155.077 384.967 211.327 163.149 149.223 97.7182
internal_count=41417 35533 31698 24898 22301 20766 8177 6800 5132 12589 7453 5618 5174 3264
is_linear=0
shrinkage=0.05


Tree=21
num_leaves=15
num_cat=0
split_feature=103 160 83 79 66 31 27 23 70 87 158 163 137 153
split_gain=36.179 27.2475 28.7688 16.6616 11.7371 11.9103 11.6714 11.1208 10.1698 9.76148 9.31097 8.41635 7.91936 7.91525
threshold=6828.5503500000004 1.0000000180025095e-35 1.0000000180025095e-35 1.0000000180025095e-35 -3.3749181611983459 17.000000000000004 20255.000000000004 45797.000000000007 14686.500000000002 51050.000000000007 -5.2001038575256047 1.5717669172932334 659.38002500000005 1389.2544784396307
decision_type=2 2 2 2 2 2 2 2 2 2 2 2 2 2
left_child=1 2 3 4 10 7 -7 8 9 -6 -1 12 -4 -14
right_child=-2 -3 11 -5 5 6 -8 -9 -10 -11 -12 -13 13 -15
leaf_value=0.018232404897351975 -0.02914669462794069 -0.022879836472871538 0.03389214199739387 -0.02394493536859546 0.018663602257723209 0.034542997156281667 -0.0096933663161893648 -0.022622802226316883 -0.017179499020375334 -0.0083991420362028463 -0.0066563817690808054 0.0026088415169934548 -0.0092501548325504973 0.032061514636669723
leaf_weight=37.83712160307914 87.631929909810424 83.353243405930698 120.6738773053512 55.2800154061988 144.69484151899815 67.959975326433778 14.336972690187393 28.103940076194704 27.526042141020298 36.824911214411259 273.90192149113864 49.226082098670304 25.834702495485544 12.973786082118748
leaf_count=1109 5884 3835 3724 2345 4645 2304 610 1145 1289 1294 10157 1668 965 443
internal_value=0.000671488 0.00352729 0.00615513 0.00108296 0.00352449 0.0102257 0.02615 0.00406718 0.00833359 0.0128273 -0.00323754 0.0221885 0.027665 0.00550215
internal_weight=1066.16 978.527 895.174 686.466 631.186 319.447 82.2969 237.15 209.046 181.52 311.739 208.708 159.482 38.8085
internal_count=41417 35533 31698 24898 22553 11287 2914 8373 7228 5939 11266 6800 5132 1408
is_linear=0
shrinkage=0.05


Tree=22
num_leaves=15
num_cat=0
split_feature=146 160 83 35 31 5 155 106 103 156 35 22 84 134
split_gain=34.0745 26.329 21.2459 12.8582 16.274 10.2707 9.06849 9.77522 8.60878 9.22297 13.0583 8.40343 7.94009 10.4544
threshold=2.3136207302406411 1.0000000180025095e-35 1.0000000180025095e-35 18851.100585937504 33.000000000000007 1.0000000180025095e-35 13.239187937036203 2.5000000000000004 6828.2666000000008 2.000363636363637 30796.700195312504 7871.4001464843759 1.0000000180025095e-35 4803.8230000000012
decision_type=2 2 2 2 2 2 2 2 2 2 2 2 2 2
left_child=1 2 3 6 5 -5 7 11 9 10 12 -1 -4 -14
right_child=-2 -3 8 4 -6 -7 -8 -9 -10 -11 -12 -13 13 -15
leaf_value=-0.015823589594477407 -0.034485430268260453 -0.022819086522654394 -0.0014702717232443381 -0.0097183616306402362 0.039907812864005542 0.018736176434155989 -0.0063632227297747371 -0.0014892550507944291 -0.017657373237219783 0.051906583688425947 -0.0049478665792726945 0.022760189727522806 0.036926769156912863 0.0012209662621897449
leaf_weight=10.411890074610708 59.775363054126501 85.056797391735017 21.863120166584849 347.5075706616044 14.102536179125307 29.162599612958729 70.218284691683948 72.077816236764193 10.183255167677997 19.568258499726653 47.540318658575416 158.41868842672557 90.830855723470449 30.279992859810591
leaf_count=264 4166 4061 647 14005 496 1066 2593 2622 619 572 1805 4867 2401 1233
internal_value=0.00061516 0.00290772 0.00544484 0.00107338 -0.00485981 -0.00716776 0.00864258 0.0132601 0.01882 0.02119 0.0165325 0.0197064 0.0239387 0.0287985
internal_weight=1067 1007.22 922.165 701.899 390.773 376.67 311.127 240.908 220.266 210.083 190.514 168.831 142.974 121.111
internal_count=41417 37251 33190 25913 15567 15071 10346 7753 7277 6658 6086 5131 4281 3634
is_linear=0
shrinkage=0.05


Tree=23
num_leaves=15
num_cat=0
split_feature=148 141 160 165 78 35 31 37 156 25 81 31 89 89
split_gain=31.0619 23.5288 19.9178 17.107 13.8685 18.204 17.1158 11.6526 9.24084 8.33554 5.82825 11.5471 8.49029 6.91244
threshold=40971.302100000008 18093.217950000002 1.0000000180025095e-35 1.1332289576530459 1.0000000180025095e-35 15978.800292968752 33.000000000000007 1.0000000180025095e-35 0.74009332682291673 0.39499999582767492 1.0000000180025095e-35 11.500000000000002 16650.000000000004 24090.000000000004
decision_type=2 2 2 2 2 2 2 2 2 2 2 2 2 2
left_child=1 2 3 4 5 10 7 8 -7 -6 11 -1 -13 -14
right_child=-2 -3 -4 -5 9 6 -8 -9 -10 -11 -12 12 13 -15
leaf_value=0.0055348745541331252 -0.028607489110151641 -0.025327251897397509 -0.018756056480232958 -0.026801253831059337 0.0074705639460402196 -0.0015881583601728569 0.046499327124669809 0.024774943513353211 -0.020881270982250802 0.032370918500886268 0.002179670240117611 0.050075932389032712 -0.0072526629168165602 0.025552134445516263
leaf_weight=92.207603508606553 78.762921325862408 62.471701056696475 73.799520385451615 29.659081020392478 69.085009036585689 275.60810226760805 12.817738488316534 27.74325189832598 78.261977429501712 86.349140689708292 72.310483459383249 36.204626854509115 16.422297384589911 55.724946552887559
leaf_count=2507 5589 3075 3515 1168 2265 10102 421 945 3200 2809 2699 1078 457 1587
internal_value=0.00057828 0.00308596 0.00518182 0.00740995 0.0088581 0.00553568 -0.00123811 -0.00355149 -0.00622584 0.022193 0.0153532 0.019691 0.0305213 0.0174508
internal_weight=1067.43 988.665 926.194 852.394 822.735 667.301 394.431 381.613 353.87 155.434 272.87 200.559 108.352 72.1472
internal_count=41417 35828 32753 29238 28070 22996 14668 14247 13302 5074 8328 5629 3122 2044
is_linear=0
shrinkage=0.05


Tree=24
num_leaves=15
num_cat=0
split_feature=146 161 165 156 25 72 22 136 158 156 79 20 26 84
split_gain=30.562 19.8916 13.5201 13.7832 15.4423 10.1118 8.9088 9.39197 8.61424 10.0332 7.9778 9.70035 8.94247 7.28258
threshold=2.3136207302406411 1.0000000180025095e-35 1.1332289576530459 -1.8895389538953893 0.25300000607967382 1.0000000180025095e-35 7871.4001464843759 3393.6600000000003 66.338227561380108 1.965689285714286 1.0000000180025095e-35 13.500000000000002 1.0000000180025095e-35 1.0000000180025095e-35
decision_type=2 2 2 2 2 2 2 2 2 2 2 2 2 2
left_child=1 2 3 -1 -5 8 -6 10 9 -3 11 12 13 -8
right_child=-2 5 -4 4 6 -7 7 -9 -10 -11 -12 -13 -14 -15
leaf_value=0.00021916609315156496 -0.033598847808417223 -0.016260094557350738 -0.026114034186196389 0.00063188565877162796 -0.011370108275755478 0.011906700348815615 0.025099600564825131 -0.011212320940317736 0.024077433783293887 0.0097553449884535022 -0.0011829200877756458 -0.0096703758470959196 0 0.050224954569827091
leaf_weight=261.60644698515534 56.557272683829069 246.50566376931965 22.777683842927217 126.97828874830157 13.592139756307004 53.796033715829253 112.61518854647875 12.557906890287994 11.588905613869427 37.51751322671771 18.919422247447073 10.513970546424387 16.331276007927954 65.781989292241633
leaf_count=9485 4166 11368 892 3967 346 1725 3557 530 367 1598 699 269 539 1909
internal_value=0.000554484 0.00267007 0.00778231 0.00926181 0.0153162 -0.00684309 0.0224111 0.0247527 -0.0105628 -0.0125413 0.0271864 0.0300053 0.0325863 0.0357536
internal_weight=1067.64 1011.08 661.674 638.897 377.29 349.408 250.312 236.72 295.612 284.023 224.162 205.242 194.728 178.397
internal_count=41417 37251 22193 21301 11816 15058 7849 7503 13333 12966 6973 6274 6005 5466
is_linear=0
shrinkage=0.05


Tree=25
num_leaves=15
num_cat=0
split_feature=79 146 141 35 46 136 165 86 105 87 138 76 159 23
split_gain=20.4097 22.915 16.5295 34.7438 12.0612 12.9606 8.92904 10.4788 8.34861 10.1958 9.70961 9.41712 10.6383 9.25302
threshold=1.0000000180025095e-35 1.31579397090158 8792.5000000000018 182171.50000000003 -3.4448715673324837 1225.7 1.209128797054291 1.0000000180025095e-35 2137.5000000000005 52002.000000000007 385.92747897237012 1.2500000000000002 48999.500000000007 33996.400390625007
decision_type=2 2 2 2 2 2 2 2 2 2 2 2 2 2
left_child=1 2 4 -4 5 -1 7 8 11 10 -10 12 -6 -13
right_child=-2 -3 3 -5 6 -7 -8 -9 9 -11 -12 13 -14 -15
leaf_value=-0.011621292847923459 -0.021028890234653094 -0.021108173939415054 -0.016862727902586739 0.058180459275600872 0.016090312634741186 0.02895994546724321 -0.023255684996034452 -0.0097083156874772925 0 -0.024823958255565177 0.031428158229748863 0.019175562557647498 -0.01122288580023164 0.054853008778159865
leaf_weight=118.76934518478811 102.01774791814387 91.284880833700299 151.1001350460574 12.006050970405338 235.14796237275004 18.065672936849296 12.977693095803259 44.325465184636414 81.506355414167047 21.48183230124414 29.947492992505431 85.944596070796251 35.986042399890721 27.34715205617249
leaf_count=4236 4355 6563 7373 152 6280 668 516 1896 3006 795 994 2334 1376 842
internal_value=-0.000266421 0.00197202 0.0045441 -0.00947529 0.00787142 -0.00507899 0.0110586 0.0121378 0.0141802 0.00279025 0.00937932 0.0179041 0.0121465 0.0301648
internal_weight=1067.91 965.891 874.606 163.106 711.5 136.835 574.665 561.687 517.361 132.936 111.454 384.426 271.134 113.292
internal_count=41386 37031 30468 7525 22943 4904 18039 17523 15627 4795 4000 10832 7656 3176
is_linear=0
shrinkage=0.05


Tree=26
num_leaves=15
num_cat=0
split_feature=79 148 31 27 25 25 23 23 22 141 41 70 124 46
split_gain=18.8604 21.7029 18.4382 60.9126 17.8771 28.47 31.6626 17.2288 17.0247 13.1591 11.1163 11.2025 10.9369 8.52913
threshold=1.0000000180025095e-35 41916.600900000005 17.000000000000004 13999.000000000002 0.35500000417232519 0.4098500013351441 16915.000000000004 30985.299804687504 70001.000000000015 2507.9000200000005 0.11790332807552033 14047.500000000002 850.10000000000014 -3.4448715673324837
decision_type=2 2 2 2 2 2 2 2 2 2 2 2 2 2
left_child=1 2 7 4 8 6 -6 10 12 13 11 -1 -4 -9
right_child=-2 -3 3 -5 5 -7 -8 9 -10 -11 -12 -13 -14 -15
leaf_value=0.010101395123254862 -0.020419043637445625 -0.024148648190021511 0.036383774884597125 -0.022352466955021098 0.01101083108969246 0.022330565594994335 0.11662559326118578 -0.022116997845060351 -0.021089718643841088 -0.026197382754509325 -0.027646710244671496 -0.0081531289370987414 -0.011278554297539475 0.013595468335055403
leaf_weight=368.32110569532961 100.01255347952247 68.587703488767147 44.980351089499891 70.610759547911584 13.388411175459622 67.237660109996796 18.628334778361022 19.177904471755028 22.769934902898967 92.50906780641526 20.538080049678683 101.36719015426934 11.359789023175834 47.674559395760298
leaf_count=11140 4355 5194 1597 2917 397 2290 474 821 797 4201 857 4329 491 1526
internal_value=-0.000249155 0.00187946 0.00404417 0.0154718 0.0309195 0.0448062 0.0812643 -0.000344178 0.0112745 -0.0144382 0.00423603 0.00601203 0.0258226 0.00182864
internal_weight=1067.16 967.151 898.563 248.975 178.364 99.2544 32.0167 649.588 79.1101 159.362 490.226 469.688 56.3401 66.8525
internal_count=41386 37031 31837 8963 6046 3161 871 22874 2885 6548 16326 15469 2088 2347
is_linear=0
shrinkage=0.05


Tree=27
num_leaves=15
num_cat=0
split_feature=81 71 158 27 31 66 23 106 123 165 109 153 155 142
split_gain=18.2527 14.5662 11.7536 10.877 28.4385 27.4542 16.0517 8.27977 7.3982 7.21411 7.68691 8.3732 10.342 6.0862
threshold=1.0000000180025095e-35 23.293634496919921 23.531540798667518 24516.000000000004 17.000000000000004 -3.3749181611983459 30358.000000000004 5.5000000000000009 1.0000000180025095e-35 1.1304376125335696 1.0000000180025095e-35 1463.2017724127745 21.483558242055285 9.5000000000000018
decision_type=2 2 2 2 2 2 2 2 2 2 2 2 2 2
left_child=3 8 -3 4 6 -6 9 -8 -2 10 11 -1 -13 -12
right_child=1 2 -4 -5 5 -7 7 -9 -10 -11 13 12 -14 -15
leaf_value=-0.001863525354219494 0.032872514300194 -0.015304728646888961 0.015963138053543508 -0.018211880093402036 0.0011864877247419843 0.043812565983838744 -0.005522543270713106 -0.034449411094536371 -0.0087955602845561903 -0.02431140570296144 0.021010236310429857 0.054927733191730416 0 -0.011277085901086182
leaf_weight=207.92962350696325 24.472948148846626 312.35475772898644 27.611997657455504 43.200994496233761 72.324296338483691 80.971586173400283 90.257645713165402 34.047268111258745 11.475591949187217 13.709814559668301 109.0096547594294 10.462949584238233 17.524804292246699 11.424756691791115
leaf_count=6905 685 15702 929 1811 2541 2574 3353 1749 409 586 2891 268 471 512
internal_value=-0.000248554 -0.00908995 -0.0124257 0.00452116 0.00624203 0.0246903 0.000231407 -0.0148581 0.0189003 0.00556382 0.00717207 0.0015835 0.0251091 0.0172213
internal_weight=1066.78 375.915 339.967 690.863 647.662 153.296 494.367 124.305 35.9485 370.062 356.352 235.917 27.9878 120.434
internal_count=41386 17725 16631 23661 21850 5115 16735 5102 1094 11633 11047 7644 739 3403
is_linear=0
shrinkage=0.05


Tree=28
num_leaves=15
num_cat=0
split_feature=79 148 31 27 35 86 141 163 68 70 43 105 35 123
split_gain=17.2001 19.5919 15.5572 51.9614 16.3628 11.4673 9.0241 8.63757 10.3226 8.48916 8.05298 6.88327 7.61394 6.41685
threshold=1.0000000180025095e-35 41916.600900000005 17.000000000000004 13999.000000000002 30796.700195312504 1.0000000180025095e-35 2507.9000200000005 1.9743157894736842 57700.000000000007 14047.500000000002 1.1304376182707379 8677.0000000000018 23234.000000000004 1037.8846169230771
decision_type=2 2 2 2 2 2 2 2 2 2 2 2 2 2
left_child=1 2 4 5 9 7 -6 8 -4 10 11 12 13 -1
right_child=-2 -3 3 -5 6 -7 -8 -9 -10 -11 -12 -13 -14 -15
leaf_value=0.0041786062524710585 -0.019727753702469333 -0.023346973656349013 0.028407246625398681 -0.02151888275399488 0 -0.0081670483719979217 -0.024370621485793196 -0.0019144235133141058 0.074037138139565722 -0.0078212085213243774 -0.026437077930485383 -0.011298170138347205 0.026467117496857918 0.028671608014313055
leaf_weight=254.73517237883061 97.79500930942595 66.48073354922235 140.83903475757688 68.612579951062799 63.483671189285815 15.947105298750101 87.983396808616817 14.158947015181182 14.09128761012107 108.6517879748717 11.273208685219286 31.494915210641921 63.926218082197011 26.77928115054965
leaf_count=6898 4355 5194 4384 2917 2239 694 4205 495 473 4739 446 1456 2019 872
internal_value=-0.000236786 0.00177127 0.00379626 0.014168 -0.000262378 0.027882 -0.0144488 0.031706 0.035055 0.00406355 0.00757417 0.00905505 0.0111881 0.00714273
internal_weight=1066.25 968.457 901.977 253.649 648.328 185.036 151.467 169.089 154.93 496.861 388.209 376.936 345.441 281.514
internal_count=41386 37031 31837 8963 22874 6046 6444 5352 4857 16430 11691 11245 9789 7770
is_linear=0
shrinkage=0.05


Tree=29
num_leaves=15
num_cat=0
split_feature=79 148 133 35 86 83 35 110 43 91 69 158 135 27
split_gain=15.8533 18.1035 12.3998 11.9187 9.84046 10.2641 9.78551 8.0591 6.93978 7.0225 10.5505 6.83961 7.46033 5.10584
threshold=1.0000000180025095e-35 29251.43375 5.5000000000000009 8780.1000976562518 1.0000000180025095e-35 1.0000000180025095e-35 112984.00000000001 1.0000000180025095e-35 1.0992171786209401 -1.0000000180025095e-35 4.5000000000000009 -1.25129836461699 900.00776250000013 13536.000000000002
decision_type=2 2 2 2 2 2 2 2 2 2 2 2 2 2
left_child=1 2 4 7 5 8 11 -3 9 -1 -11 12 -4 -7
right_child=-2 3 6 -5 -6 13 -8 -9 -10 10 -12 -13 -14 -15
leaf_value=-0.0092067838491786957 -0.019134602549047287 -0.012270362517309801 -0.0082969793992131308 -0.032011490531231035 -0.012399713545340293 0.02262377409476593 0.024702117446226524 0.030010377174094244 -0.020023025564237521 0.010767282209161733 -0.019617618590959379 -0.018631890686430144 0.032115989115212289 -0.0072354863121582699
leaf_weight=56.371116513386369 95.98695036675781 26.174872522242367 31.199366264045238 56.951294349506497 54.172337944619358 140.74209768045694 14.880475590936838 12.358621897175906 20.62716521974653 399.9235320687294 25.123170431703329 109.3244372503832 11.272393591701983 10.855669232085345
leaf_count=1957 4355 1595 1319 4733 2357 3628 306 758 826 11833 1061 5798 500 360
internal_value=-0.000237365 0.00166992 0.00400558 -0.0183584 0.00692972 0.00868958 -0.00796108 0.00203089 0.00501103 0.00638124 0.00864785 -0.0121675 0.00362865 0.0200036
internal_weight=1065.96 969.977 874.492 95.4848 707.815 653.643 166.677 38.5335 502.045 481.418 425.047 151.796 42.4718 151.598
internal_count=41386 37031 29945 7086 22022 19665 7923 2353 15677 14851 12894 7617 1819 3988
is_linear=0
shrinkage=0.05


Tree=30
num_leaves=15
num_cat=0
split_feature=70 35 141 156 37 163 83 69 153 154 110 141 135 90
split_gain=20.9498 20.2691 16.9122 14.6265 13.1195 12.3253 11.8938 10.0323 9.00073 10.0359 5.80235 5.61615 8.43772 4.68984
threshold=14047.500000000002 9979.0000000000018 18093.217950000002 2.3992000000000004 1.0000000180025095e-35 0.52744360902255649 1.0000000180025095e-35 4.5000000000000009 1718.4769477669138 1.0000000180025095e-35 1.0000000180025095e-35 5883.6001305000009 2063.8033510000009 1.5000000000000002
decision_type=2 2 2 2 2 2 2 2 2 2 2 2 2 2
left_child=2 5 4 -3 6 -2 7 11 -8 -10 -7 13 -13 -1
right_child=1 3 -4 -5 -6 10 8 -9 9 -11 -12 12 -14 -15
leaf_value=0.015487768898823653 0.038731082317727407 -0.024916039432804904 -0.02429512524339892 0.020544413035348784 0.027825182112519494 -0.010032372126851458 0.0034749246558056475 -0.021403801068194887 0.045619965583357278 0 0.019496137764422102 -0.013568185867882132 0.018787574126084779 0.0016005852143117138
leaf_weight=75.686234886758029 17.204404543153942 198.9231946580112 48.799434245564044 14.440834088250993 51.939820704050362 65.157930157147348 67.563499601557851 47.191648920997977 33.822171995416284 15.031705328263341 16.313840094953775 100.80935091618448 19.209601560607553 298.46033137757331
leaf_count=2103 687 11029 2534 667 1494 2907 1938 2270 939 431 861 4431 780 8426
internal_value=-0.00182316 -0.0126478 0.00261811 -0.0212103 0.00469562 0.00551417 0.00259766 -0.000480523 0.0167538 0.032162 -0.00275596 0.00161182 -0.00744528 0.0047089
internal_weight=1070.55 312.04 758.514 213.364 709.714 98.6762 657.775 541.357 116.417 48.8539 81.4718 494.166 120.019 374.147
internal_count=41497 16151 25346 11696 22812 4455 21318 18010 3308 1370 3768 15740 5211 10529
is_linear=0
shrinkage=0.05


Tree=31
num_leaves=15
num_cat=0
split_feature=148 141 79 31 27 71 35 23 156 35 153 124 146 146
split_gain=21.0614 18.152 16.6123 14.4519 35.6539 16.7358 14.4993 14.1799 14.4289 8.82332 8.62329 8.16319 8.36238 8.06055
threshold=41344.200900000011 18093.217950000002 1.0000000180025095e-35 17.000000000000004 17567.000000000004 38.710472279260792 9602.8002929687518 33644.000000000007 0.33095119047619054 138107.60156250003 1754.893678594796 1225.3000500000003 -1.5612460845483518 -2.2658568454320203
decision_type=2 2 2 2 2 2 2 2 2 2 2 2 2 2
left_child=1 2 3 5 9 7 -7 8 -1 11 -10 12 13 -5
right_child=-2 -3 -4 4 -6 6 -8 -9 10 -11 -12 -13 -14 -15
leaf_value=0.0026217144804966583 -0.027778139690112499 -0.025828876110179207 -0.018342180927417316 0.022242424078519493 -0.020875520550448265 0.013374027805610518 -0.023774809691486584 -0.013153011423876083 0.014694437636389467 0.061404006011742375 0.052575253361946052 -0.0087393617613095529 0.0021396752647451557 0.062725246409737298
leaf_weight=295.91943048220128 67.292898431420326 57.937028634361923 85.95090002194047 103.99431450478733 50.779617534950376 28.963981888256967 105.88383581861854 87.224643921479583 80.164647861383855 12.370786551386116 18.878569831140339 17.304054616950452 40.597659604623914 14.694905110634862
leaf_count=8724 5524 3100 3887 3114 2161 1121 4937 3334 2365 176 489 631 1467 467
internal_value=-0.00171183 0.000120754 0.00189615 0.0040791 0.0143601 0 -0.0152452 0.0043777 0.00849028 0.0243808 0.0245751 0.0198925 0.0234786 0.0299918
internal_weight=1067.96 1000.66 942.727 856.776 239.741 617.035 134.848 482.187 394.963 188.962 99.0432 176.591 159.287 118.689
internal_count=41497 35973 32873 28986 8016 20970 6058 14912 11578 5855 2854 5679 5048 3581
is_linear=0
shrinkage=0.05


Tree=32
num_leaves=15
num_cat=0
split_feature=146 79 5 156 134 124 155 158 156 144 0 68 163 41
split_gain=19.0895 16.4557 12.0784 9.67663 11.1931 10.428 8.92253 8.12776 7.28868 7.57299 6.53905 6.29807 7.07774 5.7134
threshold=0.97741563023915867 1.0000000180025095e-35 1.0000000180025095e-35 1.3596666666666668 6990.4000700000006 3292.5000000000005 10.327454944020118 23.531540798667518 1.0925523809523812 1.0000000180025095e-35 1367.7000122070315 43700.000000000007 0.52476190476190487 0.21057064878606011
decision_type=2 2 2 2 2 2 2 2 2 2 2 2 2 2
left_child=1 2 3 4 5 8 11 -3 9 13 -4 12 -5 -1
right_child=-2 7 10 6 -6 -7 -8 -9 -10 -11 -12 -13 -14 -15
leaf_value=0.0038496052453514474 -0.021690541392158067 -0.024693318589628137 -0.0091222663862517307 0.032637679613807299 -0.015663821807840702 -0.027361233886753461 -0.018135906908827864 0.015039995851762522 -0.021485097040760553 0.029439335102728222 0.027061073786267459 0.047963105294113823 -0.0016679462023281464 -0.025033424843588233
leaf_weight=530.16583455260843 101.72343450319022 79.875638149678707 10.299192751757799 18.722649142146111 105.75621901452541 24.386483842507005 10.160669093951581 10.081766439601777 23.263351702131331 24.031231451779604 65.104470491409302 16.47074856236577 33.104946739040315 12.369819187559186
leaf_count=16056 7606 3908 273 616 5153 1123 404 338 849 860 1946 520 1299 546
internal_value=-0.00161322 0.000555236 0.00273878 0.000808284 -0.000987824 0.00156443 0.016961 -0.0191563 0.00306435 0.00433897 0.0212371 0.0237454 0.0116263 0.00287717
internal_weight=1065.52 963.793 873.836 798.432 719.973 614.217 78.459 89.9574 589.83 566.567 75.4037 68.2983 51.8276 542.536
internal_count=41497 33891 29645 27426 24587 19434 2839 4246 18311 17462 2219 2435 1915 16602
is_linear=0
shrinkage=0.05


Tree=33
num_leaves=15
num_cat=0
split_feature=148 37 66 31 25 25 71 105 68 159 121 155 83 78
split_gain=18.8043 14.7919 12.6393 10.7033 11.9551 24.4944 9.9605 9.60575 7.8053 7.38416 6.32082 7.30781 10.3909 8.93734
threshold=41344.200900000011 1.0000000180025095e-35 -3.3749181611983459 17.000000000000004 0.40025000274181372 0.37600000202655798 38.710472279260792 5703.2210000000005 53602.000000000007 32999.500000000007 5.5000000000000009 -4.7122861148739199 1.0000000180025095e-35 1.0000000180025095e-35
decision_type=2 2 2 2 2 2 2 2 2 2 2 2 2 2
left_child=1 2 7 6 5 9 -4 10 -3 -5 11 -1 13 -13
right_child=-2 8 3 4 -6 -7 -8 -9 -10 -11 -12 12 -14 -15
leaf_value=0.013371055848549238 -0.026748518713565574 0.027408485418530717 0.0037782604383102048 0.025595513700243783 0.0027948102251739893 0.087699186828877618 -0.016358670099978868 -0.02279893439222494 -0.0096220436827146871 -0.013372684959441876 -0.019975198589473903 -0.01722994189162021 0.0096668963512067732 0.009010586918883989
leaf_weight=63.056947549805045 64.255380658432841 64.820284359157085 270.35131007246673 24.708591802045703 81.079360174015164 10.625439146533607 73.785084451548755 81.2862069895491 12.890106514096258 14.651083724573253 47.701690532267094 142.77363005001098 76.50190868973732 35.425311129540205
leaf_count=1705 5524 1964 8931 767 2872 224 3467 4147 442 523 2268 5153 2234 1276
internal_value=-0.00154817 0.000146935 -0.00161165 0.00397763 0.015864 0.0339721 -0.00056846 -0.00764583 0.0204512 0.0100907 -0.00387826 -0.00103487 -0.00498267 -0.0116369
internal_weight=1063.91 999.657 921.947 475.201 131.064 49.9851 344.136 446.746 77.7104 39.3597 365.459 317.758 254.701 178.199
internal_count=41497 35973 33567 16784 4386 1514 12398 16783 2406 1290 12636 10368 8663 6429
is_linear=0
shrinkage=0.05


Tree=34
num_leaves=15
num_cat=0
split_feature=146 37 105 144 22 122 45 0 31 71 23 50 146 23
split_gain=16.594 12.9279 10.9068 10.2261 10.806 8.95256 9.78794 7.4594 7.22548 11.3295 11.2894 10.1502 8.5202 9.18472
threshold=0.97741563023915867 1.0000000180025095e-35 6661.4000000000005 1.0000000180025095e-35 27300.500000000004 4575.0000000000009 -9370.3002929687482 1367.7000122070315 17.000000000000004 38.124572210814513 9775.0000000000018 -3.4604221097008439 -4.9556425455147721 14000.899902343752
decision_type=2 2 2 2 2 2 2 2 2 2 2 2 2 2
left_child=1 2 3 5 -5 8 -7 -3 9 12 -11 -10 13 -1
right_child=-2 7 -4 4 -6 6 -8 -9 11 10 -12 -13 -14 -15
leaf_value=0.0018838598469276839 -0.020568845330487723 -0.012420882863508771 -0.013629847535681494 0.047316081130602684 -0.0052657124457110259 0.023354526919479715 -0.018733866347460701 0.026029581715802771 -0.0080932914249939765 0.023495994024260336 -0.022697143644314643 0.019088307754097169 -0.0030279186554485614 0.028107842704747352
leaf_weight=92.667498244903982 97.840225972235203 10.314399675466118 142.20580619294196 18.772033079527322 12.432926387526093 10.682793929241596 95.094995878636837 65.346766888163984 42.046649600379169 10.381999759003518 82.153540372848511 113.55953991413116 215.92476664390415 52.432772582396865
leaf_count=2304 7606 278 7181 633 504 210 4487 1939 1444 346 3464 3266 6332 1503
internal_value=-0.00146387 0.000519666 -0.00116114 0.00122356 0.0271511 -1.93395e-05 -0.0131696 0.019723 0.00227134 -0.00084473 -0.0160631 0.0114089 0.00308547 0.0123138
internal_weight=1061.86 964.016 888.355 746.15 31.205 714.945 105.778 75.6612 609.167 453.561 92.5355 155.606 361.025 145.1
internal_count=41497 33891 31674 24493 1137 23356 4697 2217 18659 13949 3810 4710 10139 3807
is_linear=0
shrinkage=0.05


Tree=35
num_leaves=15
num_cat=0
split_feature=71 142 156 35 66 25 123 0 89 68 35 146 23 27
split_gain=18.912 15.439 13.2416 10.7543 9.45827 11.3242 9.40553 9.89762 7.01909 8.01691 7.99797 7.56193 7.3149 6.92489
threshold=38.124572210814513 6.5000000000000009 2.3258341759352885 8780.1000976562518 -3.3749181611983459 0.41775000095367437 822.98333333333346 4158.7001953125009 59100.000000000007 71050.000000000015 11246.300292968752 -3.5092829259778395 26998.300781250004 30806.000000000004
decision_type=2 2 2 2 2 2 2 2 2 2 2 2 2 2
left_child=1 4 3 -2 13 6 8 -8 9 10 -6 -12 -13 -1
right_child=2 -3 -4 -5 5 -7 7 -9 -10 -11 11 12 -14 -15
leaf_value=0.0016107989813979201 0.00013840314865140924 -0.013233655329269548 0.014002487483954596 -0.0219863069309051 0.003498259116208228 -0.0013351922823689438 -0.01710081301340878 0.030853821106978416 0 -0.0088854408841378251 0.045088863983925177 -0.012251375527464 0.027687816150980267 -0.027788864607569463
leaf_weight=289.97800426464528 69.844517443329096 119.68051554262638 36.885518859140575 192.36114074569196 28.226755350828171 104.38109683617949 31.146419917233288 10.122817400842903 28.64243889413774 10.156351566314695 76.145117979496717 12.767596069723366 25.153370128944516 16.44851326290518
leaf_count=8950 3337 5797 1597 11354 685 3090 1032 357 871 313 2084 361 819 724
internal_value=-0.00141877 0.00276153 -0.0119779 -0.0160134 0.00594326 0.0117974 0.0180758 -0.00219447 0.0228987 0.0270405 0.0301588 0.0359124 0.0132151 -0.000227596
internal_weight=1051.94 752.849 299.091 262.206 633.168 326.742 222.361 41.2692 181.092 152.449 142.293 114.066 37.921 306.427
internal_count=41371 25083 16288 14691 19286 9612 6522 1389 5133 4262 3949 3264 1180 9674
is_linear=0
shrinkage=0.05


Tree=36
num_leaves=15
num_cat=0
split_feature=71 142 155 35 35 165 43 142 27 35 158 144 146 135
split_gain=17.2331 14.1101 12.7627 8.64915 7.48662 7.06521 8.17288 8.84015 6.67987 6.92811 6.35581 6.16871 5.77951 7.93528
threshold=38.124572210814513 10.500000000000002 6.7839298510942188 65999.000000000015 8997.0000000000018 1.277781665325165 1.0218326960233624 3.5000000000000004 29984.000000000004 99596.199218750015 -0.88404579509485937 1.0000000180025095e-35 -8.3736703488181643 989.97500000000014
decision_type=2 2 2 2 2 2 2 2 2 2 2 2 2 2
left_child=1 5 3 -2 -4 6 7 12 9 11 -8 -9 -1 -14
right_child=2 -3 4 -5 -6 -7 10 8 -10 -11 -12 -13 13 -15
leaf_value=0.025281964572671862 -0.0011387443887753066 -0.022386531951134589 -0.0012847904732070782 0.040709350210777824 -0.022421804162027461 -0.027190879592881363 0 -0.004842478443147339 -0.027169917009408552 0.027821015090754603 0.043746160930031884 0.023363037039373862 0.0028065223041263089 0.025189763594740917
leaf_weight=44.56066916603595 54.847293199039996 47.057760928757489 62.973244212567806 10.140647263266144 167.62140739988536 11.804628868587313 14.807204399257897 236.32362167257816 20.247538412921131 15.35970696620643 19.02750862762332 15.749296201393006 286.8323178710416 42.945732810534537
leaf_count=1030 2846 2454 2986 422 10034 533 486 9696 1074 380 616 546 7074 1194
internal_value=-0.00134986 0.00261294 -0.0115096 0.00711859 -0.0170115 0.00449091 0.00528986 0.00386253 -0.00257409 -6.39062e-05 0.0278368 -0.0024656 0.00890963 0.00620344
internal_weight=1050.3 754.716 295.583 64.9879 230.595 707.658 695.854 662.019 287.68 267.433 33.8347 252.073 374.339 329.778
internal_count=41371 25083 16288 3268 13020 22629 22096 20994 11696 10622 1102 10242 9298 8268
is_linear=0
shrinkage=0.05


Tree=37
num_leaves=15
num_cat=0
split_feature=70 141 156 66 31 165 35 9 138 105 122 163 31 35
split_gain=15.7688 14.4088 11.5778 11.1925 10.9598 9.85934 9.66631 9.23913 8.75277 7.39205 6.52094 6.60574 5.47308 5.27501
threshold=13925.000000000002 18093.217950000002 2.3992000000000004 -3.3749181611983459 11.500000000000002 0.76942491531372081 8780.1000976562518 1.0000000180025095e-35 276.91624359366307 4796.3198500000008 4913.800220000001 1.8424812030075188 23.000000000000004 15998.600097656252
decision_type=2 2 2 2 2 2 2 2 2 2 2 2 2 2
left_child=1 3 6 9 7 -6 -2 8 -5 13 11 -7 -8 -1
right_child=2 -3 -4 4 5 10 12 -9 -10 -11 -12 -13 -14 -15
leaf_value=0.010833921556725846 0.00023199810273464452 -0.023608131097820586 0.013596927766188788 -0.014713136897773175 -0.0083113512328213072 0.025212703896680129 -0.024264195985385307 0.030544763077630113 0.019749287727941954 -0.015996046090286056 -0.0013858580050170163 -0.009255790655099197 0 -0.0033237978159201854
leaf_weight=96.238612130284309 70.677969240583479 43.98084716591984 35.574616052210331 85.742119672708213 30.55653424654156 184.72011993080378 157.45416080951691 13.236662231385706 17.490587725304067 70.11645257845521 26.84239250421524 10.311746992170809 28.562557353638113 176.8280951725319
leaf_count=2386 3379 2515 1500 2374 890 5474 9848 371 620 3249 1119 321 1561 5764
internal_value=-0.00126732 0.00249996 -0.0110591 0.00433558 0.0103452 0.0161285 -0.0148617 -0.00192554 -0.00776963 -0.00203661 0.0198238 0.0229545 -0.0207144 0.00159117
internal_weight=1048.33 756.064 292.269 712.083 368.9 252.431 256.695 116.469 103.233 343.183 221.874 195.032 186.017 273.067
internal_count=41371 25083 16288 22568 11169 7804 14788 3365 2994 11399 6914 5795 11409 8150
is_linear=0
shrinkage=0.05


Tree=38
num_leaves=15
num_cat=0
split_feature=26 67 35 71 71 142 35 135 105 27 140 0 71 0
split_gain=16.4947 12.7207 12.0197 11.1765 7.78637 7.64659 11.7637 8.83659 7.05543 6.7436 5.20737 5.08744 5.00182 4.62286
threshold=1.0000000180025095e-35 0.033323652705701548 8997.0000000000018 53.627652292950039 38.124572210814513 3.5000000000000004 182171.50000000003 267.15833333333336 4796.3198500000008 17785.000000000004 1.0000000180025095e-35 3029.099975585938 21.292265571526354 3946.700073242188
decision_type=2 2 2 2 2 2 2 2 2 2 2 2 2 2
left_child=1 2 -1 5 8 7 10 11 9 -4 -7 -3 -9 -12
right_child=-2 3 4 -5 -6 6 -8 12 -10 -11 13 -13 -14 -15
leaf_value=0.018273551179487962 -0.023765689919796384 0.014264961073839642 0.003296688845314122 -0.0098502142874507433 -0.01971006518502488 -0.0060760562564642464 0.044346106864981701 0.045047466895702951 -0.016573746915268084 -0.021296006433341182 0.022346246127203633 -0.0042698116723783311 0.0087763415383419075 -0.0095149172978112664
leaf_weight=42.817218959331512 70.376798550598323 124.52328997384757 223.7825622074306 84.608570014126599 103.50983192678541 143.90174506697804 10.139349292963741 31.517303528264165 77.232198674231768 26.698469613678753 31.013391913846135 44.050184515304863 22.181258199736476 10.695434568449853
leaf_count=1486 2873 3107 6580 5046 6476 6181 105 749 3884 1153 1339 1229 634 529
internal_value=-0.00121561 0.000471138 -0.00532036 0.00603031 -0.00796028 0.0094412 0.00185335 0.0157159 -0.00385834 0.000114193 -0.00130797 0.00915007 0.0329406 0.0129616
internal_weight=1047.05 976.671 474.04 502.631 431.223 418.022 195.75 222.272 327.713 250.481 185.611 168.573 53.6986 41.7088
internal_count=41371 38498 19579 18919 18093 13873 8154 5719 11617 7733 8049 4336 1383 1868
is_linear=0
shrinkage=0.05


Tree=39
num_leaves=15
num_cat=0
split_feature=26 86 141 103 83 69 71 155 25 71 66 31 138 163
split_gain=15.3422 13.253 11.1753 11.9927 9.49453 10.3586 7.38298 9.67507 8.29201 6.3172 6.89475 7.18859 9.34933 5.2298
threshold=1.0000000180025095e-35 1.0000000180025095e-35 17894.092200000003 6770.8000000000002 1.0000000180025095e-35 4.5000000000000009 20.876112251882276 9.1627410772427407 1.0000000180025095e-35 54.876112251882283 -3.3749181611983459 11.500000000000002 243.08448355189856 0.76253132832080206
decision_type=2 2 2 2 2 2 2 2 2 2 2 2 2 2
left_child=1 2 3 4 5 9 -6 8 -8 10 -1 12 -12 -11
right_child=-2 -3 -4 -5 6 -7 7 -9 -10 13 11 -13 -14 -15
leaf_value=0 -0.023142835674517092 -0.017166937136584251 -0.02010890301364994 -0.018395424986157764 0.042138208808782933 -0.018117008075851083 -0.0019532323924013706 0.0029423136334530003 0.043042154843676808 0.0084574659024810542 -0.0084174477277684512 0.016750616504589453 0.032204859253284854 -0.026652347629453489
leaf_weight=250.78135024849325 68.831708872690797 90.663492381572723 46.376797159202397 50.988666106015444 19.274611109867692 51.005436271429062 11.115943333134053 125.42393142078072 29.065969339571893 11.000905510969458 70.644029840826988 184.17266336642206 12.376465456560252 23.731252774596214
leaf_count=8430 2873 4964 2677 4674 428 2535 359 3797 850 531 2015 5609 436 1193
internal_value=-0.00115174 0.000457231 0.00240312 0.00381752 0.00542362 0.00223868 0.0152276 0.0106593 0.0306493 0.0043524 0.00584692 0.0113582 -0.000308145 -0.0146085
internal_weight=1045.45 976.622 885.958 839.581 788.593 603.712 184.88 165.606 40.1819 552.707 517.975 267.193 83.0205 34.7322
internal_count=41371 38498 33534 30857 26183 20749 5434 5006 1209 18214 16490 8060 2451 1724
is_linear=0
shrinkage=0.05


Tree=40
num_leaves=15
num_cat=0
split_feature=83 70 122 159 156 159 22 46 31 45 31 31 27 70
split_gain=14.0633 18.2435 11.6342 9.94773 9.98517 13.6748 7.25487 7.21903 7.46876 16.2509 7.67458 7.20875 6.9631 6.80746
threshold=1.0000000180025095e-35 18552.500000000004 6600.0001000000011 28890.599890000005 0.39161761006289314 78999.500000000015 12560.500000000002 -3.4448715673324837 17.000000000000004 -4525.7001953124991 15.500000000000002 17.000000000000004 17567.000000000004 18034.500000000004
decision_type=2 2 2 2 2 2 2 2 2 2 2 2 2 2
left_child=1 2 7 6 -5 11 -2 -1 10 -10 -9 13 -11 -6
right_child=3 -3 -4 4 5 -7 -8 8 9 12 -12 -13 -14 -15
leaf_value=-0.007715472743317498 0.021831443391201091 -0.021086912006635181 -0.019157729126684134 0 0.028543266284289565 -0.01330972706424801 -0.011987248572622105 0.003853890385048932 0.045865961593254102 0.012960439288451142 -0.023075185924699718 0.047854618281670487 -0.01467446918030484 -0.0012739910943892372
leaf_weight=121.51131877861917 15.332544534467159 107.42594376765192 61.597508252598345 62.557620312087238 45.691459610126913 16.046423690393567 61.713960426859558 340.31335541792214 28.938796581700444 71.679596015252173 23.394630283117294 40.523679660633206 26.478426782414317 25.160962253808975
leaf_count=4680 451 7595 3116 2036 1368 700 2549 10848 754 2048 1012 1507 1180 1555
internal_value=0.000915592 -0.00242716 0.000607065 0.0107454 0.0168163 0.0245945 -0.0037275 0.00281542 0.00557497 0.0158104 0.0016967 0.0308224 0.0046712 0.0179094
internal_weight=1048.37 781.34 673.914 267.027 189.98 127.423 77.0465 612.316 490.805 127.097 363.708 111.376 98.158 70.8524
internal_count=41399 31233 23638 10166 7166 5130 3000 20522 15842 3982 11860 4430 3228 2923
is_linear=0
shrinkage=0.05


Tree=41
num_leaves=15
num_cat=0
split_feature=83 103 122 46 31 27 31 137 70 106 122 84 153 25
split_gain=12.7275 18.3587 10.2041 9.79589 7.98307 11.4189 6.82873 5.84714 9.17045 7.19897 6.1271 5.84511 6.32278 5.81342
threshold=1.0000000180025095e-35 5238.5501500000009 6600.0001000000011 -3.4448715673324837 17.000000000000004 17567.000000000004 15.500000000000002 377.30000000000001 9056.5000000000018 3.5000000000000004 13279.200050000001 1.0000000180025095e-35 1051.1871834769029 0.084599998896010234
decision_type=2 2 2 2 2 2 2 2 2 2 2 2 2 2
left_child=1 2 3 13 6 -6 -5 10 -9 -10 11 12 -2 -1
right_child=7 -3 -4 4 5 -7 -8 8 9 -11 -12 -13 -14 -15
leaf_value=0.0055833197232762061 0.011732598015019758 -0.028902463052941044 -0.018685493609335298 0.0028524522753112444 0.022011125664868743 -0.0098558229986555543 -0.022170474493043699 0.019200709674706995 0.010412221835407107 -0.025894443902457948 -0.015352488348927518 0.023293369265308228 -0.023574739687551253 -0.016510743878920747
leaf_weight=35.336579253897071 48.038300206884742 55.024454556405544 62.237620502710342 363.35247691627592 113.04644235689193 31.232614242471755 24.275329348631203 28.645731416530907 15.154462085105477 34.345616882666945 10.302818656899033 121.63350047543645 11.294868040829895 95.073902985081077
leaf_count=1347 2557 5048 3232 12037 3146 1410 1093 842 459 1723 488 3540 557 3920
internal_value=0.000867693 -0.00232661 -5.55927e-05 0.00174701 0.00482932 0.0146788 0.000895657 0.0101669 -0.000757203 -0.0139262 0.0147905 0.0171421 0.0029243 -0.0101697
internal_weight=1048.99 779.579 724.555 662.317 531.907 144.279 387.628 269.415 78.1458 49.5001 191.269 180.967 59.3332 130.41
internal_count=41399 31233 26185 22953 17686 4556 13130 10166 3024 2182 7142 6654 3114 5267
is_linear=0
shrinkage=0.05


Tree=42
num_leaves=15
num_cat=0
split_feature=141 137 155 146 26 35 20 88 0 31 27 23 25 35
split_gain=12.6595 15.3938 12.4439 11.5468 8.93574 8.17258 10.852 8.89409 8.52376 14.5478 19.0406 13.2727 10.5327 9.0179
threshold=18093.217950000002 1840.4441000000004 10.454782840874966 1.5496535066063486 1.0000000180025095e-35 11998.200195312502 1.5000000000000002 49002.600000000006 1841.100036621094 17.000000000000004 15369.000000000002 41402.000000000007 0.37600000202655798 35998.099609375007
decision_type=2 2 2 2 2 2 2 2 2 2 2 2 2 2
left_child=1 3 -3 4 5 6 7 -1 -7 13 11 -11 -13 -10
right_child=-2 2 -4 -5 -6 8 -8 -9 9 10 -12 12 -14 -15
leaf_value=0.020186306006778173 -0.022372320348046523 0.052762916282583817 -0.00572692736631095 -0.019121531554302455 -0.015734188288589631 -0.0088818124351733013 -0.014723608519728787 -0.010577807879673705 0.0040870767031673094 0.063487277669994388 -0.010945878618211551 0 0.041959472940732309 -0.013395427781873562
leaf_weight=170.4121262980625 50.522200981155038 21.184051420539621 10.379084075801073 61.831123735755682 57.554979860782623 161.99084043223411 27.265790288336575 21.694353932514787 255.42609558347613 20.562830575741827 32.214763347059488 41.438199461437762 20.154691989533603 97.432139265350997
leaf_count=5231 3085 727 403 5896 2106 5371 772 577 8818 620 1525 1410 471 4387
internal_value=0.000796886 0.00212328 0.0340089 0.000862767 0.00237872 0.00375076 0.01196 0.0162783 0.000738124 0.00423802 0.0193436 0.0317409 0.0164205 -0.000720232
internal_weight=1050.06 999.541 31.5631 967.978 906.147 848.592 219.372 192.106 629.22 467.229 114.37 82.1557 61.5929 352.858
internal_count=41399 38314 1130 37184 31288 29182 6580 5808 22602 17231 4026 2501 1881 13205
is_linear=0
shrinkage=0.05


Tree=43
num_leaves=15
num_cat=0
split_feature=141 135 155 25 146 141 9 45 78 135 27 70 25 125
split_gain=11.7367 13.2215 10.8635 12.6508 10.2581 9.78132 10.891 15.5256 9.56461 7.23285 5.93476 5.76802 5.93804 6.83872
threshold=18093.217950000002 1841.7333458333335 5.332953989156116 0.41099999845027929 1.5496535066063486 3191.100030000001 1.0000000180025095e-35 -1439.700012207031 1.0000000180025095e-35 70.90000000000002 17567.000000000004 12768.500000000002 0.25300000607967382 515.80002000000013
decision_type=2 2 2 2 2 2 2 2 2 2 2 2 2 2
left_child=1 4 3 -3 5 6 8 9 -1 -8 11 12 -7 -14
right_child=-2 2 -4 -5 -6 10 7 -9 -10 -11 -12 -13 13 -15
leaf_value=-0.00032151414260083274 -0.021782417306318906 0.058488396927538405 0 -0.00059853990397410925 -0.018563064822453429 -0.0080393087601709629 0.04534583105210116 -0.015051546463148355 0.016921827817250584 0 -0.023582685088736326 -0.015959646828891338 0 0.024050076476880108
leaf_weight=393.69488597288728 49.458710099570453 22.992135635577142 28.063590275123715 10.819947434589265 60.686722096987069 93.905884915031493 41.049746579490602 15.253947315737603 94.367448916658759 13.420614670030771 33.275477168150246 56.08304887637496 97.838484741747379 39.71666431799531
leaf_count=11920 3085 815 1164 413 5896 3791 1048 362 2632 354 1779 3000 3813 1327
internal_value=0.00075329 0.00201898 0.0235147 0.0406509 0.000432998 0.00189929 0.00592212 0.0238155 0.00304889 0.035891 -0.00492501 -0.00222881 0.00115384 0.00784239
internal_weight=1050.63 1001.17 61.8757 33.8121 939.293 878.606 557.787 69.7243 488.062 54.4704 320.82 287.544 231.461 137.555
internal_count=41399 38314 2392 1228 35922 30026 16316 1764 14552 1402 13710 11931 8931 5140
is_linear=0
shrinkage=0.05


Tree=44
num_leaves=15
num_cat=0
split_feature=35 141 83 103 70 159 156 148 159 87 46 25 122 26
split_gain=11.7434 13.0161 13.3792 17.7705 8.08288 7.33409 9.50533 9.1377 6.95765 6.92478 5.57566 7.70211 5.31394 5.14432
threshold=182171.50000000003 8688.7000700000008 1.0000000180025095e-35 4062.8500000000004 9056.5000000000018 28890.599890000005 0.39161761006289314 41916.600900000005 73599.500000000015 28052.100500000004 -3.4448715673324837 0.084599998896010234 8920.6000225000007 1.0000000180025095e-35
decision_type=2 2 2 2 2 2 2 2 2 2 2 2 2 2
left_child=1 2 3 10 9 -4 -7 8 -8 12 11 -1 -3 -12
right_child=-2 4 5 -5 -6 6 7 -9 -10 -11 13 -13 -14 -15
leaf_value=0.010687369778043149 0.034099946052791368 0.021867277559597359 -0.0026030654452732453 -0.026094716351738254 -0.029002771571241526 0 0.035670714698822867 -0.0075661992569460816 -0.00082157182418695967 -0.015135326955253315 0.0052214076933722476 -0.016467647316868016 -0.0094052064174188869 -0.014448498448644792
leaf_weight=31.192718186415732 20.701643203385174 27.906402152962983 52.436614142730832 60.259393965825438 49.919092507101595 56.143074296414852 87.526213477365673 13.65211205370724 11.867880919016896 60.45261406339705 451.7343874424696 80.769459140487015 16.694389732554555 29.927051136270165
leaf_count=1107 248 1338 1665 5472 3215 1683 2657 1228 454 3338 13918 3228 880 968
internal_value=0.000710499 -7.34035e-05 0.00226223 -0.00128762 -0.0132393 0.0127536 0.0177382 0.0257992 0.0310038 -0.00431712 0.00134398 -0.0083413 0.0093856 0.00376063
internal_weight=1051.18 1030.48 875.509 653.883 154.972 221.626 169.189 113.046 99.3941 105.053 593.624 111.962 44.6008 481.661
internal_count=41399 41151 32380 24693 8771 7687 6022 4339 3111 5556 19221 4335 2218 14886
is_linear=0
shrinkage=0.05


Tree=45
num_leaves=15
num_cat=0
split_feature=31 27 49 165 25 25 109 141 22 141 136 0 31 76
split_gain=11.1565 36.3187 18.2558 13.9175 13.4366 37.6881 12.5746 10.0938 8.9311 8.80491 8.65039 8.00985 6.7144 7.28732
threshold=17.000000000000004 11998.200195312502 0.030843691275946963 1.0200251936912539 0.35500000417232519 0.4098500013351441 1.0000000180025095e-35 674.10000000000014 64004.201171875007 7144.8980700000011 1225.7 1983.5000000000002 15.500000000000002 1.0000000180025095e-35
decision_type=2 2 2 2 2 2 2 2 2 2 2 2 2 2
left_child=2 3 -1 4 8 7 9 -6 11 10 12 -2 13 -4
right_child=1 -3 6 -5 5 -7 -8 -9 -10 -11 -12 -13 -14 -15
leaf_value=0.048351271128251209 -0.0058465648173934414 -0.019468123321008536 -0.010716826722064695 0.061946149605746043 0.01394994989817834 0.0066216105610304972 0.0061980474287351116 0.08347687629542716 -0.020790229636626068 -0.022789911277062338 0.012193348091348886 0.026501756730326571 -0.026933329054866409 0.0043938986202280168
leaf_weight=12.511865382082759 31.93831799691543 76.603555741719902 199.78043380565941 13.760583512019364 11.631687148474155 92.36336860852316 231.7256637737155 23.012424767948687 28.789667249657214 78.045233147218823 58.973211423493922 32.709084488917142 36.21853489195928 121.42054805904627
leaf_count=410 1107 3726 9046 418 304 3448 7756 526 1095 4306 1887 1298 1906 4139
internal_value=0.00134817 0.00924446 -0.00194689 0.0190554 0.0148418 0.025113 -0.00320664 0.0660981 0 -0.00773232 -0.00455447 0.0105301 -0.00758588 -0.00487159
internal_weight=1049.48 310.809 738.675 234.205 220.445 127.007 726.164 34.6441 93.4371 494.438 416.393 64.6474 357.42 321.201
internal_count=41372 11922 29450 8196 7778 4278 29040 830 3500 21284 16978 2405 15091 13185
is_linear=0
shrinkage=0.05


Tree=46
num_leaves=15
num_cat=0
split_feature=31 27 38 134 136 35 109 35 142 46 163 35 155 106
split_gain=10.2036 33.0799 16.4579 15.8922 14.6813 13.1853 8.2592 7.16941 11.1984 9.93731 6.37493 5.99011 4.75913 5.25405
threshold=17.000000000000004 20796.200195312504 1.0000000180025095e-35 10401.300050000002 3184.7700000000004 28001.000000000004 1.0000000180025095e-35 25974.500000000004 6.5000000000000009 -3.4448715673324837 0.76253132832080206 23978.799804687504 6.9092879827369291 5.5000000000000009
decision_type=2 2 2 2 2 2 2 2 2 2 2 2 2 2
left_child=2 3 5 7 -5 6 -1 -2 9 -9 -8 -12 13 -7
right_child=1 -3 -4 4 -6 12 10 8 -10 -11 11 -13 -14 -15
leaf_value=-0.0032945344821529361 0.0030975915308817173 -0.024179411576711309 0.045127728445990861 0.083859065286248313 0.0023770125698345545 0 0.029808374537156613 0 -0.012891555412127173 0.037264614229281338 3.0218454280600456e-05 0.028089732949915253 -0.023673191179520901 -0.023349862137663335
leaf_weight=353.91141446493566 127.45920037711039 56.075374754611403 13.07743609882891 11.317001241259279 10.812251024879513 90.472404951695353 28.653902821242809 24.774841227568686 15.561183908954261 66.623742740601301 127.11553814727813 18.167964340187609 76.388754484709352 29.351229646243155
leaf_count=13807 4484 2955 410 329 491 3661 964 871 652 2140 3717 603 4534 1754
internal_value=0.00131339 0.00883549 -0.00184742 0.0165672 0.0536659 -0.0030681 0.000986202 0.0118086 0.0211407 0.0278217 0.00982434 0.00468963 -0.0139769 -0.00669425
internal_weight=1049.76 312.624 737.139 256.548 22.1293 724.061 527.849 234.419 106.96 91.3986 173.937 145.284 196.212 119.824
internal_count=41372 11922 29450 8967 820 29040 19091 8147 3663 3011 5284 4320 9949 5415
is_linear=0
shrinkage=0.05


Tree=47
num_leaves=15
num_cat=0
split_feature=31 30 38 41 35 25 25 35 31 122 105 105 141 126
split_gain=9.24517 20.4035 14.8428 12.8395 12.2584 10.0211 28.2623 9.92808 6.76572 11.3902 6.32941 7.423 6.30424 5.89748
threshold=17.000000000000004 1.0000000180025095e-35 1.0000000180025095e-35 0.020323248831712128 28001.000000000004 0.35500000417232519 0.4098500013351441 20832.200195312504 25.000000000000004 2180.2000500000004 7072.1000000000013 6058.5610000000006 15201.900100000001 784.91350561760385
decision_type=2 2 2 2 2 2 2 2 2 2 2 2 2 2
left_child=2 3 4 5 10 8 -7 -3 9 -2 11 13 -12 -1
right_child=1 7 -4 -5 -6 6 -8 -9 -10 -11 12 -13 -14 -15
leaf_value=0.00030134849976588634 0.01897556567925511 0.0098771391995513477 0.042181336023249576 0.052933473847900175 -0.013521450643890296 0.061891050581917684 0.0060943126375558277 -0.023805433645812026 -0.024086324817056672 -0.020069322879383587 -0.026393530919491443 0.034995201263528133 0.0086834133765836541 0.030293847023356142
leaf_weight=456.37957278126851 52.642954473849386 28.294836044311523 13.626028813421724 17.628959466703236 193.87156708678231 26.78300725761801 93.199209664016962 55.311003599315882 18.714905437082052 22.011734905652702 33.50400350894779 12.437178189866243 13.539596858434377 12.178041172213851
leaf_count=15635 1818 993 410 493 9949 576 3438 2984 702 918 1599 518 856 483
internal_value=0.00127758 0.00840772 -0.00174062 0.016077 -0.00292286 0.0116602 0.0209273 -0.0119278 -0.000198277 0.00629844 0.000964983 0.00281822 -0.015473 0.00149808
internal_weight=1050.12 314.587 735.536 230.981 721.91 213.352 119.982 83.6058 93.3696 74.6547 528.038 480.995 47.0436 468.558
internal_count=41372 11922 29450 7945 29040 7452 4014 3977 3438 2736 19091 16636 2455 16118
is_linear=0
shrinkage=0.05


Tree=48
num_leaves=15
num_cat=0
split_feature=31 27 35 38 28 28 109 122 31 163 70 123 160 153
split_gain=8.33735 27.8287 13.6704 13.196 11.7977 40.8224 10.9198 8.50138 6.27296 6.10163 6.36563 10.0384 5.85066 6.21932
threshold=17.000000000000004 11998.200195312502 43979.000000000007 1.0000000180025095e-35 0.35500000417232519 0.4098500013351441 1.0000000180025095e-35 4514.3000100000008 21.000000000000004 0.76253132832080206 7442.5000000000009 1179.8576961538463 1.0000000180025095e-35 1400.7073317391885
decision_type=2 2 2 2 2 2 2 2 2 2 2 2 2 2
left_child=2 4 3 6 7 -6 12 8 -2 -8 11 -11 13 -1
right_child=1 -3 -4 -5 5 -7 9 -9 -10 10 -12 -13 -14 -15
leaf_value=-0.0059756600388237218 0.029142766847755006 -0.017935869544780558 -0.019449421352268591 0.042478616443167465 0.063404179810014227 0.0058361510411845743 0.027320879457221975 -0.023690765186541368 9.8520342369016762e-05 0.0020464320494461351 -0.0074617127674910053 0.036241629818888732 -0.024434986960928461 0.0098691850077897367
leaf_weight=323.62246859073639 23.953676798380911 72.999929843004793 89.101928703486919 13.550835641101001 42.845698909834027 96.162179186008871 33.457446999847889 18.418002595193684 62.049382406286895 85.147842170670629 62.369284543208778 25.798792690970004 30.961756270844489 69.7780741029419
leaf_count=13527 779 3726 4813 388 906 3504 1125 854 2153 2171 2223 994 1971 2238
internal_value=0.00125342 0.00799749 -0.00162157 0.000896174 0.0161802 0.0255126 -0.000244887 0.00270154 0.00989413 0.00896563 0.00447515 0.0116492 -0.00490137 -0.00295114
internal_weight=1050.22 316.429 733.788 644.687 243.429 139.008 631.136 104.421 86.0031 206.773 173.316 110.947 424.362 393.401
internal_count=41372 11922 29450 24637 8196 4410 24249 3786 2932 6513 5388 3165 17736 15765
is_linear=0
shrinkage=0.05


Tree=49
num_leaves=15
num_cat=0
split_feature=160 163 83 71 153 135 136 78 19 142 140 68 153 25
split_gain=7.24098 8.26379 12.1132 11.0937 5.87249 5.47523 8.87625 5.07076 5.04831 4.81449 6.85761 5.89755 5.92586 4.80953
threshold=1.0000000180025095e-35 1.5628289473684214 1.0000000180025095e-35 51.876796714579065 1147.1809119877828 2063.8033510000009 3294.0120000000002 1.0000000180025095e-35 1.0000000180025095e-35 6.5000000000000009 1.0000000180025095e-35 40606.30000000001 1701.9046012654555 0.42249999940395361
decision_type=2 2 2 2 2 2 2 2 2 2 2 2 2 2
left_child=1 2 3 5 -2 9 -7 -3 -5 11 -11 -1 -13 -4
right_child=4 7 13 8 -6 6 -8 -9 -10 10 -12 12 -14 -15
leaf_value=0.0021149833866994055 -0.024488408969681262 -0.018388600805190464 0.020925718568902508 -0.02279506169891396 0.0014672464416485538 0.045051757085784461 0 0.0015978372693302087 0.0090471209486410655 -0.017657686447263992 0.011546632447864538 0.044597940887382233 0 0.0026488103847443524
leaf_weight=452.71221610531211 42.427488300018013 65.94152427604422 123.49008920229971 59.238678331021219 33.06765208998695 14.961040707305072 27.521715728566051 48.453487231396139 10.051272028125821 60.321458167396486 22.843048986978829 12.258017357438804 15.63212229311466 61.590454878751189
leaf_count=13230 2782 3321 3997 4629 1782 531 1462 1619 664 3018 1159 539 490 2149
internal_value=0.00121483 0.00243653 0.00416689 0.000943089 -0.0131135 0.00322285 0.0196443 -0.00979191 -0.0172049 0.00173568 -0.00886902 0.00374613 0.0243561 0.0153363
internal_weight=1050.51 975.015 860.62 675.54 75.4951 606.25 42.4828 114.395 69.29 563.767 83.1645 480.602 27.8901 185.081
internal_count=41372 36808 31868 25722 4564 20429 1993 4940 5293 18436 4177 14259 1029 6146
is_linear=0
shrinkage=0.05


Tree=50
num_leaves=15
num_cat=0
split_feature=160 35 158 42 163 88 103 35 0 71 45 67 35 35
split_gain=12.791 11.257 8.72941 6.35776 5.92008 6.41686 8.8877 8.87681 5.98125 5.25571 4.69656 5.54683 6.67855 6.58907
threshold=1.0000000180025095e-35 182171.50000000003 23.531540798667518 0.77025940406660209 1.6200501253132835 43900.000000000007 1083.9000000000003 1.0000000180025095e-35 1777.5000000000002 24.12594113620808 -5065.4001464843741 0.033323652705701548 10718.200195312502 13183.800292968752
decision_type=2 2 2 2 2 2 2 2 2 2 2 2 2 2
left_child=1 2 3 -1 5 6 10 -8 -6 -2 -5 13 -13 -12
right_child=9 -3 -4 4 8 -7 7 -9 -10 -11 11 12 -14 -15
leaf_value=-0.021899811195784394 0.0074637041708727056 0.033603723874571848 0.01936400252700311 0.020795985995736826 0.013278242177607201 -0.0070361853029198285 0.0060708861042110445 -0.025617198957834639 -0.020363563549396259 -0.024783287390718653 0.011762241276730612 -0.003997855245344943 0.013773250646880286 -0.0059623746514613288
leaf_weight=29.02318874001503 10.359088264405726 21.459894185885787 52.597606572322547 45.969724110327661 11.217054800130425 170.19655634928495 34.225402534008026 43.134831022471189 56.2572015770711 63.925317340996116 67.488345922902226 63.198580372147262 201.89239239506423 180.98613178730011
leaf_count=1478 398 222 1286 1803 413 6019 1721 4351 2992 4116 1746 1623 6490 6629
internal_value=-0.000107224 0.00140461 0.000458892 -0.000687043 8.05645e-05 0.00135815 0.00371658 -0.0114733 -0.0135508 -0.0194686 0.0059883 0.00437869 0.00935586 -0.000813863
internal_weight=1051.93 977.647 956.187 903.589 874.566 807.092 636.895 77.3602 67.4743 74.2844 559.535 513.565 265.091 248.474
internal_count=41287 36773 36551 35265 33787 30382 24363 6072 3405 4514 18291 16488 8113 8375
is_linear=0
shrinkage=0.05


Tree=51
num_leaves=15
num_cat=0
split_feature=160 78 146 70 162 158 154 158 26 89 148 125 22 70
split_gain=11.7897 9.47021 14.3981 14.5095 8.63012 6.80449 7.06268 6.80564 5.56054 5.99086 5.6443 5.69055 5.66638 8.02713
threshold=1.0000000180025095e-35 1.0000000180025095e-35 -1.4924548428641444 7625.0000000000009 40000.000000000007 -1.6001024108683668 1.0000000180025095e-35 15.68701251080447 1.0000000180025095e-35 49002.600000000006 41344.200900000011 555.30000000000007 27037.900390625004 18277.500000000004
decision_type=2 2 2 2 2 2 2 2 2 2 2 2 2 2
left_child=1 4 3 -3 8 6 -5 -7 9 10 11 12 13 -1
right_child=-2 2 -4 5 -6 7 -8 -9 -10 -11 -12 -13 -14 -15
leaf_value=0.0067946532602858427 -0.018871735512146211 0.042119099012563339 0.048475605899133155 0.022635694745246251 -0.018403519007707175 -0.016298730087347859 -0.015080504865136955 0.010065493063617842 -0.014064094492228363 -0.0062645182871651304 -0.014286720768142552 -0.0067425256875974955 0.015929538248949503 -0.018948254827764559
leaf_weight=231.61932866740972 72.849913276266307 18.701710391789675 18.318026626482606 43.627811121754348 60.794694404117763 68.550478173419833 11.110093124210833 30.177688780240715 54.836115198209882 163.54882877878845 30.935822268482298 67.0588831724599 150.08899495564401 29.156119829975069
leaf_count=6380 4514 407 484 1193 3760 2890 232 767 2280 5709 3248 2392 5500 1531
internal_value=-9.83816e-05 0.00133727 0.0112117 0.00570856 -0.00104218 0 0.013522 -0.00766136 0.000456626 0.0018097 0.00453778 0.00599512 0.00825039 0.003426
internal_weight=1051.37 978.525 190.486 172.168 788.039 153.466 54.7379 98.7282 727.244 672.408 508.859 477.923 410.864 260.775
internal_count=41287 36773 5973 5489 30800 5082 1425 3657 27040 24760 19051 15803 13411 7911
is_linear=0
shrinkage=0.05


Tree=52
num_leaves=15
num_cat=0
split_feature=160 156 90 70 110 23 123 137 22 20 45 88 153 31
split_gain=10.8843 8.61546 8.30976 7.90928 7.79734 10.5028 6.87415 8.33372 7.9872 6.32646 7.09569 6.28839 5.65639 7.49213
threshold=1.0000000180025095e-35 2.000363636363637 1.5000000000000002 18277.500000000004 1.0000000180025095e-35 39999.900390625007 836.99333333333345 418.05601500000006 14201.399902343752 1.5000000000000002 -2724.700073242187 46021.600000000006 2190.7922185500115 11.500000000000002
decision_type=2 2 2 2 2 2 2 2 2 2 2 2 2 2
left_child=1 3 -3 6 -5 -6 7 9 -8 12 -11 -9 13 -1
right_child=-2 2 -4 4 5 -7 8 11 -10 10 -12 -13 -14 -15
leaf_value=0.0016262136046734826 -0.018304030381206749 0 0.035985665684252828 -0.01756306220432843 -0.01369812659783045 0.039323283613927708 0.014041963416252017 0.001250488506850079 -0.013114260571480582 0.014384617687328259 -0.017074436239576652 -0.017411895472139078 -0.0069601224624770159 0.018607496819990688
leaf_weight=104.08820177614689 71.542772286571562 31.609302226919681 28.892343753948808 102.08004284556955 15.348665261175485 11.666287106927482 28.352901094593108 172.67019146122038 122.63253865018487 22.940112160518765 42.09050102904439 54.085899094119668 32.254534396342933 210.79878112673759
leaf_count=2709 4514 1515 808 6459 1453 868 818 6263 5043 744 1190 2112 841 5950
internal_value=-9.96414e-05 0.00126542 0.0187855 0 -0.0112161 0.0102026 0.00191135 0.00423156 -0.00740753 0.0084652 -0.00502831 -0.00326474 0.0111705 0.0132637
internal_weight=1051.05 979.51 60.5016 919.009 129.095 27.015 789.914 638.928 150.985 412.172 65.0306 226.756 347.142 314.887
internal_count=41287 36773 2323 34450 8780 2321 25670 19809 5861 11434 1934 8375 9500 8659
is_linear=0
shrinkage=0.05


Tree=53
num_leaves=15
num_cat=0
split_feature=160 90 156 159 87 52 22 0 71 137 157 124 71 162
split_gain=10.054 7.81497 13.8401 11.6758 7.34693 7.11712 7.56188 5.56196 5.05737 4.92055 6.36218 4.92724 4.6018 4.553
threshold=1.0000000180025095e-35 1.5000000000000002 1.7498958333333337 13392.800120000002 49002.600000000006 -3.4112475482030247 14979.000000000002 2416.3000488281255 24.12594113620808 315.38001000000003 1115.8476273809526 1000.2000000000002 21.544147843942508 40000.000000000007
decision_type=2 2 2 2 2 2 2 2 2 2 2 2 2 2
left_child=1 3 4 -1 13 6 12 -6 -2 11 -11 -9 -5 -3
right_child=8 2 -4 5 7 -7 -8 9 -10 10 -12 -13 -14 -15
leaf_value=0.013266910231406422 0.0086112167056638707 0.0069747013877753663 0.031502166222200055 0.020717340810689679 -0.020253141439473727 0.0050453311926170336 -0.020354008603185012 0.018529864444567057 -0.023243090525638586 -0.033860714629385828 0.0031989870573955349 -0.011592876309100528 -0.0078745444740283294 -0.0074115594831674824
leaf_weight=61.421840220689774 10.074893469922243 437.05014115059748 38.993843602016568 15.59291825070977 49.013786573894322 53.409557140432298 142.91289060283452 38.860682995989919 60.22154547367245 14.806083436124025 21.037578436546028 13.527708243578671 38.334593067876995 55.392050390597433
leaf_count=1702 398 13179 1170 410 1623 2627 8569 1169 4116 538 886 549 1744 2607
internal_value=-9.22172e-05 0.00120646 0.00428705 -0.0052083 0.00228807 -0.0101098 -0.0144928 -0.00761611 -0.017745 0 -0.0131564 0.00954798 0.000600574 0.00519773
internal_weight=1050.65 980.354 668.682 311.672 629.688 250.25 196.84 137.246 70.2964 88.2321 35.8437 52.3884 53.9275 492.442
internal_count=41287 36773 21721 15052 20551 13350 10723 4765 4514 3142 1424 1718 2154 15786
is_linear=0
shrinkage=0.05


Tree=54
num_leaves=15
num_cat=0
split_feature=160 78 146 71 9 141 155 121 137 31 154 158 110 71
split_gain=9.24012 8.3705 11.6298 12.8777 8.51965 7.98757 7.545 8.11819 7.3052 7.4608 5.92466 5.307 5.49493 10.6888
threshold=1.0000000180025095e-35 1.0000000180025095e-35 -1.4924548428641444 20.876112251882276 1.0000000180025095e-35 2716.5000300000006 10.965083704283904 2.5000000000000004 400.10000000000008 11.500000000000002 1.0000000180025095e-35 22.095541508145882 1.0000000180025095e-35 36.956878850102676
decision_type=2 2 2 2 2 2 2 2 2 2 2 2 2 2
left_child=1 4 3 -3 11 10 7 8 9 -6 -5 12 13 -1
right_child=-2 2 -4 5 6 -7 -8 -9 -10 -11 -12 -13 -14 -15
leaf_value=-0.0017105786415122241 -0.0171696294477349 0.039008406088402059 0.043007857932894189 0.016032569435286623 0.00046215411909299419 -0.012695470057746919 -0.013631344525483936 -0.0067117424108000274 0.00064340778538850816 0.053043065024958917 -0.013155286896080266 0.016622887272633228 0.013406503101604062 -0.017650107408746282
leaf_weight=503.31217030435801 69.042630747426301 19.459018582478166 19.487328978255391 71.392888923175633 11.250588410533963 65.837477682158351 16.017006790731102 17.373752268962562 19.963952684774995 25.86513633094728 16.53614689130336 26.912414652295411 36.212246101349592 131.69153708498925
leaf_count=16380 4514 407 484 1827 264 2916 571 708 744 648 339 699 2811 7975
internal_value=-9.18436e-05 0.00113996 0.0103655 0.0053093 -0.00110263 0 0.0128217 0.0196415 0.0283628 0.0402389 0.00959291 -0.00305654 -0.0040366 -0.00520642
internal_weight=1050.35 981.312 192.713 173.226 788.599 153.767 90.4704 74.4534 57.0797 37.1157 87.929 698.128 671.216 635.004
internal_count=41287 36773 5973 5489 30800 5082 2935 2364 1656 912 2166 27865 27166 24355
is_linear=0
shrinkage=0.05


Tree=55
num_leaves=15
num_cat=0
split_feature=141 148 137 137 43 41 92 146 136 28 35 0 67 35
split_gain=10.8065 10.6579 8.40231 10.7168 7.56647 15.704 6.54557 8.62894 5.67392 4.79252 8.92661 4.7403 5.0492 7.30217
threshold=18093.217950000002 41344.200900000011 521.10100000000011 1765.5000000000002 1.1332289622671177 0.021596407173868081 -1.0000000180025095e-35 -8.5163101615802166 3294.0120000000002 0.084599998896010234 17998.100585937504 1242.100036621094 0.033323652705701548 9979.0000000000018
decision_type=2 2 2 2 2 2 2 2 2 2 2 2 2 2
left_child=1 2 4 -4 5 6 9 -8 -5 -1 -11 -9 13 -13
right_child=-2 -3 3 8 -6 -7 7 11 -10 10 -12 12 -14 -15
leaf_value=0.0096337533402437794 -0.022664106605643893 -0.020880902721402542 -0.010465849936266362 0.028965651605863396 -0.021151315436361607 0.0418136173370297 0.023841969132403634 -0.019616784379754004 -0.0068287642068984959 0.0031546120773917395 -0.030976304707731741 0.021614988370279201 0.0094186291566735799 -0.0040155345021261283
leaf_weight=21.112633543089032 47.252884870395064 49.083263600245118 208.7978028357029 25.316706935875118 21.591468769591302 24.295172808691859 57.123348325490952 15.189437321852891 11.888852932490407 31.177483129315078 34.249416103586555 26.925901700742543 265.65753831388429 204.85771944280714
leaf_count=683 3099 5421 7911 806 989 785 1384 490 472 846 1431 805 8530 7460
internal_value=-0.000470934 0.000638563 0.00190868 -0.00587547 0.00472875 0.00577099 0.00405506 0.00605772 0.0168891 -0.00819442 -0.0149329 0.00376824 0.00476993 -0.000433362
internal_weight=1044.52 997.267 948.183 246.003 702.18 680.589 656.293 569.754 37.2056 86.5395 65.4269 512.631 497.441 231.784
internal_count=41112 38013 32592 9189 23403 22414 21629 18669 1278 2960 2277 17285 16795 8265
is_linear=0
shrinkage=0.05


Tree=56
num_leaves=15
num_cat=0
split_feature=141 103 66 35 71 71 31 141 43 155 124 137 87 137
split_gain=10.049 9.6891 7.65274 10.8694 8.26694 8.01318 7.4996 6.61913 6.4712 5.94056 5.57017 5.53697 5.96569 4.51588
threshold=18093.217950000002 9018.7500000000018 -3.3749181611983459 9862.3002929687518 52.209445585215612 25.95619438740589 11.500000000000002 3361.9000050000004 1.0218326960233624 -2.4909072893555235 2368.0000000000005 500.70001000000008 24090.000000000004 425.06299000000007
decision_type=2 2 2 2 2 2 2 2 2 2 2 2 2 2
left_child=1 2 3 9 6 8 7 -4 11 -1 13 -5 -13 -8
right_child=-2 -3 4 5 -6 -7 10 -9 -10 -11 -12 12 -14 -15
leaf_value=-0.0053423831517996449 -0.022073062671922362 -0.029349324306499315 0.0063992930377659617 0.00092017012865080105 -0.0085002736197318136 -0.016243643411600662 0.018883760069714525 -0.015669898623404354 0.023589844600497248 0.025700201835922667 -0.012825964215555291 0 -0.027550823258741308 0.0046340928715449207
leaf_weight=17.460448985919356 46.251917604357004 21.148698796052486 92.533702543005347 178.80227119941264 80.1740658194758 130.09540423704311 189.66057198960334 46.641180014237761 18.884869026020169 40.712547781411558 14.433998168446122 31.903732793405652 36.871610997244716 98.317798436619341
leaf_count=395 3099 2508 2297 5361 4570 7164 5302 1819 663 1446 587 1091 1470 3340
internal_value=-0.000452813 0.000604737 0.00145063 -0.00320318 0.00559339 -0.00629406 0.0083307 -0.000936816 -0.00104245 0.015906 0.0127043 -0.00354912 -0.015121 0.0143516
internal_weight=1043.89 997.641 976.492 454.731 521.761 396.558 441.587 139.175 266.462 58.173 302.412 247.578 68.7753 287.978
internal_count=41112 38013 35505 17590 17915 15749 13345 4116 8585 1841 9229 7922 2561 8642
is_linear=0
shrinkage=0.05


Tree=57
num_leaves=15
num_cat=0
split_feature=141 148 165 165 67 35 146 70 69 155 141 35 136 135
split_gain=9.32927 9.39505 7.40302 21.3261 8.65677 11.0431 7.53996 5.6378 5.57652 4.99082 4.80979 6.29904 9.33006 7.9832
threshold=18093.217950000002 44095.002000000008 1.1500731706619265 1.0218326449394228 0.033323652705701548 9862.3002929687518 -4.9556425455147721 19069.500000000004 4.5000000000000009 -2.4909072893555235 3361.9000050000004 95999.000000000015 946.30000000000007 1434.2000166666669
decision_type=2 2 2 2 2 2 2 2 2 2 2 2 2 2
left_child=1 2 3 4 5 9 8 10 -7 -1 -6 12 -12 -14
right_child=-2 -3 -4 -5 7 6 -8 -9 -10 -11 11 -13 13 -15
leaf_value=-0.0047359587153255811 -0.021488006625367553 -0.026361541867763821 -0.021979090467404674 0.039232500583353092 0.012088777824588117 0.0057896618621847791 -0.013069913024659234 -0.0068320044749012269 -0.023640177675721231 0.023725866659854201 -0.015189858896242159 0.029113529052249128 0.020143929967517276 -0.0076137652998896563
leaf_weight=17.178730444982648 45.29641657602042 26.225358875934035 27.20415098965168 32.606617897748947 241.28362884279341 114.91678386647254 234.43805940775201 73.57081049028784 13.348529166541992 40.534449935890734 70.791979956440628 13.095079234801231 53.614392733201385 39.441919158212841
leaf_count=389 3099 3205 1319 1061 5669 3643 9914 4014 671 1361 2855 247 2105 1560
internal_value=-0.000449746 0.000557379 0.00146602 0.00230586 0.000724754 -0.0044512 -0.00780227 0.00525036 0.00157967 0.0147546 0.00754953 0.000922793 -0.00182955 0.0080806
internal_weight=1043.55 998.25 972.025 944.821 912.214 420.417 362.703 491.798 128.265 57.7132 418.227 176.943 163.848 93.0563
internal_count=41112 38013 34808 33489 32428 15978 14228 16450 4314 1750 12436 6767 6520 3665
is_linear=0
shrinkage=0.05


Tree=58
num_leaves=15
num_cat=0
split_feature=141 148 26 34 153 71 31 163 0 31 156 153 67 156
split_gain=8.66306 8.80339 6.61512 6.87763 6.12253 8.71908 8.40984 9.01863 8.17651 8.11979 6.63387 5.83221 6.39678 5.62783
threshold=18093.217950000002 41916.600900000005 1.0000000180025095e-35 1.0000000180025095e-35 1532.7836918239166 21.627652292950035 17.000000000000004 1.0488095238095241 4933.5000000000009 15.500000000000002 0.34261028180803582 1809.702585775927 0.033323652705701548 0.23156947368421055
decision_type=2 2 2 2 2 2 2 2 2 2 2 2 2 2
left_child=1 2 3 4 6 10 7 9 -8 -1 -6 12 -7 -13
right_child=-2 -3 -4 -5 5 11 8 -9 -10 -11 -12 13 -14 -15
leaf_value=0.0007982978515352773 -0.020909386947370583 -0.020284710870675082 -0.013894194779380954 0.025629908897188802 0 -0.0040929227648524129 0.0022053334577895574 -0.022391127175575488 0.025492872931586696 -0.022653923633053685 0.041231085594433781 0.015032737376988745 0.034504200132327439 -0.013108399031849648
leaf_weight=420.96409084135666 44.384271088987589 43.094167034607381 58.347916633822024 27.040913830976933 16.880306646227837 13.930009367875753 160.5001596622169 52.07143608527258 47.333961036987603 35.167944149114192 27.988496094942093 18.930722820572555 19.169492616318166 57.223038498312235
leaf_count=13840 3099 5064 2148 842 333 539 5595 2695 1249 1630 718 613 656 2091
internal_value=-0.000440655 0.000518886 0.00160986 0.00274498 0.00183431 0.0107087 -6.7518e-05 -0.00360054 0.00821826 -0.00112748 0.0281424 0.00219311 0.0185428 -0.00500162
internal_weight=1043.03 998.643 955.548 897.201 870.16 154.122 716.038 508.203 207.834 456.132 44.8688 109.253 33.0995 76.1538
internal_count=41112 38013 32949 30801 29959 4950 25009 18165 6844 15470 1051 3899 1195 2704
is_linear=0
shrinkage=0.05


Tree=59
num_leaves=15
num_cat=0
split_feature=141 148 137 137 155 37 146 157 138 138 70 27 23 23
split_gain=8.0564 8.36486 6.37964 9.79848 7.47798 5.16635 7.09234 6.77122 8.59466 10.0196 11.445 6.58281 6.21407 6.68428
threshold=18093.217950000002 44095.002000000008 521.10100000000011 1765.5000000000002 6.6675078375816916 1.0000000180025095e-35 -9.7751492376943379 1.1000000000000003 23.913642157333751 338.01028187299113 7746.5000000000009 17785.000000000004 26998.300781250004 18502.000000000004
decision_type=2 2 2 2 2 2 2 2 2 2 2 2 2 2
left_child=1 2 5 -4 -5 6 -1 11 -9 -10 -11 12 13 -8
right_child=-2 -3 3 4 -6 -7 7 8 9 10 -12 -13 -14 -15
leaf_value=0.021112537958820964 -0.020337631979279333 -0.025402577608874023 -0.0099643377246832528 0.032914702466310085 -0.0066625592575899817 0.017114026604293064 0 0.033697371905586346 -0.014526387223384311 0.032493779972573217 -0.007651172262752623 -0.022718390291500246 0.0064000034777960029 -0.016538633330858653
leaf_weight=41.810460417531431 43.513468162622303 25.050614866893739 206.23827197402716 21.601316224783659 15.959639484062789 61.813485704828054 186.11154916090891 26.882787781767547 40.83128959685564 35.915523668751121 25.6916130091995 29.989993283525109 198.32114309305325 82.464651387184858
leaf_count=998 3099 3205 7911 662 616 1895 5714 625 1593 1311 1162 1439 7692 3190
internal_value=-0.000412859 0.000502455 0.00134644 -0.00550211 0.0161164 0.0037241 0.00229286 0.000799819 0.0108194 0.00306138 0.0156841 -0.00179009 -0.000113388 -0.00513482
internal_weight=1042.2 998.682 973.632 243.799 37.561 729.832 668.019 626.209 129.321 102.438 61.6071 496.887 466.897 268.576
internal_count=41112 38013 34808 9189 1278 25619 23724 22726 4691 4066 2473 18035 16596 8904
is_linear=0
shrinkage=0.05


Tree=60
num_leaves=15
num_cat=0
split_feature=86 31 27 90 14 23 22 5 70 81 35 22 0 83
split_gain=8.55211 9.98231 12.1073 6.44569 13.1035 8.47321 14.5263 9.54829 6.37237 6.22215 5.59237 8.41582 5.53663 4.92321
threshold=1.0000000180025095e-35 33.000000000000007 7979.0000000000009 1.5000000000000002 1.0000000180025095e-35 19998.400390625004 35601.500000000007 1.5000000000000002 12402.500000000002 1.0000000180025095e-35 30796.700195312504 25803.000000000004 2737.3000488281255 1.0000000180025095e-35
decision_type=2 2 2 2 2 2 2 2 2 2 2 2 2 2
left_child=1 3 9 4 -1 7 10 13 12 -3 11 -7 -2 -5
right_child=8 2 -4 5 -6 6 -8 -9 -10 -11 -12 -13 -14 -15
leaf_value=-0.010002417297614067 0.0122938411063825 0.049533712890203724 -0.014374849965936751 -0.010314566809566647 0.026855392510581208 0.0093008195567046252 -0.0021019736822328531 0.034114396950475863 -0.028700283482465012 0.003564155973437014 -0.00021267915252095589 0.035747008913224333 -0.020762618623953625 0.0048324400867219217
leaf_weight=266.51674454798922 25.653529736679047 22.314310308545828 12.60784104047343 200.4180365675129 21.068464167416096 78.199399805627763 183.74529040977359 10.117885786108671 40.36995272571221 14.642830854281781 29.868875405285507 59.780875258147717 16.375702956225723 64.156812453642488
leaf_count=13483 1093 473 566 5924 735 2657 7016 244 3134 509 1143 1941 818 1555
internal_value=-0.000664647 0.00064089 0.0214401 -0.000543294 -0.00671854 0.00224387 0.00739045 -0.0041791 -0.0156649 0.035107 0.0178313 0.0219579 -0.000360753 -0.00643458
internal_weight=1045.84 963.437 49.565 913.872 287.585 626.287 351.594 274.693 82.3992 36.9571 167.849 137.98 42.0292 264.575
internal_count=41291 36246 1548 34698 14218 20480 12757 7723 5045 982 5741 4598 1911 7479
is_linear=0
shrinkage=0.05


Tree=61
num_leaves=15
num_cat=0
split_feature=156 162 163 26 35 141 105 70 30 19 156 87 23 23
split_gain=9.40968 7.90647 6.04552 6.97216 7.26261 7.68249 8.42697 7.80434 7.38657 5.58834 5.58666 7.73083 4.96523 13.4086
threshold=2.6164166666666673 40000.000000000007 0.50131578947368427 1.0000000180025095e-35 10903.000000000002 2507.9000200000005 1.0000000180025095e-35 11583.000000000002 1.0000000180025095e-35 1.0000000180025095e-35 0.77589444444444455 21900.000000000004 31996.200195312504 26149.100585937504
decision_type=2 2 2 2 2 2 2 2 2 2 2 2 2 2
left_child=1 2 -1 4 -4 6 9 8 12 -6 11 -8 13 -7
right_child=-2 -3 3 -5 5 7 10 -9 -10 -11 -12 -13 -14 -15
leaf_value=0.01784069395572804 0.021745691125747941 -0.013587830220718914 -0.0090525807891169863 -0.017961827590745282 0 0.0014549716346917022 0.044765242890802075 -0.021087357312236606 -0.018814992879539111 0.021062482917706044 -0.006136765613934724 0.0078085802503953007 -0.0048225582422966595 0.039606374256639848
leaf_weight=40.052731232717633 39.768317952752113 116.93757739244029 161.41026278585196 51.338815359864384 222.74446199741215 112.38110015448183 29.833345171995461 44.737141168676317 36.621477214619517 32.499154664576054 10.21795490849763 34.909619888290763 85.910180706530809 25.177141798660159
leaf_count=1599 1476 6886 5222 2170 7976 4006 654 2699 1874 1100 249 808 3581 991
internal_value=-0.000611684 -0.00164939 0 -0.000952659 0.000186588 0.00266546 0.00793647 -0.00291892 0.000356354 0.00319996 0.0222305 0.0275434 0.00405996 0.00993274
internal_weight=1044.54 1004.77 887.833 847.781 796.442 635.032 330.205 304.827 260.09 255.244 74.9609 64.743 223.468 137.558
internal_count=41291 39815 32929 31330 29160 23938 10787 13151 10452 9076 1711 1462 8578 4997
is_linear=0
shrinkage=0.05


Tree=62
num_leaves=15
num_cat=0
split_feature=156 69 163 161 71 153 23 87 125 66 0 31 0 163
split_gain=8.51422 8.59654 6.13001 5.97317 10.1338 8.2172 6.53957 8.58528 5.19025 8.76913 8.96832 9.69762 4.95567 4.4105
threshold=2.3992000000000004 4.5000000000000009 0.50131578947368427 1.0000000180025095e-35 24.12594113620808 1809.702585775927 9775.0000000000018 39100.000000000007 555.30000000000007 -3.3749181611983459 2887.099975585938 23.000000000000004 4736.0002441406259 0.83723057644110288
decision_type=2 2 2 2 2 2 2 2 2 2 2 2 2 2
left_child=1 2 -1 6 5 -5 -4 8 9 -8 13 -12 -2 -11
right_child=12 -3 3 4 -6 -7 7 -9 -10 10 11 -13 -14 -15
leaf_value=0.01819443988396531 -0.0019273578972011042 -0.014356458317715407 -0.014892558896661504 0.03740520681345768 -0.01254490604566663 -0.0062957282071261743 0.00080005675743920538 -0.0042016064500449051 -0.0052825199203481764 0.00075937469470618673 -0.010069186701637034 0.032084694188350853 0.027696744382406997 0.031641093571625353
leaf_weight=39.085160546470433 16.149076759349555 112.9679541750811 49.450233335606754 15.597592674195765 188.1975584696047 16.706107809208333 132.30223449226469 226.42561477050185 52.742667159065604 17.429393431171775 42.354716476518661 13.995138048660008 35.556024506222457 84.526371952146292
leaf_count=1529 723 6770 1180 358 10495 424 4397 7815 1805 491 1477 429 1198 2200
internal_value=-0.000567388 -0.00168282 0 -0.00093037 -0.00793718 0.01565 0.00152819 0.00315747 0.00814466 0.0107988 0.0185687 0.00134686 0.0182084 0.0271116
internal_weight=1043.49 991.781 878.813 839.728 220.501 32.3037 619.226 569.776 343.351 290.608 158.306 56.3499 51.7051 101.956
internal_count=41291 39370 32600 31071 11277 782 19794 18614 10799 8994 4597 1906 1921 2691
is_linear=0
shrinkage=0.05


Tree=63
num_leaves=15
num_cat=0
split_feature=159 31 30 26 43 24 22 156 144 156 87 158 45 31
split_gain=7.91102 10.0445 11.5156 8.53212 6.69019 7.57819 6.39242 8.51505 8.05726 7.17894 6.1727 5.81508 8.15076 5.80587
threshold=78999.500000000015 33.000000000000007 1.0000000180025095e-35 1.0000000180025095e-35 1.2091287595505815 1457.9000244140627 35981.000000000007 2.4908055094130681 0.99999983973588746 -2.5701570157015694 52002.000000000007 -4.3991556307284485 -3779.099975585937 23.000000000000004
decision_type=2 2 2 2 2 2 2 2 2 2 2 2 2 2
left_child=1 3 -3 4 5 6 8 11 9 10 -1 12 -8 -7
right_child=-2 2 -4 -5 -6 13 7 -9 -10 -11 -12 -13 -14 -15
leaf_value=0.026190526358347718 -0.016654809103619956 0.036216502765453046 -0.012276949807724273 -0.019084215137275616 -0.024863882714736194 0.0040031385406113775 -0.010911808369170184 0.017114968533045852 0.027214464020428198 -0.00028847928745899011 -0.0075700280513112984 -0.014262719349584244 0.034158318166255565 0.046328564660278397
leaf_weight=44.123235023580492 66.094492572359741 34.080190306529403 12.967844778206198 53.382721489761025 19.820109911262989 24.617826296947896 18.429677681997422 26.483552903868258 27.936322947498411 511.42154114088044 13.30284195486456 166.77734018582851 11.838188097346572 11.137153158430008
leaf_count=1343 3294 832 619 2347 1164 1013 882 1057 1084 18255 505 8150 419 327
internal_value=-0.000525805 0.000594435 0.0219942 -0.000547408 0.000627504 0.00141671 0.000307411 -0.00674606 0.00306651 0.00156668 0.017589 -0.0105447 0.00764163 0.0224801
internal_weight=1042.41 976.319 47.048 929.271 875.888 856.068 820.313 223.529 596.784 568.848 57.4261 197.045 30.2679 35.755
internal_count=41291 37997 1451 36546 34199 33035 31695 10508 21187 20103 1848 9451 1301 1340
is_linear=0
shrinkage=0.05


Tree=64
num_leaves=15
num_cat=0
split_feature=160 26 68 137 0 25 25 25 22 123 0 70 35 66
split_gain=7.54199 6.90188 7.49705 7.20066 13.2137 9.52142 15.2301 17.5978 15.0415 8.41256 7.2568 6.42299 6.22856 5.12383
threshold=1.0000000180025095e-35 1.0000000180025095e-35 78100.000000000015 1800.0690500000003 4736.0002441406259 0.40534999966621404 0.42249999940395361 0.44290000200271612 38198.099609375007 829.40833333333342 1381.5000000000002 14382.500000000002 101789.80078125001 -3.3749181611983459
decision_type=2 2 2 2 2 2 2 2 2 2 2 2 2 2
left_child=1 2 3 5 -5 9 8 -8 -7 10 -1 -11 13 -12
right_child=-2 -3 -4 4 -6 6 7 -9 -10 11 12 -13 -14 -15
leaf_value=-0.01247850685771916 -0.016419592529596808 -0.014874627527732862 -0.016319360751255056 0 0.053262287824463121 0.013353296415521796 -0.021217446642005575 0.0097210501309402588 0.070616072428697399 -0.019195712552403568 -0.0003949496419600027 0.014708838924868101 -0.024552008983931641 0.011923276575455491
leaf_weight=76.13678535958752 64.55451905913651 61.584662149660289 48.269656579010189 28.91038857633248 14.727326198481022 54.176428493112326 54.551913884468377 192.1403728867881 12.449901260901241 93.728806358762085 155.79285840224475 10.808584250975398 12.439548884052781 161.07693810900673
leaf_count=2188 4494 2735 2256 1310 478 1582 2729 6659 366 3784 6401 554 329 5426
internal_value=-0.000484589 0.000595856 0.00176637 0.0029185 0.0217126 0.00173693 0.0085616 0.00239527 0.0289341 -0.00240126 0.000794341 -0.0147223 0.00415334 0.00579948
internal_weight=1041.35 976.794 915.21 866.94 43.6377 823.302 313.319 246.692 66.6263 509.984 405.446 104.537 329.309 316.87
internal_count=41291 36797 34062 31806 1788 30018 11336 9388 1948 18682 14344 4338 12156 11827
is_linear=0
shrinkage=0.05


Tree=65
num_leaves=15
num_cat=0
split_feature=146 142 41 24 122 47 25 0 25 104 41 31 141 79
split_gain=10.2741 7.53745 5.76443 8.92201 8.2638 8.12499 7.66355 7.05354 6.95981 6.15803 5.67484 5.25407 5.61485 4.67052
threshold=2.160053243249751 9.5000000000000018 0.29476237357678453 1457.9000244140627 74.40000000000002 0.030940902572632083 0.084599998896010234 4573.9001464843759 0.44859999418258673 1.5000000000000002 0.13173981606205057 17.000000000000004 4700.1000500000009 1.0000000180025095e-35
decision_type=2 2 2 2 2 2 2 2 2 2 2 2 2 2
left_child=1 2 3 5 10 6 -1 13 -8 11 -5 12 -9 -7
right_child=-2 -3 -4 4 -6 7 8 9 -10 -11 -12 -13 -14 -15
leaf_value=0.0089052803625605786 -0.023221520553715409 -0.013445833923243267 -0.023797230045191083 0.05321319748273512 -0.0072934245001917202 0.0039968167141698997 -0.021525079585537073 0.020492614289349717 0.0046788945678128786 -0.0012228243184281519 0.0070877675586886422 0.032891428817714938 -0.0082624705391261561 -0.011764219139106281
leaf_weight=45.224951931275427 35.472870600875467 63.817350381519645 13.403846037574111 17.543511515017599 10.726685890462248 541.26734869554639 81.346232525538653 34.31541786249727 29.66395017132163 36.967393015976995 16.042762136552483 48.130213845521212 23.097028575371951 45.328383705578744
leaf_count=1597 4529 3820 733 547 380 16874 3440 1024 1114 2110 620 1222 1354 2035
internal_value=0.00137756 0.00240408 0.00359465 0.00416828 0.025025 0.00293353 -0.00712719 0.00519134 -0.014192 0.015048 0.0362502 0.0209969 0.00838815 0.00260525
internal_weight=1042.35 1006.88 943.058 929.654 44.313 885.341 156.235 729.106 111.01 142.51 33.5863 105.543 57.4124 586.596
internal_count=41399 36870 33050 32317 1547 30770 6151 24619 4554 5710 1167 3600 2378 18909
is_linear=0
shrinkage=0.05


Tree=66
num_leaves=15
num_cat=0
split_feature=78 155 148 69 47 155 23 0 0 24 121 71 156 25
split_gain=12.6486 8.86689 8.56069 5.52825 5.75338 7.40568 8.37579 6.15867 6.02294 5.8335 5.12528 5.52248 5.84902 5.01063
threshold=1.0000000180025095e-35 7.1501986451452604 41916.600900000005 4.5000000000000009 0.030940902572632083 -5.4723073845285493 9998.8999023437518 1205.5000000000002 4776.5000000000009 6.5000000000000009 4.5000000000000009 20.876112251882276 0.5976076923076924 0.29694999754428869
decision_type=2 2 2 2 2 2 2 2 2 2 2 2 2 2
left_child=2 -2 3 4 9 7 -7 -6 -8 -1 11 -3 -13 -10
right_child=1 10 -4 -5 5 6 8 -9 13 -11 -12 12 -14 -15
leaf_value=-0.012707356666021664 0.034394506393481343 0.033970635497597317 -0.022387178950005367 -0.014480408573733273 0.0068117759056131573 0.031404772486027681 0.00059111626685556427 -0.016041007109955225 -0.0022964115330543844 0.019488279271043144 -0.012818773096576922 0.014197700325972139 -0.005044234060813598 0.020267671940702718
leaf_weight=108.0140544665046 32.822143303230405 17.276621093042195 41.374163831118494 57.835014892742038 38.917915944010019 25.535934716463089 357.78905701031908 76.686836957000196 28.169602232053876 10.452538774348794 22.34281481988728 85.814052724279463 61.408333503175527 78.950855375733227
leaf_count=4305 984 291 5176 3469 946 745 12815 2276 1062 431 1177 2757 2266 2699
internal_value=0.00130298 0.0118466 -0.00150287 -0.00019976 0.000963097 0.00300722 0.00574986 -0.00796967 0.00391515 -0.00878753 0.00683178 0.0100952 0.00594112 0.0140502
internal_weight=1043.39 219.664 823.726 782.352 724.517 606.05 490.445 115.605 464.91 118.467 186.842 164.499 147.222 107.12
internal_count=41399 7475 33924 28748 25279 20543 17321 3222 16576 4736 6491 5314 5023 3761
is_linear=0
shrinkage=0.05


Tree=67
num_leaves=15
num_cat=0
split_feature=83 146 121 124 87 90 137 28 137 146 159 153 141 146
split_gain=13.2883 7.20499 4.7804 7.24074 6.44307 4.52841 7.47095 6.34637 4.03561 5.33607 3.97176 6.42404 4.70372 4.37017
threshold=1.0000000180025095e-35 2.3996680865547977 4.5000000000000009 1834.5000000000002 77450.000000000015 1.5000000000000002 457.60001000000005 0.21499999612569812 896.71802500000001 -4.4451853696894581 29375.299700000003 2123.8699202602106 3399.9000000000005 -7.0749308034950857
decision_type=2 2 2 2 2 2 2 2 2 2 2 2 2 2
left_child=1 2 3 -1 -4 7 10 -2 -8 -10 -7 13 -13 -12
right_child=5 -3 4 -5 -6 6 8 -9 9 -11 11 12 -14 -15
leaf_value=-0.0005457421408988785 -0.01577510004923444 -0.028456589142253727 -0.016366401115721192 0.027335775112952199 0.017073011425354858 0.0040907300956091837 -0.012220527922898227 0.010089478706887848 -0.0086512879734591333 0.025797236325890739 0.00057520273745311379 -0.01356658772155692 0.023971785379652506 0.042094147439825223
leaf_weight=636.93574527930468 29.606603037100285 20.161811322905123 84.758633622899652 19.104313102085143 11.537043106742201 29.57257139403373 26.546737269032747 68.20314828818664 13.533644509036092 21.057684998493642 10.120284065604208 12.805304083973171 10.062472277786581 50.047848293092102
leaf_count=22834 1427 2879 4399 686 459 1027 1042 3083 484 890 241 250 348 1350
internal_value=0.00125039 -0.00205033 -0.00109345 0.000391169 -0.0112215 0.0106881 0.0154587 0.0013876 0.000398539 0.0116661 0.0228456 0.0283453 0.00249453 0.0364578
internal_weight=1044.05 772.498 752.336 656.04 96.2957 271.556 173.747 97.8098 61.1381 34.5913 112.608 83.0359 22.8678 60.1681
internal_count=41399 31257 28378 23520 4858 10142 5632 4510 2416 1374 3216 2189 598 1591
is_linear=0
shrinkage=0.05


Tree=68
num_leaves=15
num_cat=0
split_feature=146 25 31 22 0 155 81 46 71 138 79 105 157 153
split_gain=8.6314 5.81956 10.055 7.41368 7.09459 6.25168 11.6769 10.0536 8.10718 7.7638 6.83118 5.17715 6.54569 5.10022
threshold=2.160053243249751 0.39499999582767492 33.000000000000007 114688.90234375001 1963.5000000000002 -2.0383242698884341 1.0000000180025095e-35 -3.4448715673324837 24.12594113620808 113.16854249492383 1.0000000180025095e-35 3377.8000000000006 866.70001666666678 2123.8699202602106
decision_type=2 2 2 2 2 2 2 2 2 2 2 2 2 2
left_child=1 2 3 4 -1 11 7 -7 -8 -10 -9 12 -3 -6
right_child=-2 5 -4 -5 13 6 8 10 9 -11 -12 -13 -14 -15
leaf_value=-0.011273394687966981 -0.021900623207232586 0 0.035614328868282696 -0.032283283478623206 0.0052726625924427251 -0.007438402815944125 0.023200621327693783 0.026997693456651359 0.001558006649012464 -0.024007935788005905 -0.0056388314991587182 -0.013152667888915816 0.034849631588057366 -0.015853923462391947
leaf_weight=135.05657787388191 33.623053049203008 150.85484200296924 11.603920667432247 17.077362725511193 228.96344345342368 26.313831245992333 28.689277298748493 133.8971158596687 135.83287901245058 31.898435941897333 13.597727543674408 60.577786458656192 10.024201799184082 26.869678004644811
leaf_count=4203 4529 4130 141 434 9286 959 810 3889 6509 1860 576 2741 239 1093
internal_value=0.0011961 0.00211721 -0.00228926 -0.00390659 -0.00214848 0.00531868 0.00926709 0.0185232 0.000571816 -0.00356876 0.0235748 -0.00112029 0.00336887 0.00260071
internal_weight=1044.88 1011.26 419.571 407.967 390.89 591.686 370.229 173.809 196.421 167.731 147.495 221.457 160.879 255.833
internal_count=41399 36870 15157 15016 14582 21713 14603 5424 9179 8369 4465 7110 4369 10379
is_linear=0
shrinkage=0.05


Tree=69
num_leaves=15
num_cat=0
split_feature=78 155 148 69 46 155 0 41 22 0 121 22 45 155
split_gain=10.6653 7.58031 7.5218 5.05242 4.97849 6.14149 5.72817 5.43397 5.06254 4.78867 4.55545 5.04436 6.09339 5.22343
threshold=1.0000000180025095e-35 7.1501986451452604 41916.600900000005 4.5000000000000009 -3.4448715673324837 -5.4723073845285493 1205.5000000000002 0.00037111818481400983 9999.8999023437518 4776.5000000000009 4.5000000000000009 43998.400390625007 -1425.3000488281248 14.475479370556773
decision_type=2 2 2 2 2 2 2 2 2 2 2 2 2 2
left_child=2 -2 3 4 7 6 -6 -1 -7 -10 11 12 13 -3
right_child=1 10 -4 -5 5 8 -8 -9 9 -11 -12 -13 -14 -15
leaf_value=-0.012153565193386787 0.031182362431189572 0.0029446761161970852 -0.021404225238316619 -0.014004776034891567 0.0068293727815348345 0.026199341790090105 -0.015274324071480922 0.01878384164968229 0.00080452499522756121 0.012684603086405486 -0.012524286126203186 -0.0098680687064152395 -0.0032419483577186374 0.027225434844980245
leaf_weight=106.48726566322148 34.116401623934507 41.816026041284204 39.819546742830426 57.046752833761275 38.900880143977702 23.080400625243783 75.087110841646791 10.600918675772844 360.8621592358686 110.80292721232399 22.135847237892449 23.215031232219189 37.390311514027417 64.560718181077391
leaf_count=4306 984 1303 5176 3469 946 660 2276 430 12874 3787 1177 959 1005 2047
internal_value=0.00112377 0.0107158 -0.0014676 -0.000260687 0.000839553 0.00272999 -0.00734075 -0.00828846 0.00520054 0.00380405 0.006058 0.00910457 0.012733 0.0186904
internal_weight=1045.92 223.234 822.688 782.868 725.822 608.733 113.988 117.088 494.745 471.665 189.118 166.982 143.767 106.377
internal_count=41399 7475 33924 28748 25279 20543 3222 4736 17321 16661 6491 5314 4355 3350
is_linear=0
shrinkage=0.05


Tree=70
num_leaves=15
num_cat=0
split_feature=23 20 136 19 156 31 157 146 165 66 146 70 148 20
split_gain=6.44237 10.2573 9.45988 9.59192 9.36514 9.01027 6.27385 6.74363 6.87224 5.94796 6.17298 5.64468 5.62367 4.98817
threshold=14333.899902343752 1.5000000000000002 1042.2920500000002 1.0000000180025095e-35 0.38455256410256416 25.000000000000004 4136.7253333333347 -5.950014897583416 0.76998966932296764 -3.3749181611983459 -3.16233907865238 7960.5000000000009 1.0000000180025095e-35 1.5000000000000002
decision_type=2 2 2 2 2 2 2 2 2 2 2 2 2 2
left_child=1 4 3 -2 -1 12 7 -4 -9 10 11 -10 -5 -11
right_child=2 -3 6 5 -6 -7 -8 8 9 13 -12 -13 -14 -15
leaf_value=0.0049541211926638611 -0.0084821457819712932 -0.014365467149771279 -0.011512420743740457 0.011653849002628128 0.029575056915727232 0.041206865085743977 -0.021089002913504171 -0.010257330064161383 0.03149004780913249 0.016520277772001286 -0.0091277203947430184 -0.0046817447940567802 -0.015258947143457685 0.051149423195718635
leaf_weight=181.10951704205945 485.51608775090426 42.689696793444455 27.553768940269947 44.231081933714449 48.09628991689533 12.706240761559455 13.289387088734655 21.743752585723996 22.736345539800823 65.801781881134957 33.68683304823935 12.292301495559512 26.752999809570611 14.11342475004494
leaf_count=5129 20560 1252 1196 1421 1802 410 860 931 934 2591 1758 720 1422 545
internal_value=0 0.00652683 -0.00234262 -0.00573277 0.0108551 0.00923249 0.0064835 0.00905518 0.0129 0.0168368 0.00460335 0.0185482 0.000516085 0.0258765
internal_weight=1052.32 271.896 780.424 569.206 229.206 83.6903 211.218 197.928 170.374 148.631 68.7155 35.0286 70.9841 79.9152
internal_count=41531 8183 33348 23813 6931 3253 9535 8675 7479 6548 3412 1654 2843 3136
is_linear=0
shrinkage=0.05


Tree=71
num_leaves=15
num_cat=0
split_feature=23 20 156 163 90 110 135 157 134 138 135 23 135 27
split_gain=5.79216 9.33972 8.19612 8.27079 7.62421 6.80531 5.24461 7.90884 7.6567 6.76653 7.18656 6.02669 5.66758 5.52883
threshold=14333.899902343752 1.5000000000000002 0.38455256410256416 0.85620300751879708 1.5000000000000002 1.0000000180025095e-35 2063.8033510000009 4136.7253333333347 8602.930150000002 409.61834889141312 1220.1133846666669 22798.100585937504 1062.5833416666667 23641.900390625004
decision_type=2 2 2 2 2 2 2 2 2 2 2 2 2 2
left_child=1 2 3 -1 5 -2 8 -8 9 11 -11 12 -6 -13
right_child=4 -3 -4 -5 6 -7 7 -9 -10 10 -12 13 -14 -15
leaf_value=-0.022642646419405076 -0.013129934937414382 -0.013888427137937418 0.027542542999944339 0.0086831261904294181 -0.013655832792599404 0.0090538004785094602 0.024757782817036375 -0.015850920423250238 -0.02277626822305074 0.03346796949665129 -0.0037669189130780617 0.0054689596854496439 0.017524012722690812 -0.016116485171163316
leaf_weight=18.604303570464253 204.33621654985473 42.134332788176835 49.397483056876808 163.31618954380974 113.40349849080667 34.963698640000075 42.890392455738038 10.591240783222018 31.229095613583922 26.034004144370556 16.947232311125845 259.36358467303216 10.954652735963462 27.716156473848969
leaf_count=571 10637 1252 1802 4558 3776 2834 1915 691 1862 886 566 8371 372 1438
internal_value=0 0.00617941 0.0102628 0.00469208 -0.00221615 -0.00956508 0.0010118 0.0151932 -0.000586931 0.00106044 0.0188818 -0.000885569 -0.00995151 0.00297359
internal_weight=1051.88 273.452 231.318 181.92 778.43 239.3 539.13 53.4816 485.648 454.419 42.9812 411.438 124.358 287.08
internal_count=41531 8183 6931 5129 33348 13471 19877 2606 17271 15409 1452 13957 4148 9809
is_linear=0
shrinkage=0.05


Tree=72
num_leaves=15
num_cat=0
split_feature=25 25 25 35 136 71 137 79 157 31 158 87 158 71
split_gain=5.76893 13.7717 13.9176 15.3943 11.9253 7.01917 8.78919 5.76576 6.60432 5.60268 5.57336 5.55621 6.31639 5.3933
threshold=0.44859999418258673 0.41899999976158148 0.40534999966621404 39497.000000000007 1080.9000000000003 52.5448323066393 432.70001000000008 1.0000000180025095e-35 3904.9884833333335 13.000000000000002 90.751078304543043 54100.000000000007 6.0452427948043761 34.626967830253257
decision_type=2 2 2 2 2 2 2 2 2 2 2 2 2 2
left_child=1 2 4 -4 10 6 9 8 11 -2 -1 12 13 -6
right_child=5 -3 3 -5 7 -7 -8 -9 -10 -11 -12 -13 -14 -15
leaf_value=-0.0076804569361329129 0.011454596733814106 -0.021431774225828402 0.0064360277900884603 0.060025495617345472 0.030824006946402718 -0.0063578066778532047 -0.0047771692508885343 -0.012895804254934268 -0.017155572013969535 0.038182942026769445 0.019220656715925325 -0.0047966100998758036 -0.00066544546562064672 -0.0026374902527529125
leaf_weight=452.99369054567069 114.20009430870414 78.104186862707138 65.296207927167416 13.477218949701635 76.894642498344183 71.537651525810361 54.528818043880165 19.899957980960608 11.209109471645204 25.258679705671966 14.435502033680676 20.839929256122559 23.05684488452971 10.092488248832522
leaf_count=17684 3419 4156 1974 356 3044 4073 1938 1170 700 573 294 841 725 584
internal_value=0 -0.00217472 1.43211e-05 0.0192368 -0.00244525 0.0062832 0.0112388 0.00893881 0.0126711 0.0177958 -0.00654921 0.0161307 0.0205647 0.0264658
internal_weight=1051.83 786.3 708.196 78.7734 629.422 265.525 193.988 161.993 142.093 139.459 467.429 130.884 110.044 86.9871
internal_count=41531 31528 27372 2330 25042 10003 5930 7064 5894 3992 17978 5194 4353 3628
is_linear=0
shrinkage=0.05


Tree=73
num_leaves=15
num_cat=0
split_feature=41 23 136 19 31 157 45 106 43 156 163 137 137 31
split_gain=5.60852 5.51869 7.58387 8.72909 7.99465 6.17253 6.38001 7.1222 6.58677 6.00176 7.18294 5.7635 13.2877 6.90487
threshold=0.28509019671356667 14333.899902343752 1042.2920500000002 1.0000000180025095e-35 25.000000000000004 4136.7253333333347 -1683.4000244140623 7.5000000000000009 0.76998967299973897 0.38455256410256416 0.85620300751879708 163.70000000000002 521.10100000000011 17.000000000000004
decision_type=2 2 2 2 2 2 2 2 2 2 2 2 2 2
left_child=1 9 3 -3 -5 6 7 8 -4 10 -1 -10 -13 -14
right_child=-2 2 5 4 -6 -7 -8 -9 11 -11 -12 12 13 -15
leaf_value=-0.022500818549318159 -0.025344530286916529 -0.0074175126574585089 -0.0079533706180534118 0.0011052169901203733 0.039365691616185153 -0.021971448155475182 -0.011305703705484633 -0.0095533089589289657 -0.0088144491755029596 0.02049886809270576 0.0056859444981126024 0.059175205522637477 0.0044226731957450749 0.033382556611972147
leaf_weight=20.181833391543478 16.405994448810816 471.64890449866652 18.007837966550142 70.1064547682181 13.044920056592671 12.23734116181731 27.369217630941421 25.010778432711959 10.117123564705251 56.638155192136765 192.57444107765332 18.424587999470532 70.876261179801077 28.8187759174034
leaf_count=617 1043 20078 717 2794 408 837 1173 1613 338 1957 5297 663 3101 895
internal_value=0 0.000510711 -0.00160788 -0.00471988 0.00956718 0.00626818 0.00875037 0.0124691 0.0167573 0.00663387 0.00232731 0.0207708 0.023966 0.0144661
internal_weight=1051.46 1035.06 765.662 554.8 83.1514 210.862 198.625 171.255 146.245 269.394 212.756 128.237 118.12 99.695
internal_count=41531 40488 32617 23280 3202 9337 8500 7327 5714 7871 5914 4997 4659 3996
is_linear=0
shrinkage=0.05


Tree=74
num_leaves=15
num_cat=0
split_feature=103 25 25 25 35 121 141 138 35 137 70 31 35 106
split_gain=5.50212 5.49211 13.1428 11.67 14.3902 9.35667 6.97631 7.63806 7.61316 5.07628 9.00195 5.56617 5.42242 5.12865
threshold=11552.000500000002 0.44859999418258673 0.41899999976158148 0.40534999966621404 39497.000000000007 5.5000000000000009 10320.214000000002 179.97104938070376 108996.19921875001 432.70001000000008 17912.500000000004 13.000000000000002 11590.100097656252 2.5000000000000004
decision_type=2 2 2 2 2 2 2 2 2 2 2 2 2 2
left_child=1 2 3 5 -5 6 8 -8 -1 10 11 12 -3 -14
right_child=-2 9 -4 4 -6 -7 7 -9 -10 -11 -12 -13 13 -15
leaf_value=-0.00025314043728872292 -0.027657267077792619 0.024711306703203997 -0.020840818042720206 0.0055800473550170517 0.056778070787895055 -0.018066833972700955 0.039682489587839681 0.0020851269957466883 -0.034633990827608888 -0.0054253105570871776 -0.0035630934084661201 0.038528330366380564 -0.0044088444274962375 0.026002945448830195
leaf_weight=475.41844927566126 12.689742819871752 41.651659598574042 74.888385087717324 65.436825886368752 13.972893254831432 72.40589399356395 17.399197728838772 43.632029718719423 11.803333868272601 58.636373309418559 68.997674304060638 24.020961509086192 57.754328110255301 12.479918752331285
leaf_count=16326 1962 1052 3876 1935 332 3923 634 2628 316 2143 3668 519 1693 524
internal_value=0 0.000463294 -0.00161093 0.000508441 0.0180108 -0.00177701 0.000427797 0.0157541 -0.00153098 0.00666528 0.0104102 0.0177338 0.0113844 0.00169943
internal_weight=1051.19 1038.5 774.957 700.069 79.4097 620.659 548.253 61.0312 487.222 263.541 204.905 135.907 111.886 70.2342
internal_count=41531 39569 29970 26094 2267 23827 19904 3262 16642 9599 7456 3788 3269 2217
is_linear=0
shrinkage=0.05


Tree=75
num_leaves=15
num_cat=0
split_feature=34 161 70 153 158 137 158 88 135 153 124 136 141 25
split_gain=5.10387 4.93374 8.64941 8.71896 8.26212 6.1603 4.66544 5.63523 5.05818 4.30583 4.25542 5.4095 5.92186 4.25009
threshold=1.0000000180025095e-35 1.0000000180025095e-35 9056.5000000000018 452.81534419317853 -5.0000000250024996 796.60000000000002 3.7259602621263648 97100.000000000015 716.6933333333335 370.05564647300918 859.90000000000009 1165.6500500000002 1294.1020000000001 0.38849999010562902
decision_type=2 2 2 2 2 2 2 2 2 2 2 2 2 2
left_child=1 4 10 9 -1 6 7 -6 -8 -4 11 12 -3 -2
right_child=13 2 3 -5 5 -7 8 -9 -10 -11 -12 -13 -14 -15
leaf_value=0.014492633527048292 0.035009348239869488 0.0065357405017435104 -0.002317783188780894 -0.014167930754715849 -0.0023231858579198716 -0.010730638179174228 0.0026254216201568527 0.022563011111320301 0.031703294497431353 0.026731304814712614 -0.012101734567762932 -0.0084029598573704487 0.051371809069853815 0
leaf_weight=91.008171281311661 12.747073125559835 23.479272300377488 24.736345234327018 228.68126403400674 376.87140710558742 129.83545310888439 53.203696347773075 19.049614877905697 19.411047956906259 15.587716014590113 10.19343383098021 10.105329926125703 10.542779671959577 19.54195206053555
leaf_count=2493 429 457 1666 13222 12870 4977 1339 655 578 1042 426 366 339 701
internal_value=-0.000794964 -0.00150224 -0.00656533 -0.010326 0.000830575 -0.00126734 0.00133505 -0.000734625 0.0125842 0.00951843 0.0105157 0.017458 0.0265131 0.0172739
internal_weight=1044.99 1012.71 323.326 269.005 689.379 598.371 468.536 395.921 72.6147 40.3241 54.3208 44.1274 34.0221 32.289
internal_count=41560 40430 17518 15930 22912 20419 15442 13525 1917 2708 1588 1162 796 1130
is_linear=0
shrinkage=0.05


Tree=76
num_leaves=15
num_cat=0
split_feature=34 81 71 153 158 137 84 87 123 0 158 135 138 109
split_gain=4.68176 4.47826 7.9462 8.05967 7.37894 5.66661 4.39386 5.62539 5.01725 4.41219 4.67987 4.19047 4.05558 4.58903
threshold=1.0000000180025095e-35 1.0000000180025095e-35 24.795345653661879 452.81534419317853 -5.0000000250024996 796.60000000000002 1.0000000180025095e-35 97100.000000000015 813.63334000000009 1242.100036621094 25.475794377930246 2294.8416783333337 273.80688869787747 1.0000000180025095e-35
decision_type=2 2 2 2 2 2 2 2 2 2 2 2 2 2
left_child=1 4 12 -4 -1 6 7 -6 9 -8 -11 -7 13 -3
right_child=-2 2 3 -5 5 11 8 -9 -10 10 -12 -13 -14 -15
leaf_value=0.013632891332320868 0.01648930721295928 0.029868821788101907 0.0090469570563610543 -0.013656112734256513 -0.003424298881862688 -0.016116076085893934 -0.0064812180610349301 0.02131553958855166 -0.0056839458476793444 0.025001779943511094 -0.0025250615101749126 0.0020796837298340098 -0.01200278648306336 0
leaf_weight=92.193983940873295 32.688937303144485 23.490985567681491 40.670271546579897 225.65545819373801 320.48330833716318 89.293817806057632 14.315752085763959 19.438609215430915 34.577661296352744 65.368918544147164 14.626656339503823 39.285202478524297 10.211394261568783 21.065678069368005
leaf_count=2493 1130 570 2708 13222 11254 3221 279 655 1210 1796 248 1756 393 625
internal_value=-0.000718234 -0.00140245 -0.00624955 -0.00990205 0.000811278 -0.00118119 0.00130012 -0.0015761 0.00903467 0.014949 0.019528 -0.0103126 0.0100178 0.0167752
internal_weight=1043.37 1010.68 321.094 266.326 689.584 597.39 468.811 339.922 128.889 94.3113 79.9956 128.579 54.7681 44.5567
internal_count=41560 40430 17518 15930 22912 20419 15442 11909 3533 2323 2044 4977 1588 1195
is_linear=0
shrinkage=0.05


Tree=77
num_leaves=15
num_cat=0
split_feature=37 155 10 34 160 157 35 0 0 41 135 35 84 79
split_gain=7.77566 6.85266 5.03473 4.60361 4.97154 5.00236 7.81402 4.98158 5.9614 5.87979 4.7782 4.77617 4.20594 5.65956
threshold=1.0000000180025095e-35 18.230832734223981 1.0000000180025095e-35 1.0000000180025095e-35 1.0000000180025095e-35 1384.8750000000002 95999.000000000015 6365.7001953125009 4656.7001953125009 0.17650173621134838 1940.1590266666669 13998.399902343752 1.0000000180025095e-35 1.0000000180025095e-35
decision_type=2 2 2 2 2 2 2 2 2 2 2 2 2 2
left_child=2 -2 3 4 5 7 10 8 9 12 -7 -5 -1 -14
right_child=1 -3 -4 11 -6 6 -8 -9 -10 -11 -12 -13 13 -15
leaf_value=-0.0023669098713867314 0.02069399310747061 -0.010376951130058827 -0.02777310997951131 -0.0061216660083781597 -0.015962429709938424 -0.027808923562726313 0.016878549802096833 -0.012382765359117386 0.015513008959404995 -0.026340032428858129 -0.0047917408122933455 0.028917942651882453 0.0096543081984219667 -0.0092189746207926911
leaf_weight=349.87876363331452 66.56923455465585 17.785933088511229 13.845935105811803 10.369007802568378 56.522663402371109 43.341658330522478 16.349015806335956 63.526603714562953 65.456724693998694 15.25823513092473 59.383905098307878 19.575092083308846 202.05848705023527 42.340638333000243
leaf_count=13670 2201 652 540 317 4096 1897 372 2405 2965 892 3065 722 5812 1954
internal_value=-0.000671586 0.0133692 -0.00202297 -0.0014483 -0.00216632 -0.00111182 -0.0104171 0.000381231 0.00173826 6.34718e-05 -0.0158072 0.0162138 0.00103893 0.00606487
internal_weight=1042.26 84.3552 957.907 944.061 914.117 857.594 119.075 738.519 674.993 609.536 102.726 29.9441 594.278 244.399
internal_count=41560 2853 38707 38167 37128 33032 5334 27698 25293 22328 4962 1039 21436 7766
is_linear=0
shrinkage=0.05


Tree=78
num_leaves=15
num_cat=0
split_feature=37 155 9 45 141 23 146 127 45 106 25 45 134 0
split_gain=6.9753 6.168 4.98723 8.88762 5.17797 5.1889 5.02088 3.63693 3.62433 2.67824 2.89287 2.63804 8.31821 5.78339
threshold=1.0000000180025095e-35 18.230832734223981 1.0000000180025095e-35 -2063.900024414062 3242.4000200000005 21001.000000000004 -9.7751492376943379 -1.0000000180025095e-35 -13022.299804687498 2.5000000000000004 0.39499999582767492 -6331.3000488281241 11442.171620000001 5667.6000976562509
decision_type=2 2 2 2 2 2 2 2 2 2 2 2 2 2
left_child=2 -2 6 4 5 -4 9 -7 -8 10 -1 12 -10 -13
right_child=1 -3 3 -5 -6 7 8 -9 11 -11 -12 13 -14 -15
leaf_value=0 0.019385506388823741 -0.010046944258538821 0 -0.007952002090689924 0.0014580684799097188 0.056193318385900137 0.015952799688032333 0.010785392296793027 -0.021654882980370254 -0.0045333827812670561 0.02726385844291648 -0.004794501760109364 0.016331693974959191 0.01784159411161074
leaf_weight=11.880226590670643 67.813779204618186 17.620150737464428 10.528029424138365 49.127529744524509 32.856823865324259 13.396285143680869 15.480932660866527 14.063883024267854 61.846825991757214 12.020652293227611 22.514087832532823 676.0801117210649 12.891062838956712 23.776780887041241
leaf_count=290 2201 652 252 1516 1630 336 271 348 2702 414 497 28803 508 1140
internal_value=-0.000663815 0.0125425 -0.00195454 0.00725725 0.0182923 0.0298263 -0.00337041 0.0397213 -0.00437777 0.0115625 0.0183186 -0.00494794 -0.0138625 -0.00383343
internal_weight=1041.9 85.4339 956.463 119.973 70.845 37.9882 836.491 27.4602 790.076 46.415 34.3943 774.595 74.7379 699.857
internal_count=41560 2853 38707 4082 2566 936 34625 684 33424 1201 787 33153 3210 29943
is_linear=0
shrinkage=0.05


Tree=79
num_leaves=15
num_cat=0
split_feature=83 155 37 70 31 158 138 19 109 35 27 123 31 137
split_gain=6.29615 10.0217 7.27053 5.92674 5.71622 6.09582 5.43676 5.23088 5.72253 4.95651 4.81779 4.48556 6.31659 4.41604
threshold=1.0000000180025095e-35 6.4312218920758708 1.0000000180025095e-35 8569.5000000000018 11.500000000000002 -1.9617806486398253 165.47957381391578 1.0000000180025095e-35 1.0000000180025095e-35 9186.3999023437518 13999.000000000002 766.84445555555567 11.500000000000002 326.50000000000006
decision_type=2 2 2 2 2 2 2 2 2 2 2 2 2 2
left_child=1 2 4 -3 5 -1 10 8 -2 -5 -6 12 -10 -9
right_child=7 3 -4 9 6 -7 -8 13 11 -11 -12 -13 -14 -15
leaf_value=0.0052352359754947019 -0.0023706482174889782 0.00094743902162407873 0.020145638841513172 0 0.0086219770304707035 -0.016882102881486977 -0.0075709027938658767 0.03047248504345676 0 -0.019701679551106813 -0.013075555230537701 0.0020808576929683708 0.043898019235710219 -0.0021721292565802354
leaf_weight=39.656960329972208 165.42346363049001 67.578850590623915 40.335807959083468 39.72371946554631 232.68175108684227 87.644316746387631 89.796654662583023 29.301918296609074 10.049040215089919 145.73968994850293 22.520257675554603 43.329986342228949 16.612927403766662 10.064264187123625
leaf_count=1250 6572 1927 1055 2093 7185 2912 3791 1045 203 9963 1172 1663 357 372
internal_value=-0.000599049 -0.00297167 0.000975252 -0.0110254 -0.000751086 -0.00967671 0.00249072 0.00576848 0.00250139 -0.0155609 0.00630066 0.0140733 0.0285775 0.0216954
internal_weight=1040.46 765.678 512.636 253.042 472.3 127.301 344.999 274.782 235.415 185.463 255.202 69.992 26.662 39.3662
internal_count=41560 31348 17365 13983 16310 4162 12148 10212 8795 12056 8357 2223 560 1417
is_linear=0
shrinkage=0.05


Tree=80
num_leaves=15
num_cat=0
split_feature=76 79 155 159 146 86 19 142 146 134 135 141 141 31
split_gain=7.52118 8.76493 7.9175 6.63514 5.29122 4.62212 3.86912 5.62114 4.35816 4.14104 3.97038 8.05826 7.02081 5.64973
threshold=3.5000000000000004 1.0000000180025095e-35 23.011899271500578 69999.500000000015 2.2418528691895272 1.0000000180025095e-35 1.0000000180025095e-35 2.5000000000000004 -2.1240573562444793 3267.6940015000005 1841.7333458333335 8688.7000700000008 3361.9000050000004 19.000000000000004
decision_type=2 2 2 2 2 2 2 2 2 2 2 2 2 2
left_child=4 2 3 5 6 -2 10 8 -8 -9 12 -12 -1 -13
right_child=1 -3 -4 -5 -6 -7 7 9 -10 -11 11 13 -14 -15
leaf_value=-0.0012410984494535416 0.024504899377912732 -0.014348471773896471 -0.004078386016375975 -0.013365693357880763 -0.023190846339787002 -0.0014855681567106027 -0.013110252644519619 0.031630009282457537 0.012033251391533301 0.00084771282009823848 0.033932006357409498 -0.015899509517489249 -0.012584177739058365 0.017685441850850591
leaf_weight=415.60446543712169 109.14673351962119 34.491636453196406 53.33678038045764 10.526731106918303 28.143117153318599 15.288943304680286 40.424462283961475 22.56121481442824 21.577002881094813 24.417682568076998 15.384309891611336 28.973951345775276 208.02723681833595 14.203412369359283
leaf_count=12361 3979 2160 2074 441 4127 1072 953 777 939 1021 404 1647 9109 556
internal_value=-0.00115018 0.0068261 0.0112342 0.0175725 -0.00340802 0.0209912 -0.0025003 0.00588681 -0.00336886 0.0182131 -0.00394598 0.00772686 -0.00517439 -0.00312488
internal_weight=1042.11 222.791 188.299 134.962 819.317 124.436 791.174 108.98 62.0015 46.9789 682.193 58.5617 623.632 43.1774
internal_count=41620 9726 7566 5492 31894 5051 27767 3690 1892 1798 24077 2607 21470 2203
is_linear=0
shrinkage=0.05


Tree=81
num_leaves=15
num_cat=0
split_feature=83 0 146 157 25 84 157 23 35 141 106 158 23 45
split_gain=12.4433 7.15141 6.95404 5.25851 5.39293 5.08843 4.84078 5.80939 6.57243 4.65011 4.23434 4.97713 4.19018 4.15436
threshold=1.0000000180025095e-35 4656.7001953125009 -3.3985928739741702 1115.8476273809526 0.44859999418258673 1.0000000180025095e-35 1300.0144200000002 35597.000000000007 118834.00000000001 1774.6000400000003 3.5000000000000004 -3.7985420846155082 8300.2001953125018 -1984.3000488281248
decision_type=2 2 2 2 2 2 2 2 2 2 2 2 2 2
left_child=2 5 9 4 -4 -2 -5 -8 -9 12 11 -3 -1 -11
right_child=1 10 3 6 -6 -7 7 8 -10 13 -12 -13 -14 -15
leaf_value=-0.013992929992847692 -0.013239879408061213 0.0029246402505546387 -0.017713326954587837 0.027856929878266219 -0.0013939215295857513 0.0066433857922625853 0.022182476558838909 -0.025446749459613605 0.013493509034913951 0.001546099779309606 0 0.041866823560977193 0.0068267415166508236 -0.011927561666227974
leaf_weight=21.178012347780168 32.738562780898064 16.094217206351459 181.20577901555225 10.183712767437099 80.305237556342036 184.98981435177848 10.042048241943119 28.220141881145537 10.441074883565305 96.616735538002104 15.394643190316854 26.813546727411449 211.91556291561574 114.73299587937072
leaf_count=508 2011 822 9772 432 3789 5940 497 1746 176 4132 624 833 5514 4824
internal_value=-0.00109772 0.00784968 -0.00442179 -0.00998034 -0.0130097 0.00319906 0.00265549 -0.003786 -0.0134442 -0.000236946 0.0228029 0.0301334 0.00447101 -0.0056437
internal_weight=1040.87 276.031 764.841 320.398 261.511 217.728 58.887 48.7033 38.6612 444.443 58.3024 42.9078 233.094 211.35
internal_count=41620 10230 31390 16412 13561 7951 2851 2419 1922 14978 2279 1655 6022 8956
is_linear=0
shrinkage=0.05


Tree=82
num_leaves=15
num_cat=0
split_feature=76 79 155 159 68 146 163 156 19 142 156 41 41 142
split_gain=6.3401 7.79581 6.95439 5.94813 5.40976 4.85094 4.11276 4.06512 3.55308 5.20552 4.7186 4.10879 7.29425 4.34652
threshold=3.5000000000000004 1.0000000180025095e-35 23.011899271500578 69999.500000000015 51702.500000000007 2.2418528691895272 1.0534658157894738 0.23156947368421055 1.0000000180025095e-35 2.5000000000000004 -3.8000800080007999 0.022744078282357694 0.15001392987257126 3.5000000000000004
decision_type=2 2 2 2 2 2 2 2 2 2 2 2 2 2
left_child=5 2 3 4 6 8 -2 -4 11 -10 -11 13 -13 -1
right_child=1 -3 7 -5 -6 -7 -8 -9 9 10 -12 12 -14 -15
leaf_value=-0.0013063614980498312 0.017178682757287352 -0.013866966110289675 0.011694811255846455 -0.013092317303503648 0.041415470937732873 -0.022356935556720033 -0.0063904226627010188 -0.014087785905381137 -0.0031773082233914787 -0.0043453031456956951 0.0263527525749872 0.026833662166829621 -0.0085179076824748925 -0.0099747345085284388
leaf_weight=386.94222237030044 89.328750991262496 33.994655463378876 18.559151066932827 10.416780026629565 21.061298259533942 27.171068453229964 16.759300397709012 34.695513867307454 61.760421017650515 12.737034418154506 34.72607575263828 24.224234850611538 22.590797735843807 244.3731572991237
leaf_count=11461 3517 2160 608 441 863 4127 671 1466 1892 475 1323 725 1044 10847
internal_value=-0.00103162 0.00624176 0.0103421 0.0161952 0.0193776 -0.00312598 0.0128852 -0.00401173 -0.00226234 0.00575801 0.0175327 -0.00366002 0.00963383 -0.00479236
internal_weight=1039.34 224.815 190.821 137.566 127.149 814.525 106.088 53.2547 787.354 109.224 47.4631 678.13 46.815 631.315
internal_count=41620 9726 7566 5492 5051 31894 4188 2074 27767 3690 1798 24077 1769 22308
is_linear=0
shrinkage=0.05


Tree=83
num_leaves=15
num_cat=0
split_feature=83 146 135 25 37 141 35 135 22 35 68 35 165 109
split_gain=10.9616 6.29848 4.95651 5.0358 4.81983 5.74338 4.82172 4.45409 5.62251 6.18338 4.4035 6.6843 3.86112 3.98467
threshold=1.0000000180025095e-35 -3.3985928739741702 1115.9957142857145 0.44859999418258673 1.0000000180025095e-35 1774.6000400000003 13801.000000000002 1300.0144200000002 35601.500000000007 118834.00000000001 99800.000000000015 99596.199218750015 0.98526531457901012 1.0000000180025095e-35
decision_type=2 2 2 2 2 2 2 2 2 2 2 2 2 2
left_child=1 4 3 -3 5 -1 -6 -4 -9 -10 11 12 -2 -14
right_child=10 2 7 -5 6 -7 -8 8 9 -11 -12 -13 13 -15
leaf_value=0.0035428912959581194 0.019364054075854266 -0.017053477258784044 0.026722328304309092 -0.0012128316751855578 -0.0028298746937557252 -0.0081360064964266631 0.029119372649486032 0.021985897820079463 -0.024953466688787521 0.012789798311082538 -0.014665300083910758 0.041124053303542019 -0.0012586084831978021 0.012969112019495114
leaf_weight=214.05626916326582 45.274479812942445 177.86189665645361 10.397200292907653 80.00817313650623 15.237794934306292 192.92723701940849 21.487697531003505 10.076650406233965 27.631741497199982 10.548084237147121 15.128436210565267 11.121221680659799 140.20367064559832 66.33054124051705
leaf_count=5596 1733 9773 431 3789 347 8398 637 485 1758 176 694 220 5552 2031
internal_value=-0.000987835 -0.004135 -0.0094675 -0.0124454 -0.000156471 -0.00190358 0.0159144 0.0027886 -0.00345394 -0.0130945 0.00736116 0.00906516 0.00668146 0.00327294
internal_weight=1038.29 760.233 316.524 257.87 443.709 406.984 36.7255 58.6537 48.2565 38.1798 278.058 262.93 251.809 206.534
internal_count=41620 31390 16412 13562 14978 13994 984 2850 2419 1934 10230 9536 9316 7583
is_linear=0
shrinkage=0.05


Tree=84
num_leaves=15
num_cat=0
split_feature=83 0 138 79 158 103 22 25 35 109 124 156 68 156
split_gain=9.94545 5.95521 6.04368 5.03344 5.587 5.41707 4.50102 5.1741 4.54866 4.41631 10.6049 7.35594 6.29202 4.35482
threshold=1.0000000180025095e-35 4656.7001953125009 142.11423150924807 1.0000000180025095e-35 9.4881398488796389 2977.0000000000005 35601.500000000007 0.18044999986886981 63998.201171875007 1.0000000180025095e-35 1267.3000500000003 0.56330492957746492 37450.000000000007 1.277842209201389
decision_type=2 2 2 2 2 2 2 2 2 2 2 2 2 2
left_child=3 9 -3 5 -5 6 13 8 -8 12 11 -11 -2 -1
right_child=1 2 -4 4 -6 -7 7 -9 -10 10 -12 -13 -14 -15
leaf_value=0.00033898321625761008 -0.011710926203053924 0.028055192845180672 -0.0060702774812966456 -0.029175573847064474 0.001893034531232079 -0.017667991753298341 -0.0042461594810393908 -0.0013402034253051853 -0.032370771158442641 0.0043060778010491872 -0.0093020490450548467 0.048151528395701186 0.0079158108706971139 0.027168210461054089
leaf_weight=441.3772721355781 77.012020442634821 47.911371151916683 12.196757635567335 33.952235871460289 17.577734984923154 51.099573804996908 37.05322070652619 136.89632940711454 28.207485960796475 22.927917431108654 26.733940745238215 18.225125533994287 74.563104642555118 10.865132911130784
leaf_count=14284 2888 1785 494 2238 817 5767 1524 5220 1166 548 1095 458 2962 374
internal_value=-0.000915334 0.00700289 0.0204283 -0.0039319 -0.018463 -0.00267771 -0.00130626 -0.00745177 -0.0185526 0.00272992 0.0129432 0.0279198 -0.0017923 0.00138295
internal_weight=1036.6 279.57 60.1081 757.029 51.53 705.499 654.399 202.157 65.2607 219.462 67.887 41.153 151.575 452.242
internal_count=41620 10230 2279 31390 3055 28335 22568 7910 2690 7951 2101 1006 5850 14658
is_linear=0
shrinkage=0.05


Tree=85
num_leaves=15
num_cat=0
split_feature=121 155 25 25 25 35 25 67 159 155 137 138 163 159
split_gain=8.35509 7.40001 6.57295 10.0219 9.97551 7.12841 5.85128 5.18914 5.90049 5.59967 5.02702 4.78113 5.0652 5.72769
threshold=7.5000000000000009 32.021774232422665 0.41899999976158148 0.44290000200271612 0.40534999966621404 39001.500000000007 0.41674999892711645 0.033323652705701548 25292.657840000003 6.9092879827369291 1765.5000000000002 773.78536365623381 0.65921052631578958 22399.100170000002
decision_type=2 2 2 2 2 2 2 2 2 2 2 2 2 2
left_child=1 2 4 -4 7 6 -6 8 -1 -10 11 12 13 -9
right_child=-2 -3 3 -5 5 -7 -8 10 9 -11 -12 -13 -14 -15
leaf_value=-0.0070527238500115988 -0.023730962026783486 -0.012787960136261559 -0.018767050717453153 0.0020282667355083655 -0.0069140526425805196 0.050952906474175046 0.023260971059669296 0 0.027886209467964863 0.00081504671203099866 0.030237041729015181 0.028942135925564522 0.0002786133659351545 0.037280328365637133
leaf_weight=167.34945560246706 27.799220374785364 73.563554719323292 69.690934591926634 242.80384326772764 20.268378234002739 14.368813325650988 35.311448229011148 17.497486936859787 21.301837726961821 86.754722245503217 20.44488725066185 16.5044214297086 209.62855649529956 16.742124169133604
leaf_count=6177 1753 2950 3857 9008 612 351 1081 600 1298 4584 715 700 7156 718
internal_value=0.00100652 0.00184835 0.00311007 -0.00267443 0.00607439 0.0233476 0.0117692 0.00362442 -0.00109588 0.00759127 0.00836689 0.00592384 0.00361493 0.0201287
internal_weight=1040.03 1012.23 938.667 312.495 626.172 69.9486 55.5798 556.223 275.406 108.057 280.817 260.373 243.868 34.2396
internal_count=41560 39807 36857 12865 23992 2044 1693 21948 12059 5882 9889 9174 8474 1318
is_linear=0
shrinkage=0.05


Tree=86
num_leaves=15
num_cat=0
split_feature=155 146 66 35 6 144 157 106 163 35 35 125 0 155
split_gain=6.89749 5.17851 4.46221 7.3046 6.09987 5.40551 5.17399 4.2379 4.8859 5.26264 7.00476 4.23124 4.8562 4.0792
threshold=32.021774232422665 2.3136207302406411 -3.3749181611983459 8780.1000976562518 1.0000000180025095e-35 1.0000000180025095e-35 2040.1000155000002 3.5000000000000004 1.0013157894736844 23234.000000000004 18851.100585937504 535.20000000000016 4695.6999511718759 25.253663253250593
decision_type=2 2 2 2 2 2 2 2 2 2 2 2 2 2
left_child=1 2 3 -1 5 6 7 8 9 10 -4 12 -11 -5
right_child=-2 -3 4 13 -6 -7 -8 -9 -10 11 -12 -13 -14 -15
leaf_value=0.017124937784462647 -0.013105166878093847 -0.018640710896037929 0.0060796109965947469 -0.0045014363597504293 0.029774518295039555 0.02645660523529117 0.020224364728353431 -0.0070933483178421955 -0.0062516185868166999 0.029975869014411762 -0.022789997910091713 -0.00031950211505684067 0 0.017148675806099269
leaf_weight=44.657856567762792 74.308579169679433 23.423427223460749 146.12710868753493 368.53955382364802 21.550858779344708 22.369352492969483 35.971708168741316 102.52991485735402 75.80104218935594 51.042910878080875 19.114329751115292 20.814679829403758 16.365027454681695 17.45180297549814
leaf_count=1343 3060 3791 3751 15240 615 905 1477 4133 3141 1422 613 811 554 704
internal_value=0.000989996 0.00218794 0.00285411 -0.00079435 0.00599949 0.00456302 0.00314154 0.00138873 0.00424615 0.00763927 0.00187515 0.0172195 0.0229739 -0.00318791
internal_weight=1040.07 965.76 942.336 430.649 511.687 490.136 467.767 431.795 329.265 253.464 165.241 88.2226 67.4079 385.991
internal_count=41560 38500 34709 17287 17422 16807 15902 14425 10292 7151 4364 2787 1976 15944
is_linear=0
shrinkage=0.05


Tree=87
num_leaves=15
num_cat=0
split_feature=121 159 35 31 156 25 25 25 159 45 45 123 83 159
split_gain=7.85344 5.25078 6.38066 7.26425 6.15901 5.39594 7.34035 6.89364 7.13652 10.3608 6.44419 5.52455 4.87543 4.82514
threshold=7.5000000000000009 47999.500000000007 9399.0000000000018 23.000000000000004 0.86668333333333347 0.42249999940395361 0.44290000200271612 0.40534999966621404 21489.800050000002 -2117.3000488281245 -1291.1000366210935 381.75000954545459 1.0000000180025095e-35 33999.500000000007
decision_type=2 2 2 2 2 2 2 2 2 2 2 2 2 2
left_child=1 5 4 12 -3 7 -7 8 -1 13 -9 -11 -4 -10
right_child=-2 2 3 -5 -6 6 -8 10 9 11 -12 -13 -14 -15
leaf_value=-0.00067962974133600979 -0.023239775427000772 0.023457049709213432 -0.025598265589997494 0.0073048268878205232 -0.0071805996689582943 -0.018422025376369711 0.0019458534587018996 0.02747965922177973 0.029339036035315763 0.0038600331765607874 -0.0074636907391812616 -0.026801561847617689 -0.0039071193710223462 0.0063732576281621935
leaf_weight=297.94205498835072 27.252459411974996 28.228969204239547 62.55981695279479 37.339209399418905 25.41196306142956 50.965093126986176 194.79983405163512 57.451280112145469 66.017907906090841 63.444735343800858 11.783643078058956 13.343362656421958 55.596191791351885 48.470134383067489
leaf_count=9545 1753 1299 4021 1546 1224 2820 6532 1629 3047 2677 292 610 2150 2415
internal_value=0.000950994 0.00176157 -0.00511736 -0.0103236 0.00871537 0.00363279 -0.00236161 0.0063571 0.0040287 0.0114479 0.0207567 -0.00216941 -0.0163709 0.0207081
internal_weight=1040.61 1013.35 209.136 155.495 53.6409 804.218 245.765 558.453 489.218 191.276 69.2349 76.7881 118.156 114.488
internal_count=41560 39807 10240 7717 2523 29567 9352 20215 18294 8749 1921 3287 6171 5462
is_linear=0
shrinkage=0.05


Tree=88
num_leaves=15
num_cat=0
split_feature=160 159 23 70 159 0 156 87 159 105 157 22 25 22
split_gain=5.09546 5.34132 5.61916 4.6719 4.48705 11.6418 6.98063 4.57321 5.09291 5.06596 4.63884 5.5452 4.98232 4.14835
threshold=1.0000000180025095e-35 47999.500000000007 9308.0000000000018 8873.0000000000018 22399.100170000002 9469.9003906250018 0.29996333333333342 24090.000000000004 10899.200000000003 4692.1410000000005 737.04501300000015 21998.500000000004 0.41465000808238989 20605.000000000004
decision_type=2 2 2 2 2 2 2 2 2 2 2 2 2 2
left_child=1 4 -3 -2 7 6 -6 8 -1 10 11 12 -10 -4
right_child=3 2 13 -5 5 -7 -8 -9 9 -11 -12 -13 -14 -15
leaf_value=-0.015433147964879816 0.011971371126235902 0.021516056846808657 -0.01975573992990131 -0.018759176008738682 -0.0095446989574566061 0.043347065456121187 0.0095633054899353417 0.0044543162928509543 -0.0021561955275086796 -0.013605992983059279 0.024630734402017046 -0.015599189387829152 0.030978792436501913 -0.0025955733239148727
leaf_weight=70.476882948540151 10.043873849790542 11.941912316251544 50.329365422949195 51.211696756072342 54.39676759345457 17.808422033209354 213.74075690889731 315.98234236007556 20.114972904324532 34.868959256447852 22.954020287841558 26.538915035314858 14.30581947090104 126.77580906380899
leaf_count=2118 399 322 2010 4120 2878 298 9093 9459 652 1694 582 1024 438 6473
internal_value=0.000890199 0.00183304 -0.00551713 -0.0124426 0.00367571 0.00863954 0.00540007 0.000711268 -0.00523443 0.000791774 0.00776556 0 0.0125294 -0.00815521
internal_weight=1041.49 980.235 189.047 61.2556 791.188 285.946 268.138 505.242 189.26 118.783 83.9137 60.9597 34.4208 177.105
internal_count=41560 37041 8805 4519 28236 12269 11971 15967 6508 4390 2696 2114 1090 8483
is_linear=0
shrinkage=0.05


Tree=89
num_leaves=15
num_cat=0
split_feature=121 9 144 45 122 45 86 45 105 45 31 83 110 70
split_gain=7.28139 4.64657 5.14353 5.0633 4.70973 4.53695 4.50687 6.94424 4.30382 3.88428 5.89879 4.74393 7.57301 6.61086
threshold=7.5000000000000009 1.0000000180025095e-35 1.0000000180025095e-35 -2050.3000488281245 4136.1000000000004 -3422.8000488281245 1.0000000180025095e-35 -1999.4999999999998 1807.8000500000003 -8348.6000976562482 23.000000000000004 1.0000000180025095e-35 1.0000000180025095e-35 14474.500000000002
decision_type=2 2 2 2 2 2 2 2 2 2 2 2 2 2
left_child=1 2 6 5 8 -3 9 -8 -4 10 -1 13 -13 -11
right_child=-2 3 4 -5 -6 -7 7 -9 -10 11 -12 12 -14 -15
leaf_value=-0.0046730316755118316 -0.022681083397480692 0.0017772866088973209 0.0011884930568840026 -0.001076342184607946 -0.00094760800167199659 0.027835211071870404 -0.024162688528015105 0.0079134042221222205 0.048372254368936655 -0.00015093005051536107 0.027644243627847526 0.0028147696628080328 0.038591383372872851 -0.01448966274409905
leaf_weight=19.324630314018577 26.627275238279253 33.039417109917849 10.898569216020407 50.589021759107709 15.677505669649689 44.123042658437043 41.401442036265507 20.433241694234312 10.034696990624068 449.35955337947235 26.402525161392987 187.36464110063389 11.721540692728011 94.960029855836183
leaf_count=830 1753 1226 243 1542 892 1345 2944 1232 328 14539 348 5834 755 7749
internal_value=0.000848805 0.00162301 0.000258665 0.0103586 0.0174609 0.0180734 -0.00052068 -0.013016 0.0307002 0.00047125 0.0138866 -0.000374388 0.00606004 -0.00285255
internal_weight=1041.96 1015.33 887.578 127.751 36.6108 77.1625 850.968 61.8347 20.9333 789.133 45.7272 743.406 199.086 544.32
internal_count=41560 39807 35694 4113 1463 2571 34231 4176 571 30055 1178 28877 6589 22288
is_linear=0
shrinkage=0.05


Tree=90
num_leaves=15
num_cat=0
split_feature=31 27 38 41 134 136 22 153 68 138 135 68 153 68
split_gain=8.90825 20.0987 11.4137 6.09089 6.06404 6.94783 7.35924 6.52711 5.88629 6.35568 8.1973 5.18063 5.08274 5.35128
threshold=17.000000000000004 15979.000000000002 1.0000000180025095e-35 0.021596407173868081 4689.3000000000011 1599.8000000000002 18840.799804687504 805.23531027275692 80100.000000000015 103.04371959432977 961.27501000000018 59650.000000000007 1422.5555075308102 56050.000000000007
decision_type=2 2 2 2 2 2 2 2 2 2 2 2 2 2
left_child=2 3 4 8 5 6 -1 -7 9 10 11 -2 -6 -14
right_child=1 -3 -4 -5 12 7 -8 -9 -10 -11 -12 -13 13 -15
leaf_value=0.0030230766359537723 0.0081486768742106766 -0.017403887320987497 0.034047598282840784 0.038012430166482619 -0.018216172497863694 0.040509615936695872 -0.0084954093763540562 -0.0029157960063686574 -0.014073858030055154 -0.0012624985836870452 0.048770901300686821 0.035224447667257179 0.02264764730106085 -0.013630660617249647
leaf_weight=285.34160910034552 136.66483610519208 58.34054642310366 15.8577883541584 21.014231255743653 99.822212379891425 13.949394813738765 254.71946698613465 11.184765188954769 16.177787310443819 52.605165769346058 15.587776961270718 18.836973429191858 14.606979210395368 15.108240376692263
leaf_count=8926 4347 3477 449 521 5730 353 12018 268 789 1799 321 744 669 939
internal_value=0.000846745 0.00775327 -0.00221858 0.0137886 -0.00335521 -0.000979063 -0.00234597 0.0222485 0.0107294 0.0130103 0.0175939 0.0127352 -0.0129295 0.00345564
internal_weight=1029.82 319.227 710.59 260.887 694.733 565.195 540.061 25.1342 239.873 223.695 171.09 155.502 129.537 29.7152
internal_count=41350 11998 29352 8521 28903 21565 20944 621 8000 7211 5412 5091 7338 1608
is_linear=0
shrinkage=0.05


Tree=91
num_leaves=15
num_cat=0
split_feature=26 3 144 124 41 165 123 71 156 156 25 87 22 159
split_gain=4.45603 3.78353 4.56471 14.898 4.23678 5.70575 6.02765 4.695 4.44567 7.02132 4.41396 3.95812 4.84364 9.55292
threshold=1.0000000180025095e-35 14.500000000000002 1.0000000180025095e-35 1693.9000000000003 0.0027976140565973378 1.2861670851707461 822.98333333333346 35.293634496919928 1.8694794392523366 1.0925523809523812 0.44859999418258673 39640.000000000007 25978.500000000004 71999.500000000015
decision_type=2 2 2 2 2 2 2 2 2 2 2 2 2 2
left_child=1 2 4 -4 8 6 7 -6 9 11 -11 12 -1 -14
right_child=-2 -3 3 -5 5 -7 -8 -9 -10 10 -12 -13 13 -15
leaf_value=0 -0.011534159526891881 -0.013423852637981713 0.036787449496226379 -0.017994216237889465 0.032634429626131306 -0.013019630238333671 -0.0087352583555979045 0 0.012373491672218809 -0.021921523139288898 0.0031653521327004992 -0.0052812572080402345 0.016553302298073641 -0.013666617118587493
leaf_weight=344.96775889745913 62.10649174451828 33.633656074292958 28.787256151437759 14.412981535308061 41.454217380378395 12.209329640958456 11.228435248136519 11.193708684528245 65.974940325366333 53.687398535665125 18.784322690451518 180.44718558667228 123.65472796559334 26.967455006903037
leaf_count=12141 2852 1107 1073 843 1094 876 448 736 2676 3123 914 6166 5613 1688
internal_value=0.000837205 0.00173808 0.00240605 0.0175025 0.00152428 0.0124451 0.0186301 0.0255852 0.000373388 -0.000693055 -0.0149891 0.00086487 0.00323299 0.0105562
internal_weight=1029.51 967.403 933.77 43.2002 890.569 76.0857 63.8764 52.6479 814.484 748.509 72.4717 676.037 495.59 150.622
internal_count=41350 38498 37391 1916 35475 3154 2278 1830 32321 29645 4037 25608 19442 7301
is_linear=0
shrinkage=0.05


Tree=92
num_leaves=15
num_cat=0
split_feature=31 30 38 155 35 41 155 163 163 28 137 105 87 105
split_gain=7.92951 10.4817 10.3512 9.45344 7.054 6.75293 6.5387 6.00321 6.4215 6.57004 5.60376 6.86382 5.34473 5.34421
threshold=17.000000000000004 1.0000000180025095e-35 1.0000000180025095e-35 -8.1717881398430716 18851.100585937504 0.0027976140565973378 -6.6905319804254519 2.3825814536340855 1.1923380952380953 0.35500000417232519 710.10000000000014 2965.4500500000004 21900.000000000004 4514.0000000000009
decision_type=2 2 2 2 2 2 2 2 2 2 2 2 2 2
left_child=2 5 4 -3 6 7 -1 8 10 -10 11 12 -2 -8
right_child=1 3 -4 -5 -6 -7 13 -9 9 -11 -12 -13 -14 -15
leaf_value=-0.013043614691429353 -0.0026142809560722588 0.0260623122324804 0.031994364064108993 -0.016026228071793568 -0.0085669721830001697 0.035745373266889376 0.0072837741907120961 -0.020232455722456452 0 0.037884454431136291 0.023139415902206174 -0.022840146698800728 0.018453769708793588 -0.010272739915909041
leaf_weight=58.687013803049922 66.532624779036269 11.041423005983232 16.342504423111677 65.518368300516158 324.20301901665516 24.317775119096041 264.85219309804961 10.991479367949067 15.563089120201765 32.237798944115639 30.433672435116023 20.444256265182048 44.248182989656925 45.044219467323273
leaf_count=1514 2406 294 449 3748 16305 581 8924 566 721 1110 895 716 961 2160
internal_value=0.000776797 0.00726578 -0.00212383 -0.00811756 -0.00322381 0.0123438 0.00139391 0.00880512 0.0109982 0.0264787 0.00546369 0.00029846 0.00580241 0.00445051
internal_weight=1030.46 321.329 709.129 76.5598 692.786 244.769 368.583 220.451 209.46 47.8009 161.659 131.225 110.781 309.896
internal_count=41350 11998 29352 4042 28903 7956 12598 7375 6809 1831 4978 4083 3367 11084
is_linear=0
shrinkage=0.05


Tree=93
num_leaves=15
num_cat=0
split_feature=83 31 124 43 137 138 51 125 161 105 155 158 159 138
split_gain=7.30149 7.15603 8.25258 6.68886 7.92432 6.19888 5.80773 5.49001 5.47269 5.87701 4.4579 4.4317 4.28094 3.97017
threshold=1.0000000180025095e-35 17.000000000000004 1179.9000000000003 1.0026594456518987 886.73002000000008 98.308837745565057 0.030465004388505409 960.20000000000016 1.0000000180025095e-35 2856.6000000000004 -2.0383242698884341 -12.786674163322713 16114.700000000003 1121.083035301727
decision_type=2 2 2 2 2 2 2 2 2 2 2 2 2 2
left_child=1 6 3 4 8 -6 -1 11 9 -3 -9 -8 -2 -13
right_child=12 2 -4 -5 5 -7 7 10 -10 -11 -12 13 -14 -15
leaf_value=0.023552540313713673 -0.0090931574024565986 0.01330298163152949 -0.015142817304848699 0.036487608308090606 0.04565068148551546 0 0.011187103006510022 0.025672882727594479 -0.013679944770554573 -0.011109017518685128 -0.0070563694759065796 -0.0097639546977317526 0.0096779400848084202 0.012143034403696774
leaf_weight=11.580375859979538 27.678281844593585 83.977437101537362 35.17513587558642 16.380683285882697 14.956055832561107 14.690297990571706 23.321226107422262 18.981339240912352 41.185681048082188 27.692147170193493 12.035507438238708 431.5255465193186 255.73901144880801 15.582240614574401
leaf_count=339 1223 2360 1794 435 399 700 543 706 2266 1033 652 18819 9113 968
internal_value=0.000751315 -0.00179273 0.00527572 0.00941507 0.00581027 0.027442 -0.00513387 -0.00612107 0.000561717 0.00660401 0.0123681 -0.00756254 0.00754555 -0.00876403
internal_weight=1030.5 747.084 234.057 198.882 182.502 29.6464 513.026 501.446 152.855 111.67 31.0168 470.429 283.417 447.108
internal_count=41350 31014 8987 7193 6758 1099 22027 21688 5659 3393 1358 20330 10336 19787
is_linear=0
shrinkage=0.05


Tree=94
num_leaves=15
num_cat=0
split_feature=31 30 38 35 35 158 41 163 163 86 153 134 138 28
split_gain=6.60001 9.21299 8.80268 7.22701 6.49905 5.81121 5.66678 5.92302 5.96796 6.90993 5.23524 7.84307 6.97067 4.31382
threshold=17.000000000000004 1.0000000180025095e-35 1.0000000180025095e-35 15978.800292968752 28994.700195312504 -12.786674163322713 0.021596407173868081 2.3825814536340855 1.1923380952380953 1.0000000180025095e-35 1463.2017724127745 4513.1000200000008 328.68838311633368 0.35500000417232519
decision_type=2 2 2 2 2 2 2 2 2 2 2 2 2 2
left_child=2 6 4 -3 5 -1 7 8 9 -2 11 12 -7 -10
right_child=1 3 -4 -5 -6 10 -8 -9 13 -11 -12 -13 -14 -15
leaf_value=0.024042218406697409 0.0083345069927437624 0.015169791694911958 0.028966959249735413 -0.016808812834621691 -0.011514410949492647 -0.0024494361136279189 0.034221196887389484 -0.020468318635065489 0.0001002233647928154 -0.025951468533198893 0.009363841258314954 -0.018591275648540222 0.025515368810596628 0.034160968417440513
leaf_weight=18.574668234214187 155.01926161255687 18.761924558319151 17.100092155858874 57.283936105901375 163.32848887401633 332.91269647679292 21.288727733772248 11.116857555694876 16.229248116724193 10.786040047882123 86.738754217512906 68.717413978185505 18.779426334425807 33.695367131382227
leaf_count=430 4498 542 449 3500 9472 12294 471 577 743 553 2669 3579 459 1114
internal_value=0.000741432 0.00662644 -0.00191755 -0.00785303 -0.00295921 -0.000123682 0.0113289 0.00827324 0.010411 0.005117 -0.00133248 -0.003741 -0.000479278 0.0250161
internal_weight=1030.33 324.181 706.152 76.0459 689.051 525.723 248.136 226.847 215.73 165.805 507.148 420.41 351.692 49.9246
internal_count=41350 11998 29352 4042 28903 19431 7956 7485 6908 5051 19001 16332 12753 1857
is_linear=0
shrinkage=0.05


Tree=95
num_leaves=15
num_cat=0
split_feature=34 28 86 153 41 165 31 46 161 0 31 70 0 0
split_gain=5.05268 5.6373 5.04935 5.91988 4.43915 4.82434 5.79698 4.18276 6.73829 6.47671 6.24021 6.90781 13.6034 5.67196
threshold=1.0000000180025095e-35 0.34099999070167547 1.0000000180025095e-35 1307.9639547521574 0.25644971628351138 1.0185288190841677 10.500000000000002 -3.4448715673324837 1.0000000180025095e-35 3498.3000488281255 11.500000000000002 8203.5000000000018 2574.700073242188 2516.700073242188
decision_type=2 2 2 2 2 2 2 2 2 2 2 2 2 2
left_child=2 -2 4 -4 5 7 -7 9 10 13 11 -9 -13 -1
right_child=1 -3 3 -5 -6 6 -8 8 -10 -11 -12 12 -14 -15
leaf_value=-0.0083747140673605357 0.038181293671561319 0 -0.021691564499955081 0.00598133412285863 -0.02290494387322008 -0.0071364890952688893 0.026044659419957834 -0.0099346340567461246 -0.0058595096329152191 -0.026202929671561584 0.0080291102262623846 0.041660444970477439 -0.017565887586263589 0.015434589611521193
leaf_weight=79.928511477075517 13.207962341140954 22.114609339972958 51.079497287515551 23.089015679433942 14.633095271186901 14.09096072334796 34.237689449219033 110.80512931058183 201.74074630183168 30.549176909029484 385.46945289243013 16.167720601661134 12.536141474731265 30.047501252964139
leaf_count=2977 434 730 3540 1490 981 548 1102 2897 10036 1662 13042 452 530 1298
internal_value=0.00018317 0.0175719 -0.000462849 -0.0126116 0.000514597 0.00106559 0.0156706 0.000109212 0.00170429 -0.0075712 0.00473313 -0.0039905 0.0155418 -0.00104638
internal_weight=1039.7 35.3226 1004.37 74.1685 930.206 915.573 48.3287 867.244 726.719 140.525 524.978 139.509 28.7039 109.976
internal_count=41719 1164 40555 5030 35525 34544 1650 32894 26957 5937 16921 3879 982 4275
is_linear=0
shrinkage=0.05


Tree=96
num_leaves=15
num_cat=0
split_feature=37 146 34 86 146 146 2 41 23 159 41 41 3 46
split_gain=5.93786 5.8601 4.62357 4.98589 4.73286 6.13131 3.91362 3.95118 3.85685 4.11721 3.80402 6.08494 3.65839 3.9938
threshold=1.0000000180025095e-35 -0.93188202366065165 1.0000000180025095e-35 1.0000000180025095e-35 -2.9553112144036744 -5.0047549441170451 1.0000000180025095e-35 0.25644971628351138 12200.600097656252 53323.100000000006 0.02655802169992811 0.099443809161649396 19.500000000000004 -3.4448715673324837
decision_type=2 2 2 2 2 2 2 2 2 2 2 2 2 2
left_child=2 -2 3 6 5 -4 7 10 -5 -10 12 -12 13 -1
right_child=1 -3 4 8 -6 -7 -8 -9 9 -11 11 -13 -14 -15
leaf_value=-0.0076402672529100688 0.018010326703712339 -0.01187413919382236 0 0.0069743684292201923 -0.0059673928529697974 0.048559952332205066 -0.017043122353744524 -0.023055388545395045 -0.027175512250437347 5.609101374733487e-05 0.030689863741749469 -0.0016455609396544377 -0.018863542592065224 0.0020795387648933831
leaf_weight=121.62016153195873 74.647306634578854 14.817805480211971 11.330399248283355 11.400523267220704 10.831746656447647 10.413356449920686 29.653297708369792 12.9818204480689 41.068681272445247 14.70067526726052 21.471973431762308 25.318925387226045 20.490127838216722 619.01518264273182
leaf_count=5225 2011 866 327 603 443 308 1308 905 2913 1180 597 1010 657 23366
internal_value=0.000167236 0.0121649 -0.000967692 -0.00171198 0.0161076 0.0280336 -0.000576506 5.73552e-05 -0.0143613 -0.0197605 0.000629766 0.0137578 -0.00019655 0.000375856
internal_weight=1039.76 89.4651 950.297 917.721 32.5755 21.7438 850.551 820.898 67.1699 55.7694 807.916 46.7909 761.125 740.635
internal_count=41719 2877 38842 37764 1078 635 33068 31760 4696 4093 30855 1607 29248 28591
is_linear=0
shrinkage=0.05


Tree=97
num_leaves=15
num_cat=0
split_feature=37 158 159 159 125 160 43 43 159 2 3 3 23 25
split_gain=5.29757 5.63347 10.1028 4.37832 3.96583 3.512 3.96426 7.08105 3.22512 2.85659 3.35271 4.94537 3.24651 3.1494
threshold=1.0000000180025095e-35 23.531540798667518 39924.824850000012 39495.896000000008 14.100000000000001 1.0000000180025095e-35 1.1304376182707379 1.063837476025187 23998.999750000003 1.0000000180025095e-35 12.500000000000002 7.5000000000000009 32998.400390625007 0.42249999940395361
decision_type=2 2 2 2 2 2 2 2 2 2 2 2 2 2
left_child=1 5 -3 8 -4 6 7 9 -2 10 11 13 -11 -1
right_child=3 2 4 -5 -6 -7 -8 -9 -10 12 -12 -13 -14 -15
leaf_value=0.0016129248180918087 0.0083745963653573726 -0.010244531036059818 0.039137272954978354 -0.0031803734245007434 0.0019013394407221267 -0.014358594762220967 -0.018881358858914281 0.026662135553052538 0.035759988495871524 -0.027702113163524129 -0.016108969116441146 0.026061055107554798 0.00088129911770529288 -0.0054452013904518967
leaf_weight=503.58862046455033 45.764181536156684 22.959174823015928 23.374233042821288 28.192865883233026 14.255006704945115 49.813994948752224 25.478686975082383 18.315530275693163 16.548714672215283 16.195028440328318 28.227345769293606 12.938162426929919 12.18810387374833 222.11785530974157
leaf_count=19366 1135 509 673 1145 372 4046 1478 578 597 734 936 414 540 9196
internal_value=0.000147155 -0.000928674 0.0131223 0.0114144 0.0280817 -0.00201043 -0.00113737 -0.000408658 0.0185063 -0.0012573 -0.000562474 6.87159e-05 -0.0156366 -0.000501415
internal_weight=1039.96 949.452 60.5884 90.5058 37.6292 888.863 839.049 813.571 62.3129 795.255 766.872 738.645 28.3831 725.706
internal_count=41719 38842 1554 2877 1045 37288 33242 31764 1732 31186 29912 28976 1274 28562
is_linear=0
shrinkage=0.05


Tree=98
num_leaves=15
num_cat=0
split_feature=34 31 27 42 3 68 45 148 158 68 45 79 20 122
split_gain=4.26925 4.75922 12.2952 8.96756 5.72793 6.25624 4.6275 4.62105 3.96444 4.31757 3.92856 3.51263 5.72612 3.57924
threshold=1.0000000180025095e-35 17.000000000000004 8181.8000488281259 0.77010613399714434 1.5000000000000002 98400.000000000015 -3185.500122070312 42830.299500000016 19.383602201442184 41900.000000000007 -1995.000061035156 1.0000000180025095e-35 1.0000000180025095e-35 1960.9000000000001
decision_type=2 2 2 2 2 2 2 2 2 2 2 2 2 2
left_child=1 2 8 -3 5 7 -2 -5 11 -10 -8 13 -13 -1
right_child=6 3 -4 4 -6 -7 10 -9 9 -11 -12 12 -14 -15
leaf_value=-0.0056332635927058795 -0.0054695485776423865 -0.024270678389279658 0.040891379045474609 0.013224675234416471 -0.011076397020856313 -0.019224412797966946 0.043230494141510471 -0.012936944054098018 -0.0058413002587271645 0.019612249351671662 0.001311205612286849 -0.02948914281751798 0.0051945658949874296 0.0044654106867770904
leaf_weight=485.45744149200618 11.638785126619039 19.404011731268838 10.575336067937313 237.43890452804044 32.047726391348988 12.106530652614309 11.77686600666493 12.319802671670912 23.490881290286779 31.033646455500275 12.800640757195653 29.518674599472433 12.825888838153331 97.357653322163969
leaf_count=20491 395 1385 283 7403 972 650 371 1218 519 915 398 1768 814 4137
internal_value=0.000147622 -0.000449516 -0.00281041 0.00455706 0.00700168 0.00956755 0.015955 0.0115094 -0.00385705 0.00823656 0.0270007 -0.00504814 -0.0184885 -0.00383761
internal_weight=1039.79 1003.58 690.26 313.317 293.913 261.865 36.2163 249.759 679.684 54.5245 24.5775 625.16 42.3446 582.815
internal_count=41719 40555 28927 11628 10243 9271 1164 8621 28644 1434 769 27210 2582 24628
is_linear=0
shrinkage=0.05


Tree=99
num_leaves=15
num_cat=0
split_feature=37 158 68 155 159 79 86 0 165 46 158 3 158 103
split_gain=4.81031 4.80669 8.6871 4.69449 5.46777 4.52157 4.41112 4.1525 3.5266 3.31925 4.06098 3.40276 3.47587 3.62731
threshold=1.0000000180025095e-35 23.531540798667518 41900.000000000007 7.0270148707922955 19343.483000000004 1.0000000180025095e-35 1.0000000180025095e-35 1664.9000244140627 1.2598052620887759 -3.4448715673324837 4.9032903610633722 12.500000000000002 9.8065443405826773 1083.9000000000003
decision_type=2 2 2 2 2 2 2 2 2 2 2 2 2 2
left_child=1 5 -3 4 -2 6 8 -5 9 10 -1 12 13 -11
right_child=3 2 -4 7 -6 -7 -8 -9 -10 11 -12 -13 -14 -15
leaf_value=-0.009963276901267467 0.0065364966633581351 -0.0093654518469726677 0.025800612907809401 0.019806397356138733 0.043164604017707005 -0.014486109887304416 -0.014256695839068271 -0.011191263717803369 -0.02300813715399487 0.0055538046709078109 0.015566798164986743 -0.014650695467118386 -0.010213817175172973 -0.0062614958071683909
leaf_weight=111.89270175131969 37.124598215799779 23.500177590176463 38.201475045178086 10.322552846511824 13.707387425471095 61.604817286133766 51.990890817716718 30.177788456203416 11.059037069790064 509.42073646746576 12.070855316240339 22.902959831990302 39.537164197303355 66.309262016322464
leaf_count=4860 813 520 1034 338 480 3753 3679 1246 807 15996 435 741 1145 5872
internal_value=0.000135352 -0.000892748 0.0119593 0.0108234 0.0202902 -0.00190509 -0.000824021 -0.000883495 0.000100763 0.000649042 -0.00658245 0.00217174 0.00299161 0.00406469
internal_weight=1039.82 948.49 61.7017 91.3323 50.832 886.788 825.184 40.5003 773.193 762.134 123.964 638.17 615.267 575.73
internal_count=41719 38842 1554 2877 1293 37288 33535 1584 29856 29049 5295 23754 23013 21868
is_linear=0
shrinkage=0.05


Tree=100
num_leaves=15
num_cat=0
split_feature=83 27 103 70 162 28 159 155 163 70 126 70 103 35
split_gain=6.40105 6.66319 6.4701 4.44799 3.88886 4.61375 4.17455 3.9551 3.44638 4.29789 5.06255 4.57088 3.79972 4.67302
threshold=1.0000000180025095e-35 19999.000000000004 5238.5501500000009 24609.500000000004 40000.000000000007 0.41465000808238989 9764.7999500000024 -9.9680989318558613 0.73627819548872198 7625.0000000000009 59.155064512227732 8264.5000000000018 984.95002000000011 8001.0000000000009
decision_type=2 2 2 2 2 2 2 2 2 2 2 2 2 2
left_child=2 3 4 8 6 -6 7 -1 -2 -10 11 -11 13 -13
right_child=1 -3 -4 -5 5 -7 -8 -9 9 10 -12 12 -14 -15
leaf_value=0.015430684802014972 -0.0015556536188521678 -0.022268980654113913 -0.020378229243586371 0.036787566903474324 -0.019697364771367892 0.0070167393189136994 0.0034203426902467827 -0.0086333016483420202 0.032788573912970319 -0.0069693412974265222 -0.013568354488591528 0.039805772883969859 -0.0023685545751871745 0.011545460985703615
leaf_weight=13.414259897544978 66.920391020830721 12.070644994731991 36.56085598655045 10.404930666554717 44.890443361829966 17.437542014755309 492.18379033636302 141.48645894275978 16.927083782851696 23.693624207749963 18.521251486614347 18.258804925717413 21.504876336548477 92.134121270850301
leaf_count=254 2175 612 5081 916 2753 1076 18398 3605 298 440 779 457 1339 3132
internal_value=0.00117009 0.00756399 -0.00120136 0.00947151 -7.34881e-06 -0.0115149 0.00110418 -0.00581934 0.00750102 0.0108873 0.0076231 0.0108009 0.0144963 0.0181752
internal_weight=1026.41 280.436 745.973 268.365 709.412 62.328 647.085 154.901 257.96 191.04 174.113 155.591 131.898 110.393
internal_count=41315 10148 31167 9536 26086 3829 22257 3859 8620 6445 6147 5368 4928 3589
is_linear=0
shrinkage=0.05


Tree=101
num_leaves=15
num_cat=0
split_feature=141 105 141 141 105 159 28 159 87 136 22 52 136 45
split_gain=5.53555 5.89514 5.74398 14.2039 11.9946 4.0495 5.20538 4.29432 4.07963 4.00894 3.36465 4.71294 5.93187 5.06515
threshold=19317.200140000004 14363.800500000003 13295.477070000003 11589.300220000001 12033.101000000001 5869.7999500000005 0.41899999976158148 10079.900000000001 29660.000000000004 3368.0801000000006 135379.00000000003 -3.4112475482030247 2830.4800500000006 -2687.3000488281245
decision_type=2 2 2 2 2 2 2 2 2 2 2 2 2 2
left_child=1 2 3 5 -5 6 8 -7 -1 -3 11 12 13 -9
right_child=-2 9 -4 4 -6 7 -8 10 -10 -11 -12 -13 -14 -15
leaf_value=-0.014639439418038816 -0.016974778297280679 0.040541036685840547 -0.019263832697729175 0.060041047556073271 -0.0016471910139051063 0.022720746971013318 -0.019698190995866748 0.0053597824296462366 0.0058850150662808458 0 -0.016601446037723188 0.011963151111120902 0.024006960359659074 -0.0040206088449785326
leaf_weight=29.346597723662853 35.146511788014323 11.404806789942088 27.80749090295285 13.984226997476073 10.448177867569028 20.319852698594332 45.460016656666994 222.99350049579516 76.948212489485741 11.269644316285847 19.167344524525106 101.06938105728477 20.733833041042089 381.16816886840388
leaf_count=706 2711 479 1460 665 477 550 1218 11151 1812 651 447 4143 751 14094
internal_value=0.00111525 0.00188816 0.00117813 0.00193318 0.0361638 0.000776001 -0.00647201 0.00231053 0 0.0247411 0.00153955 0.0021972 0.000455878 -0.000460691
internal_weight=1027.27 992.121 969.447 941.639 24.4324 917.207 151.755 765.452 106.295 22.6745 745.132 725.965 624.896 604.162
internal_count=41315 38604 37474 36014 1142 34872 3736 31136 2518 1130 30586 30139 25996 25245
is_linear=0
shrinkage=0.05


Tree=102
num_leaves=15
num_cat=0
split_feature=83 103 158 163 70 138 136 88 22 25 9 45 22 23
split_gain=5.71359 6.13341 5.46088 5.17305 4.71797 4.44496 4.79189 4.37035 3.95619 4.96687 3.83572 3.52547 4.64003 4.0817
threshold=1.0000000180025095e-35 5238.5501500000009 -0.52402710571805555 1.6044018139097747 24609.500000000004 1137.1665612600139 566.10000000000014 49300.000000000007 15401.899902343752 0.4314000010490418 1.0000000180025095e-35 -1256.1000366210935 40850.400390625007 50001.000000000007
decision_type=2 2 2 2 2 2 2 2 2 2 2 2 2 2
left_child=1 2 3 5 -2 6 10 8 9 -8 11 12 -1 -14
right_child=4 -3 -4 -5 -6 -7 7 -9 -10 -11 -12 -13 13 -15
leaf_value=-0.0029263364380459978 0.0052167874937164207 -0.019974084071498067 -0.0050440953240673521 -0.020876893028900511 0.034371922912154164 0.031170107708120915 -0.025294548113332472 -0.013122323062795675 0.0093439846912071606 0.010836201015747039 0.024692749338161509 0.021749364608169466 0.033758861235957983 0.0016174219533244194
leaf_weight=116.88440510910004 271.69409021385945 36.01837450126186 308.22882559057325 14.714377540629355 10.832736652111633 11.265268596820531 17.68387149181217 57.462912098038942 77.158187542110682 10.283946054987611 28.79873536946252 23.409368473105133 13.719762394204734 29.863083063624799
leaf_count=4119 9232 5081 11929 684 916 425 513 2148 2784 326 893 697 567 1001
internal_value=0.00107241 -0.00117235 -1.4741e-05 0.00374018 0.00708684 0.00505964 0.00374479 -0.00244725 0.00326468 -0.0108639 0.00865574 0.00529212 0.00200445 0.0151977
internal_weight=1028.02 745.491 709.473 401.244 282.527 386.53 375.264 162.589 105.126 27.9678 212.675 183.877 160.467 43.5828
internal_count=41315 31167 26086 14157 10148 13473 13048 5771 3623 839 7277 6384 5687 1568
is_linear=0
shrinkage=0.05


Tree=103
num_leaves=15
num_cat=0
split_feature=33 141 31 159 92 155 70 138 45 43 43 25 45 22
split_gain=5.19177 5.97654 5.0096 6.77091 5.70416 5.60515 8.14628 6.81215 6.13623 4.55487 4.97158 5.08537 5.44708 8.1723
threshold=1.0000000180025095e-35 19317.200140000004 11.500000000000002 22599.300100000004 -1.0000000180025095e-35 15.506079139903155 14260.500000000002 57.735026918962575 -1740.9000244140623 1.1332289622671177 1.0218326960233624 0.21499999612569812 -2516.500122070312 64004.201171875007
decision_type=2 2 2 2 2 2 2 2 2 2 2 2 2 2
left_child=1 2 3 -1 -4 6 7 -5 -7 10 11 12 13 -6
right_child=-2 -3 4 5 9 8 -8 -9 -10 -11 -12 -13 -14 -15
leaf_value=-0.011957232988190286 0.030258651908422415 -0.018769867613927276 -0.0094443561126813028 0.037089360596288527 0.017439906745508726 -0.019635039274972274 -0.0061027200490503496 -0.0034192895132694767 0.0099418144931165756 -0.017680973210028986 0.026180132442863876 0.0080519212583426807 -0.0079842509199130572 -0.013547741850030701
leaf_weight=137.92348999413662 10.051905560307203 33.187764768954366 68.834401878062636 30.410794768482447 62.431289880303666 34.983807372394949 27.190082379616797 10.552670613396911 24.629968544933945 15.550878694979472 24.972676096949726 396.18008830794133 126.57821291522123 25.037277594674379
leaf_count=4233 320 2682 2518 751 2848 1474 2006 406 758 913 659 16004 4613 1130
internal_value=0.00104083 0.000557193 0.00135018 -0.00438042 0.0035507 0.00356435 0.0131742 0.0263293 -0.00681756 0.00506306 0.00583172 0.00471172 -0.00128509 0.00777624
internal_weight=1028.52 1018.46 985.276 265.691 719.585 127.767 68.1535 40.9635 59.6138 650.75 635.2 610.227 214.047 87.4686
internal_count=41315 40995 38313 9628 28685 5395 3163 1157 2232 26167 25254 24595 8591 3978
is_linear=0
shrinkage=0.05


Tree=104
num_leaves=15
num_cat=0
split_feature=83 27 22 79 0 22 146 158 124 158 27 0 146 0
split_gain=5.01875 6.08612 5.33149 6.80428 5.46307 5.01984 3.98935 3.90232 5.13209 4.03611 3.82645 4.21344 3.78261 4.0963
threshold=1.0000000180025095e-35 19999.000000000004 23179.600585937504 1.0000000180025095e-35 1474.7000122070315 54064.500000000007 2.3996680865547977 -0.52402710571805555 2220.2000500000004 -2.6003224607283362 11620.800292968752 4205.9001464843759 -1.2945867848308266 4027.500122070313
decision_type=2 2 2 2 2 2 2 2 2 2 2 2 2 2
left_child=6 2 4 5 -2 -4 7 9 10 12 11 -9 -1 -14
right_child=1 -3 3 -5 -6 -7 -8 8 -10 -11 -12 -13 13 -15
leaf_value=0.00081433757438916345 0.014452733283836611 -0.022030613612483724 0.02669246043925529 -0.015012745863233876 -0.0060096289167634407 0.0048627001774529683 -0.023074703920833679 -0.0077100877150443892 -0.027665815328078571 0.007642915380854657 0.014527249893410586 0.0076497633639595296 0.0043168458022128679 -0.026531138004453843
leaf_weight=185.8036077558063 44.564697572495788 11.929279802367089 75.428205271018669 11.535691007040439 88.646959924371913 52.613082121359184 15.249031564220784 216.58809821261093 18.198336009401828 202.33451278484426 23.081330877263099 48.55444215843454 11.366338007384909 23.540114486124367
leaf_count=5186 1236 612 3037 552 2907 1804 2893 7286 1343 8462 1279 2028 971 1719
internal_value=0.000979204 0.00659032 0.00839594 0.0150697 0.000749299 0.0186181 -0.00112898 -0.00044818 -0.00476087 0.00257793 -0.00269705 -0.00462269 -0.00191029 -0.0159511
internal_weight=1029.43 284.718 272.789 139.577 133.212 128.041 744.716 729.467 306.422 423.045 288.224 265.143 220.71 34.9065
internal_count=41315 10148 9536 5393 4143 4841 31167 28274 11936 16338 10593 9314 7876 2690
is_linear=0
shrinkage=0.05


Tree=105
num_leaves=15
num_cat=0
split_feature=155 156 110 78 146 155 159 156 159 156 28 5 141 41
split_gain=7.73859 4.74449 8.4885 9.80671 7.97004 5.34468 7.29734 4.80785 4.44617 3.78555 3.48318 3.32522 3.11741 2.9916
threshold=-10.645166994572902 0.71337618582589302 1.0000000180025095e-35 1.0000000180025095e-35 -1.5612460845483518 7.9258224362083549 22399.100170000002 0.67737065217391323 48999.500000000007 1.5906941639846346 0.39499999582767492 1.0000000180025095e-35 1469.6529560000001 0.21057064878606011
decision_type=2 2 2 2 2 2 2 2 2 2 2 2 2 2
left_child=-1 4 3 11 7 6 -5 13 -8 -4 12 -3 -7 -2
right_child=1 2 9 5 -6 10 8 -9 -10 -11 -12 -13 -14 -15
leaf_value=0.025222474158833538 0.0027593501419712709 -0.019402411819077748 0.032921479022381038 -0.0099066569633496429 -0.014005309439290528 0 0.040515968237767069 0.030439191926656724 0 0 0.0051179320302867023 0.00044701945926897414 -0.027445474013997329 -0.018257516719362217
leaf_weight=23.907541834749281 635.47473633731715 142.28869187925011 12.91653483361006 14.037864442449061 72.193480478134006 12.121174847241493 18.502217688597742 10.813977053854613 10.82357878051698 14.051444465294479 25.463951567187905 18.691200942033902 19.696609194856137 11.92656215187162
leaf_count=514 20958 7945 1230 573 4589 312 452 428 164 870 1051 761 910 756
internal_value=-0.000227139 -0.0009933 -0.00638858 -0.00933804 0.00109939 0.00243652 0.0151425 0.00292457 0.0282863 0.0176462 -0.00682286 -0.0168524 -0.0171344 0.00215857
internal_weight=1042.91 1019 288.593 261.625 730.409 100.645 43.3637 658.215 29.3258 26.968 57.2817 160.98 31.8178 647.401
internal_count=41513 40999 14268 12168 26731 3462 1189 22142 616 2100 2273 8706 1222 21714
is_linear=0
shrinkage=0.05


Tree=106
num_leaves=15
num_cat=0
split_feature=22 163 138 0 158 157 135 88 105 22 19 138 153 165
split_gain=5.83418 5.79802 5.10166 7.48698 4.71936 3.39332 9.0554 7.99433 6.18478 6.28219 6.37889 4.5093 4.39813 5.13695
threshold=14201.399902343752 0.95250626566416041 921.33772071570377 3411.500122070313 11.639661065191168 550.64285805194811 860.58061972222242 36100.000000000007 366.70001000000008 23978.799804687504 1.0000000180025095e-35 394.73323732140358 1451.6289289809758 0.9496741294860841
decision_type=2 2 2 2 2 2 2 2 2 2 2 2 2 2
left_child=4 -2 5 -4 -1 8 -7 11 9 -3 12 -8 13 -11
right_child=1 2 3 -5 -6 6 7 -9 -10 10 -12 -13 -14 -15
leaf_value=0.0085470599012238725 -0.009718312491326233 -0.010856282435218927 0.035437786216527337 -0.0037580736731024252 -0.011413402038895246 -0.020342821138402058 0.018357636534005458 -0.014127222841677884 0.023520891572112106 -0.010389736289996411 0.021140486260663362 -0.0045926610020961631 -0.012815180921629008 0.010016298200903056
leaf_weight=236.03328479360789 197.16920466884039 94.168640787014738 19.177390730939806 18.780960940290242 27.378617563284934 69.169694631360471 56.337809154763818 45.85440233675763 24.723762654699385 35.868678907398134 39.695275077130646 25.697384153492749 44.344955232227221 107.85394115140662
leaf_count=7215 10085 3464 999 1069 644 2657 1992 1784 783 1608 1497 1167 1916 4633
internal_value=-0.000198765 -0.00242234 2.72907e-05 0.0167004 0.00611216 -0.00118716 -0.00639524 0.0012537 0.00168007 -0.000178397 0.00415994 0.0107432 0 0.00440931
internal_weight=1042.25 778.842 581.673 37.9584 263.412 543.715 197.059 127.89 346.655 321.931 227.763 82.0352 188.068 143.723
internal_count=41513 33654 23569 2068 7859 21501 7600 4943 13901 13118 9654 3159 8157 6241
is_linear=0
shrinkage=0.05


Tree=107
num_leaves=15
num_cat=0
split_feature=155 138 155 137 153 70 110 23 163 136 70 137 42 136
split_gain=6.77322 5.13843 14.0935 3.39015 4.49219 4.36814 6.32883 4.24607 3.69722 3.66281 3.36648 3.26227 3.22712 2.97381
threshold=-10.645166994572902 921.33772071570377 -2.9038160144189971 400.10000000000008 1377.8499747474177 21930.500000000004 1.0000000180025095e-35 39999.900390625007 1.5717669172932334 1569.7 24001.000000000004 1738.0190500000001 0.77379755443665876 1489.2070500000002
decision_type=2 2 2 2 2 2 2 2 2 2 2 2 2 2
left_child=-1 3 -3 5 11 12 10 -8 9 -6 -7 13 -2 -5
right_child=1 2 -4 4 8 6 7 -9 -10 -11 -12 -13 -14 -15
leaf_value=0.023328152655457235 -0.017154171354712113 0.048060831446392227 -0.0029695595259076118 -0.0078045167943839727 0.026745545012564875 -0.028103615713336295 -0.011922144373041951 0.021469647206576556 -0.0079483452282594225 -0.0013251294328286197 -0.0010074649584032346 0.0023212165958705635 0.0021773384426687055 -0.024192564028860053
leaf_weight=24.590741714462638 16.982520730467513 14.646661139558999 36.768001817166805 114.66066682105884 19.63351770862937 35.618975935736671 10.511477886466311 17.01559555483982 26.159592422191054 15.224086243193595 22.080920729786158 33.237071877345443 609.07776054902934 45.874954371247441
leaf_count=514 1036 711 2067 4319 567 2568 1263 1156 1018 538 2397 1237 19966 2156
internal_value=-0.000193095 -0.000921751 0.0136525 -0.00181519 -0.00670374 0 -0.0103194 0.0073089 0.00430752 0.0146029 -0.019439 -0.0104438 0.00144196 -0.0133789
internal_weight=1042.08 1017.49 51.4147 966.077 254.79 711.287 85.227 27.5271 61.0172 34.8576 57.6999 193.773 626.06 160.536
internal_count=41513 40999 2778 38221 9835 28386 7384 2419 2123 1105 4965 7712 21002 6475
is_linear=0
shrinkage=0.05


Tree=108
num_leaves=15
num_cat=0
split_feature=22 90 87 87 110 22 153 90 45 159 22 70 153 45
split_gain=5.0866 5.24778 4.99141 6.57505 4.36904 6.30764 3.8378 3.43617 7.61479 3.67318 3.51334 5.1168 6.00831 5.0174
threshold=12998.100097656252 1.5000000000000002 42969.000000000007 69025.60000000002 1.0000000180025095e-35 22376.799804687504 1641.2849373523534 1.5000000000000002 -1050.700012207031 18269.599950000003 8998.8999023437518 9572.5000000000018 738.59015864245941 -1379.3000488281248
decision_type=2 2 2 2 2 2 2 2 2 2 2 2 2 2
left_child=7 2 4 -4 5 6 -2 8 9 -1 13 -12 -13 -9
right_child=1 -3 3 -5 -6 -7 -8 10 -10 -11 11 12 -14 -15
leaf_value=-0.011906787155166148 -0.0070160237488975158 0.00050245980189066739 0.028547561310910036 -0.01174127228209397 0.0040595983081434519 -0.020362776501681668 0.020460819485432612 0.0096149102185352671 0.040464781216539347 0.014170486583611575 0.013634724720506714 0.013174809686896945 -0.025436380462643404 -0.021761241087578924
leaf_weight=17.442997846752405 49.566570608876646 586.85452619171701 15.609421175438912 13.758360958192496 33.970859126420692 120.13561839959584 11.502026026835663 15.232302592135964 17.053002608474344 26.625729417195544 78.333456379827112 12.018409162294121 17.798518414143473 25.958884715102613
leaf_count=456 2553 21142 627 568 2920 7195 348 401 519 1179 1792 474 661 678
internal_value=-0.000186229 -0.0019962 -0.00808277 0.00925581 -0.0108327 -0.0139272 0 0.00661206 0.0162322 0.00266826 0.00195255 0.00689818 -0.00878014 -0.00929121
internal_weight=1041.86 831.397 244.543 29.3678 215.175 181.204 61.0686 210.463 61.1217 44.0687 149.342 108.15 29.8169 41.1912
internal_count=41513 35353 14211 1195 13016 10096 2901 6160 2154 1635 4006 2927 1135 1079
is_linear=0
shrinkage=0.05


Tree=109
num_leaves=15
num_cat=0
split_feature=22 26 159 125 45 125 156 146 126 25 79 158 158 110
split_gain=4.61178 4.15004 6.79706 4.28742 7.75418 6.20675 5.67298 5.61622 4.82648 4.39008 4.21857 3.96052 4.29694 3.85416
threshold=12998.100097656252 1.0000000180025095e-35 13168.599960000001 526.30000000000007 -2331.500122070312 981.10000000000002 -4.3599561127987787 -2.7251914095381662 277.51665889593562 0.40534999966621404 1.0000000180025095e-35 11.639661065191168 -1.9604728586467064 1.0000000180025095e-35
decision_type=2 2 2 2 2 2 2 2 2 2 2 2 2 2
left_child=11 3 -3 7 5 9 -7 10 -8 -5 -2 12 -1 -9
right_child=1 2 -4 4 -6 6 8 13 -10 -11 -12 -13 -14 -15
leaf_value=0 0.0062443381827763647 0.011345390246685363 -0.025187306971952175 -0.024179464600644636 -0.025014450505800569 -0.012220238068341565 0.033162120947610528 -0.0073268824076988572 -0.00033491169106949744 0.0054359407168304841 -0.01069075987293165 -0.01139994013720242 0.015263385520811086 0.010316543237269505
leaf_weight=84.490929655032232 359.91053521959111 12.459435460623352 38.36277146381326 27.25941313104704 43.472381266998127 12.199908352456985 22.956742925103754 222.68217604421079 12.671928337309508 14.123856376856564 34.381523037562147 21.400608274620026 105.66231297398917 29.225208383053541
leaf_count=2560 11650 390 2032 1146 1799 552 758 11238 698 479 1985 491 3109 2626
internal_value=-0.000159623 -0.00189191 -0.0151214 -0.000873954 -0.00891583 0 0.0115657 0.000756284 0.0214426 -0.0134975 0.00452703 0.00629025 0.00877845 -0.0049244
internal_weight=1041.26 829.706 50.8222 778.884 132.684 89.2118 47.8286 646.199 35.6287 41.3833 394.292 211.554 190.153 251.907
internal_count=41513 35353 2422 32931 5432 3633 2008 27499 1456 1625 13635 6160 5669 13864
is_linear=0
shrinkage=0.05


Tree=110
num_leaves=15
num_cat=0
split_feature=161 72 158 158 26 73 123 25 35 41 22 45 25 136
split_gain=6.84011 14.9847 5.45533 5.31917 4.96706 5.93659 4.62986 4.57188 4.59699 4.53784 5.15749 5.29755 5.01423 4.8287
threshold=1.0000000180025095e-35 1.0000000180025095e-35 66.338227561380108 7.3946720045432439 1.0000000180025095e-35 1.0000000180025095e-35 1335.2500100000002 0.25800000131130224 12019.000000000002 0.046309352220217558 32982.000000000007 -4407.3000488281241 0.40534999966621404 1729.7
decision_type=2 2 2 2 2 2 2 2 2 2 2 2 2 2
left_child=4 2 6 -3 5 7 -2 -1 -9 10 -7 12 -12 -11
right_child=1 3 -4 -5 -6 9 -8 8 -10 13 11 -13 -14 -15
leaf_value=0 -0.012061818966542723 0.029759212339510784 0.017808677754667872 0 -0.010583823859840934 0.0064086114553368358 0.012469084142639702 0.03695314035671364 0.0069545575665386373 0.0053846957258347717 -0.0032617762733238723 -0.011739723379805108 0.021408987840888644 0.043618827229731899
leaf_weight=25.679722461150959 236.51843652175739 34.841143923345953 12.942813024856148 22.140716308262199 38.467759612947702 378.90516130253673 14.921974425902588 34.048540265765041 30.433223142987117 30.199739731382579 50.890406939201057 93.292548588011414 26.01782834995538 10.332034053746609
leaf_count=1546 14987 1071 362 648 1487 10188 921 1188 1626 992 1939 3553 885 338
internal_value=0.00278248 -0.00314938 -0.00833461 0.0188338 0.00550906 0.00656335 -0.0101963 0.0183702 0.0250337 0.00453458 0.00313682 -0.00383656 0.00527124 0.0199488
internal_weight=1039.63 321.365 264.383 56.9819 718.267 679.799 251.44 90.1615 64.4818 589.638 549.106 170.201 76.9082 40.5318
internal_count=41731 17989 16270 1719 23742 22255 15908 4360 2814 17895 16565 6377 2824 1330
is_linear=0
shrinkage=0.05


Tree=111
num_leaves=15
num_cat=0
split_feature=34 35 155 21 41 41 124 31 83 7 89 137 106 134
split_gain=5.02221 6.9745 9.38134 5.42162 4.79055 5.13855 6.29247 4.37948 4.28025 6.43232 4.87048 10.0263 4.33239 5.12115
threshold=1.0000000180025095e-35 13000.700195312502 7.7135752791091088 1.0000000180025095e-35 0.036300716674733731 0.29476237357678453 639.50002000000006 10.500000000000002 1.0000000180025095e-35 1.0000000180025095e-35 24090.000000000004 315.38001000000003 1.0000000180025095e-35 4689.3000000000011
decision_type=2 2 2 2 2 2 2 2 2 2 2 2 2 2
left_child=3 -2 -3 4 8 6 7 -6 9 10 12 -12 -1 -14
right_child=1 2 -4 -5 5 -7 -8 -9 -10 -11 11 -13 13 -15
leaf_value=-0.010033139339065944 -0.0078907971814945813 0.053528388476807368 -0.00046381736266186001 -0.024726780103791448 0 -0.008659526055544051 -0.0069683799673688571 0.038033185427228007 0.0068435756932340346 0.02758070837470061 0.009390641353347131 -0.0090606460714663349 0.0096373898879735485 -0.0095701401860210263
leaf_weight=211.61948420805857 10.861504850909112 14.634858408477159 10.470184581354259 13.453167103463782 11.084137191530315 12.584142897510899 10.567248962353913 32.005468296119943 257.65089357597753 14.444636534899471 204.46550577413291 106.80087394081056 75.750950484070927 54.84554379968904
leaf_count=11280 312 418 414 561 481 956 434 1026 9197 475 6078 4237 2462 3400
internal_value=0.00267868 0.0199843 0.0330126 0.00191419 0.00244793 0.0150226 0.0216939 0.0297564 0.00141839 -0.00063536 -0.00153967 0.00285844 -0.00566758 0.00114677
internal_weight=1041.24 35.9665 25.105 1005.27 991.819 66.241 53.6569 43.0896 925.578 667.927 653.482 311.266 342.216 130.596
internal_count=41731 1144 832 40587 40026 2897 1941 1507 37129 27932 27457 10315 17142 5862
is_linear=0
shrinkage=0.05


Tree=112
num_leaves=15
num_cat=0
split_feature=70 31 155 24 70 27 159 135 164 159 25 22 135 22
split_gain=3.98221 5.58167 7.16683 4.86149 4.1043 3.9261 4.96551 3.86701 5.25591 6.30231 5.26653 6.66964 4.56555 4.91259
threshold=9056.5000000000018 17.000000000000004 40.13249924562664 999.80001831054699 8264.5000000000018 20796.200195312504 87999.500000000015 454.45000850000008 1.0000000180025095e-35 19343.483000000004 0.38849999010562902 47217.000000000007 738.62500958333351 14201.399902343752
decision_type=2 2 2 2 2 2 2 2 2 2 2 2 2 2
left_child=3 2 -2 4 7 6 -3 8 9 10 11 -1 13 -9
right_child=1 5 -4 -5 -6 -7 -8 12 -10 -11 -12 -13 -14 -15
leaf_value=0.020827718229725747 -0.00841522791037457 0.013259748500773758 0.021007725821416537 0.019433079681378453 0.016739574956352154 -0.014918779919890155 -0.013435859393693995 0.008145982493524653 -0.0081538203256426248 0.026383512816884325 -0.00058607474224586851 -0.0098637266506497612 0.00060541616656215307 -0.025064459034832461
leaf_weight=71.927913344930857 234.37570539792068 112.07660567690618 17.081222553737462 49.869621296878904 49.583495595492423 12.987146450206636 14.505191613687201 10.047115281224249 51.160615893080831 37.689523929730058 152.36739307222888 17.248580108396709 178.51198081299663 33.899687482509762
leaf_count=1701 14672 4580 884 1584 1561 1070 757 277 1023 1441 3887 430 6713 1151
internal_value=0.002546 -0.00133459 -0.00585098 0.00494076 0.00350869 0.00637752 0.00942636 0.00209303 0.00554251 0.00832713 0.00482896 0.0141519 -0.00281952 -0.0163938
internal_weight=1043.33 391.026 251.457 652.306 602.436 139.569 126.582 552.853 330.394 279.233 241.544 89.1765 222.459 43.9468
internal_count=41731 21963 15556 19768 18184 6407 5337 16623 8482 7459 6018 2131 8141 1428
is_linear=0
shrinkage=0.05


Tree=113
num_leaves=15
num_cat=0
split_feature=161 70 70 83 156 159 34 163 157 153 163 76 22 22
split_gain=5.89211 13.3987 6.92565 6.0268 8.1186 8.45103 4.46864 3.68348 4.25333 7.0482 3.73659 3.59915 3.38045 4.53259
threshold=1.0000000180025095e-35 9056.5000000000018 12525.000000000002 1.0000000180025095e-35 0.40945110677083335 34694.19999500001 1.0000000180025095e-35 1.8324561403508774 560.7666691666667 732.78911469594732 0.80975927318295748 1.2500000000000002 9201.0000000000018 27998.100585937504
decision_type=2 2 2 2 2 2 2 2 2 2 2 2 2 2
left_child=2 11 6 -3 -5 -6 12 8 9 10 -4 -2 -1 -14
right_child=1 3 7 4 5 -7 -8 -9 -10 -11 -12 -13 13 -15
leaf_value=-0.011633913203318337 -0.0023911150631288464 -0.015370553364662469 0.019642240523182568 -0.020076609327553296 -0.0097141360555128148 0.018297691940350684 0.022833500020777709 -0.0044824839123102835 0 0.04972300474644193 -0.0088098650025315809 0.023929624600963616 0.006799969160479348 -0.0019758332279289931
leaf_weight=36.368686947971582 12.031232737470416 131.51536704646423 33.223140517016873 33.218864356400445 39.192135899327695 60.258906914386898 22.594595407135785 10.734666371718047 14.224931283388285 19.279930923134089 10.321213887305928 44.473102211486548 332.30958128068596 245.64902292564511
leaf_count=838 313 9783 1796 1600 2078 2901 548 542 619 763 753 1314 9119 8764
internal_value=0.00242135 -0.00309397 0.00493494 -0.00799012 -1.82048e-05 0.00684339 0.00295559 0.0178242 0.0216252 0.0268795 0.0116555 0.0177735 0.00196532 0.00299928
internal_weight=1045.4 320.69 724.706 264.185 132.67 99.451 636.922 87.7839 77.0492 62.8243 43.5444 56.5043 614.327 577.959
internal_count=41731 17989 23742 16362 6579 4979 19269 4473 3931 3312 2549 1627 18721 17883
is_linear=0
shrinkage=0.05


Tree=114
num_leaves=15
num_cat=0
split_feature=34 21 156 137 137 163 87 87 137 22 137 23 137 43
split_gain=4.15415 5.03325 4.38374 3.92955 8.85519 7.01237 6.75557 7.19089 5.50462 6.68205 5.03802 7.75582 4.43633 4.6403
threshold=1.0000000180025095e-35 1.0000000180025095e-35 -1.3001100403009047 382.70001000000008 7.9000000000000012 0.47625313283208021 24090.000000000004 16100.000000000002 62.235000000000007 26396.700195312504 151.68700000000004 25998.700195312504 982.90097500000013 1.0464619245532087
decision_type=2 2 2 2 2 2 2 2 2 2 2 2 2 2
left_child=1 3 -2 4 6 -5 7 -1 9 -6 -10 -12 -7 -14
right_child=2 -3 -4 5 8 12 -8 -9 10 -11 11 -13 13 -15
leaf_value=0 0.036199406972557212 -0.02428355958405562 0.0010170909409257321 0.027399597942830079 0.0056655380387646967 -0.010634755903425028 0.0091238590764458165 -0.021735514007534387 -0.0037611265032908244 0.056182986181717368 0.031451822360995522 -0.0018228319967231493 -0.0013073463139355028 0.027186129827974054
leaf_weight=360.55945946578868 13.539296837523578 13.179932882543651 23.570356913143769 12.737918197177349 16.547697306610647 145.87685915478505 185.72246889444068 37.39051794167608 40.854702198877931 12.448388439137487 34.564064210280776 25.719445241615176 113.72236002632417 10.968178695999084
leaf_count=17539 339 561 805 549 477 5927 5333 968 1296 429 1276 1089 4825 318
internal_value=0.0022983 0.00159418 0.0178147 0.00210559 0.00410355 -0.00273885 0.00132736 -0.00225523 0.0156754 0.0338975 0.00862932 0.0174373 -0.00481057 0.00176498
internal_weight=1047.4 1010.29 37.1097 997.112 713.807 283.305 583.672 397.95 130.134 28.9961 101.138 60.2835 270.567 124.691
internal_count=41731 40587 1144 40026 28407 11619 23840 18507 4567 906 3661 2365 11070 5143
is_linear=0
shrinkage=0.05


Tree=115
num_leaves=15
num_cat=0
split_feature=91 121 25 125 144 125 125 45 41 45 70 82 146 45
split_gain=5.3593 4.98197 4.7696 3.99902 3.84984 4.44447 4.53554 4.42047 6.10927 6.15853 6.0935 5.51817 9.51977 5.35724
threshold=-1.0000000180025095e-35 9.5000000000000018 0.084599998896010234 2400.5000000000005 1.0000000180025095e-35 240.10000000000002 740.60000000000002 -2516.500122070312 0.083337500300950246 -2238.099975585937 8019.5000000000009 1.0000000180025095e-35 0.36111135225267965 -1683.4000244140623
decision_type=2 2 2 2 2 2 2 2 2 2 2 2 2 2
left_child=2 3 -1 4 7 -6 -7 11 9 -9 13 12 -2 -11
right_child=1 -3 -4 -5 5 6 -8 8 -10 10 -12 -13 -14 -15
leaf_value=0.0070923247429811173 0.012311877625274668 -0.02125280696072708 -0.017014145264029269 -0.019750815941673213 0.039467996967915885 -0.016348614978749117 0.016693559816495004 -0.012991568605125306 -0.025224470205472097 0.0066363689631786203 0.010773309774651419 -0.005829341655404433 -0.0083601593601943178 -0.0086797144056176192
leaf_weight=22.147549721878022 296.86306548770517 16.882938482100144 66.277627898845822 13.933721635956315 10.799336120486258 10.611525967484338 23.288227672688663 67.167073810240254 19.692253797547892 91.769615399651229 145.62440949119627 73.612046959577128 61.577489260816947 129.4174351724796
leaf_count=730 11019 1186 2480 709 311 421 1021 2491 961 2497 6703 2397 5441 3198
internal_value=0.000967895 0.00211231 -0.0103847 0.00269242 0.00318575 0.0169132 0.0042932 0.00234579 -0.00100768 0.000252071 0.00295369 0.00595271 0.00855684 -0.00209785
internal_weight=1049.66 961.239 88.4252 944.356 930.422 44.6991 33.8998 885.723 453.671 433.979 366.811 432.053 358.441 221.187
internal_count=41565 38355 3210 37169 36460 1753 1442 34707 15850 14889 12398 18857 16460 5695
is_linear=0
shrinkage=0.05


Tree=116
num_leaves=15
num_cat=0
split_feature=155 26 158 125 92 71 121 146 103 155 82 156 155 122
split_gain=5.05578 5.44239 4.22723 3.97505 3.99944 4.09207 4.05513 3.36152 2.90709 4.05876 3.47772 4.00473 5.44795 6.28617
threshold=-6.6905319804254519 1.0000000180025095e-35 -3.2434472508378813 2400.5000000000005 -1.0000000180025095e-35 25.208761122518826 9.5000000000000018 -4.4451853696894581 4582.4500000000007 13.82672602215685 1.0000000180025095e-35 1.3596666666666668 9.0480410693851052 2180.2000500000004
decision_type=2 2 2 2 2 2 2 2 2 2 2 2 2 2
left_child=2 3 -1 4 5 7 8 -2 10 -10 11 -6 13 -13
right_child=1 -3 -4 -5 6 -7 -8 -9 9 -11 -12 12 -14 -15
leaf_value=0.0071154575086110651 0.01845469079552765 -0.01244144170508963 -0.015674674832406092 -0.020138809584819676 0.0061605238231510311 -0.019677006755575668 -0.017545024174355089 -0.0072079183134743834 -0.013373716594089724 0.012389167127636947 -0.00013084860606625293 0.03573476127603565 -0.0066820905528761484 -0.0025491844210120342
leaf_weight=20.979326587170362 15.585662472061811 54.781204071128741 71.362693354487419 12.629846763331441 523.31826188717969 30.999355226755142 14.482498780824242 26.284918646793813 41.634626449551433 16.506024128058925 164.02853649901226 37.511338976211846 10.448999194428323 10.366208471357821
leaf_count=419 446 2689 2012 673 18892 1446 1056 874 4276 2469 4238 1260 432 383
internal_value=0.000895335 0.0020315 -0.00988376 0.00302738 0.00352202 -0.00711387 0.00456734 0.00222747 0.00513356 -0.00486591 0.00600705 0.00780958 0.020161 0.0270429
internal_weight=1050.92 958.577 92.342 903.796 891.166 72.8699 818.296 41.8706 803.814 58.1407 745.673 581.645 58.3265 47.8775
internal_count=41565 39134 2431 36445 35772 2766 33006 1320 31950 6745 25205 20967 2075 1643
is_linear=0
shrinkage=0.05


Tree=117
num_leaves=15
num_cat=0
split_feature=92 28 122 144 26 159 0 86 22 0 87 137 159 82
split_gain=4.48344 4.42638 3.7806 6.265 4.58019 4.51317 5.6357 4.46137 5.10176 4.35728 4.06789 5.61126 4.35112 3.95171
threshold=-1.0000000180025095e-35 0.084599998896010234 4575.0000000000009 1.0000000180025095e-35 1.0000000180025095e-35 14088.750000000002 2516.700073242188 1.0000000180025095e-35 17998.100585937504 2102.500122070313 29660.000000000004 389.50000000000006 11199.300000000001 1.0000000180025095e-35
decision_type=2 2 2 2 2 2 2 2 2 2 2 2 2 2
left_child=1 -1 3 4 5 6 9 13 -9 -2 12 -12 -8 -7
right_child=2 -3 -4 -5 -6 7 10 8 -10 -11 11 -13 -14 -15
leaf_value=0.0070661714935326171 -0.0024973167714957643 -0.016185733366561539 -0.0059626156537954935 0.023894687621585975 -0.012571218167445705 0.010265608020061847 -0.022274977774226032 0.011525650445839844 -0.019530759215106903 -0.021772959716721982 0.020923566641542223 -0.0074762407866386773 0.010443811491815901 0
leaf_weight=22.155295408330858 118.13281394308433 64.729240380693227 124.94752899510786 30.292128386907279 43.651342822238803 330.93476257263683 16.676966552156959 15.013413710286839 29.930748437065631 38.680932959076017 53.808833796530962 18.566764510236681 12.638327970169483 131.93418546044268
leaf_count=730 2741 2480 6443 810 2261 15844 578 955 2438 889 1107 508 374 3407
internal_value=0.000824203 -0.00965053 0.00186351 0.0031148 0.00213447 0.00311303 -0.00209828 0.00585797 -0.00804011 -0.00808686 0.00661403 0.0129795 -0.00724582 0.00738582
internal_weight=1052.09 86.8845 965.209 840.261 809.969 766.318 258.505 507.813 44.9442 156.814 101.691 72.3756 29.3153 462.869
internal_count=41565 3210 38355 31912 31102 28841 6197 22644 3393 3630 2567 1615 952 19251
is_linear=0
shrinkage=0.05


Tree=118
num_leaves=15
num_cat=0
split_feature=155 26 158 125 43 158 163 106 43 79 43 110 103 70
split_gain=4.4916 4.58735 3.94608 3.64332 3.31019 3.25669 6.69934 5.00749 3.99317 4.97727 4.47892 3.08241 7.36711 4.08549
threshold=-6.6905319804254519 1.0000000180025095e-35 -3.2434472508378813 2400.5000000000005 1.2882399858206313 22.095541508145882 1.0949874686716796 2.5000000000000004 1.020025174401209 1.0000000180025095e-35 1.0909305846706971 1.0000000180025095e-35 4363.5000000000009 22844.000000000004
decision_type=2 2 2 2 2 2 2 2 2 2 2 2 2 2
left_child=2 3 -1 4 5 8 -7 -8 9 11 -10 12 -2 -13
right_child=1 -3 -4 -5 -6 6 7 -9 10 -11 -12 13 -14 -15
leaf_value=0.0068584042726968723 0.0032990051001267821 -0.011589185189603043 -0.015129017520246205 -0.019613904422879525 -0.019069295364997237 -0.003896684631717945 0.034987488249439917 0 0.030284865226191716 -0.011948128338712852 0 -0.0014542230001011517 -0.018903870474728461 0.029488277337872834
leaf_weight=21.083749854005873 644.96867032116279 53.576470325700939 70.326921936590225 12.356696720467879 10.792693277122451 26.354047858156264 30.112331087701023 11.179132521152495 22.13410486234352 55.941059735836461 27.710043198196217 13.179204035317523 34.227620358578861 19.158525097183883
leaf_count=419 21517 2689 2012 673 863 574 704 356 594 3397 1080 1077 4025 1585
internal_value=0.00076662 0.00183295 -0.00944635 0.0027387 0.00320972 0.00364321 0.0139766 0.0256529 0.00264739 0.0016318 0.0157989 0.00284516 0.00197706 0.0170325
internal_weight=1053.1 961.691 91.4107 908.114 895.757 884.965 67.6455 41.2915 817.319 767.475 49.8441 711.534 679.196 32.3377
internal_count=41565 39134 2431 36445 35772 34909 1634 1060 33275 31601 1674 28204 25542 2662
is_linear=0
shrinkage=0.05


Tree=119
num_leaves=15
num_cat=0
split_feature=91 25 122 144 37 26 0 158 158 76 138 156 23 165
split_gain=4.00743 4.10254 3.3239 5.61521 3.90424 3.87948 4.29113 5.92278 5.54808 8.3689 6.13559 6.07008 7.48842 5.32317
threshold=-1.0000000180025095e-35 0.084599998896010234 4575.0000000000009 1.0000000180025095e-35 1.0000000180025095e-35 1.0000000180025095e-35 4656.7001953125009 -3.8402099584485589 -1.1799148237601922 1.2500000000000002 417.93647791575347 0.56330492957746492 9308.0000000000018 0.66663101315498363
decision_type=2 2 2 2 2 2 2 2 2 2 2 2 2 2
left_child=1 -1 3 5 -4 6 8 -8 9 10 -2 12 -11 -10
right_child=2 -3 4 -5 -6 -7 7 -9 13 11 -12 -13 -14 -15
leaf_value=0.0067163651646306071 -0.002194516447405198 -0.015629877811879168 -0.0089795155537779597 0.022339842928448976 0.016282247841047776 -0.011738242892737685 -0.0054071802193754286 0.01689037455555209 0.021168960398176104 0.032472206235315472 0.021747206571604474 0.036371752266119266 -0.0045470044066442923 -0.005226437133474501
leaf_weight=22.308929414488375 209.48311134031974 63.728630572091788 112.38868190976791 30.986289747059345 11.743247642181812 42.684043639339507 34.665839878609404 99.899664950324222 14.876399043947456 14.277474886970593 25.424241719767451 28.213716604048386 38.258154091890901 304.90275017730892
leaf_count=730 9631 2480 6037 810 406 2261 1771 3762 570 298 679 752 1074 10304
internal_value=0.000716439 -0.00923579 0.00169551 0.00286433 -0.00566456 0.00192855 0.00282151 0.0108 0.000982705 0.00570169 0.000587542 0.0190944 0.00659221 -0.00353756
internal_weight=1053.84 86.0376 967.804 843.672 124.132 812.685 770.001 134.566 635.436 315.657 234.907 80.7493 52.5356 319.779
internal_count=41565 3210 38355 31912 6443 31102 28841 5533 23308 12434 10310 2124 1372 10874
is_linear=0
shrinkage=0.05


Tree=120
num_leaves=15
num_cat=0
split_feature=0 155 103 41 134 157 35 0 163 35 159 68 153 125
split_gain=5.41482 6.09013 3.46826 3.40307 2.99766 5.42041 6.75731 5.25788 3.78477 6.56325 4.25117 7.06361 4.97551 6.24148
threshold=1352.3000488281252 -11.904988944424957 2143.3666000000007 0.29476237357678453 8687.4000200000028 1810.2333416666668 22873.100585937504 4736.0002441406259 0.52476190476190487 20263.100585937504 39999.500000000007 59100.000000000007 681.80227304544826 981.10000000000002
decision_type=2 2 2 2 2 2 2 2 2 2 2 2 2 2
left_child=1 -1 3 4 5 8 -7 -6 9 -2 12 -12 13 -10
right_child=2 -3 -4 -5 7 6 -8 -9 10 -11 11 -13 -14 -15
leaf_value=0.014767913989252474 0 -0.013274395688273245 -0.0092011564581260322 -0.021821913415073613 -0.015737606271556799 0.047570120749124256 0 0.0076237740129776986 -0.00056345928001050327 0.036717633223846614 0.017618115862386468 -0.0020645914691087299 -0.010335835324836201 0.021219548357081199
leaf_weight=16.54600998852402 25.090010272804648 138.11487249028869 79.740412277868018 10.180520468391476 54.594997567823157 10.079110591672363 14.278841426596044 33.203961885999888 344.06609475007281 15.864987896289675 84.101335622835904 83.321597254835069 112.95085641834885 30.967178759165108
leaf_count=345 713 4359 7896 668 3635 247 393 1412 10302 598 2767 3245 3804 1179
internal_value=-0.00109552 -0.00959267 0.000356864 0.00139871 0.00188488 0.00300392 0.0242255 -0.00642921 0.00202291 0.0159709 0.000961304 0.0077568 -0.00132377 0.00135915
internal_weight=1053.1 154.661 898.44 818.699 808.519 720.72 24.358 87.799 696.362 40.955 655.407 167.423 487.984 375.033
internal_count=41563 4704 36859 28963 28295 23248 640 5047 22608 1311 21297 6012 15285 11481
is_linear=0
shrinkage=0.05


Tree=121
num_leaves=15
num_cat=0
split_feature=0 43 87 26 159 66 139 158 156 134 138 106 31 0
split_gain=4.92997 8.8237 8.28022 7.05827 4.73206 4.68907 4.29353 6.34234 7.97775 7.25229 4.17919 5.03448 4.117 5.04239
threshold=1352.3000488281252 0.98526532108432574 24900.000000000004 1.0000000180025095e-35 11060.799950000002 -3.3749181611983459 1.5000000000000002 6.5968451516409727 -3.0002900680693068 8510.100040000003 65.560449338827226 4.5000000000000009 10.500000000000002 2940.3000488281255
decision_type=2 2 2 2 2 2 2 2 2 2 2 2 2 2
left_child=1 -1 -3 5 -5 10 12 8 -8 -10 11 -2 13 -7
right_child=3 2 -4 4 -6 6 7 -9 9 -11 -12 -13 -14 -15
leaf_value=0.023589902532479685 -0.0011430696035776434 -0.021353093416734973 0.0032411202779727404 0.0078891085609340394 -0.023855118800618334 0.0029358892675453059 -0.0031641022473124485 -0.008836397595826018 0.058187858606728239 0.0017452617811174684 -0.011084687850817117 0.023867884896799398 0.0063029428845512159 -0.017133526550850459
leaf_weight=12.85535954730585 273.94532177527435 95.079675830435008 45.310050878208131 10.149395213928072 41.785771566210315 75.843426974490285 11.381475069094448 11.203652292490004 15.927253674250098 10.870564843760802 97.888653723523021 16.580828475300223 289.0642955286894 43.797506552422419
leaf_count=379 11472 3136 1189 326 2259 2243 453 380 522 617 4989 863 10844 1891
internal_value=-0.00103004 -0.00918034 -0.0132331 0.000347917 -0.0166253 0.0015395 0.00497776 0.0183954 0.0276424 0.040739 -0.00240015 0.000494829 0.00303294 -0.00440245
internal_weight=1051.68 153.245 140.39 898.438 51.9352 846.503 458.088 49.3829 38.1793 26.7978 388.415 290.526 408.705 119.641
internal_count=41563 4704 4325 36859 2585 34274 16950 1972 1592 1139 17324 12335 14978 4134
is_linear=0
shrinkage=0.05


Tree=122
num_leaves=15
num_cat=0
split_feature=45 43 88 66 35 25 35 139 158 105 84 155 105 124
split_gain=4.76201 8.01197 7.08278 3.97633 5.45854 5.59775 4.45809 5.18916 5.69529 4.84785 3.9976 6.50146 5.23885 4.95216
threshold=-1365.3000488281248 0.98526532108432574 24900.000000000004 -3.3749181611983459 15978.800292968752 0.44859999418258673 10718.200195312502 1.5000000000000002 6.5968451516409727 12176.328000000001 1.0000000180025095e-35 6.1897907085833097 6661.4000000000005 1110.5000500000003
decision_type=2 2 2 2 2 2 2 2 2 2 2 2 2 2
left_child=3 -2 -3 4 -1 -6 -5 10 9 -9 11 -8 13 -12
right_child=1 2 -4 6 5 -7 7 8 -10 -11 12 -13 -14 -15
leaf_value=0.0058972539620169365 0.021879256952092481 -0.020344900952012152 0.0022031903483872269 -0.0045530509282735278 -0.0094047745912441954 0.01068790500407989 0.0021441199340785319 0.041493965665632813 -0.0055338177065925101 0 0.018396366296888147 -0.025786621473163913 -0.010819540933811224 -0.0038887024684481132
leaf_weight=109.62643816322088 13.256539564114062 95.273801543051377 46.258294683415443 120.40556554496288 260.16203850321472 33.409057655837387 161.20757115911692 23.328457322902977 10.077937194611875 10.109571246663107 102.43167963344604 18.629449900938198 20.256417401600629 25.976362106390297
leaf_count=3611 390 3216 1213 4457 13043 1583 5012 855 351 595 3118 2032 1042 1045
internal_value=-0.000969042 -0.00893486 -0.0128104 0.000394121 -0.00320261 -0.00681003 0.00344224 0.00618864 0.0217155 0.0308806 0.00368717 -0.00109802 0.0096485 0.0135366
internal_weight=1050.41 154.789 141.532 895.621 403.198 293.571 492.423 372.017 43.516 33.438 328.501 179.837 148.664 128.408
internal_count=41563 4819 4429 36744 18237 14626 18507 14050 1801 1450 12249 7044 5205 4163
is_linear=0
shrinkage=0.05


Tree=123
num_leaves=15
num_cat=0
split_feature=45 42 155 103 110 142 139 136 146 3 105 105 3 79
split_gain=4.46349 4.54023 4.44493 4.02141 3.53612 3.31142 4.23649 4.30155 4.04364 5.18821 3.81165 6.86946 3.05347 3.15927
threshold=-1672.9000244140623 0.98525512507575785 -11.904988944424957 2143.3666000000007 1.0000000180025095e-35 6.5000000000000009 1.5000000000000002 1411.7040000000002 -2.1506463122620976 1.5000000000000002 8677.0000000000018 5999.8000000000011 4.5000000000000009 1.0000000180025095e-35
decision_type=2 2 2 2 2 2 2 2 2 2 2 2 2 2
left_child=3 -2 -3 5 -5 8 -7 -8 10 -10 11 12 13 -1
right_child=1 2 -4 4 -6 6 7 -9 9 -11 -12 -13 -14 -15
leaf_value=0.00080958174261807475 0.015254494361965288 0.013762928496970715 -0.010480412139989485 -0.017531780565585794 0.0026822194936139349 -0.012971559134635758 0.026250453701470278 -0.0052837362588957892 0.01458476635793126 -0.011253931474842138 -0.01495776588122812 0.027485494160968002 0.013762255172665515 -0.015044485102754059
leaf_weight=360.86449801595882 15.890254199039189 14.612467165105043 225.3603788386099 47.151348696788773 28.543233659816906 68.12854624656029 12.439728466793893 20.434934545308352 124.19207588792779 16.843150311149657 28.271967088570818 21.005429024808109 36.453361222986132 29.150328742340207
leaf_count=9987 661 298 7661 4783 2661 4090 604 1248 4095 521 1698 907 1035 1314
internal_value=-0.000916939 -0.00661526 -0.0085493 0.000887826 -0.00959588 0.00212131 -0.00589776 0.00721879 0.00355178 0.0108769 0.00118568 0.00247017 0.000817939 -0.000424229
internal_weight=1049.34 255.863 239.973 793.479 75.6946 717.784 101.003 32.8747 616.781 141.035 475.746 447.474 426.468 390.015
internal_count=41563 8620 7959 32943 7444 25499 5942 1852 19557 4616 14941 13243 12336 11301
is_linear=0
shrinkage=0.05


Tree=124
num_leaves=15
num_cat=0
split_feature=26 159 43 22 155 25 70 159 79 70 90 25 135 106
split_gain=4.42297 4.17456 3.79056 6.49105 5.12442 5.04715 4.74383 6.6031 6.53909 5.91482 4.75645 4.68876 7.10697 7.57761
threshold=1.0000000180025095e-35 10615.532000000001 0.76848518538190114 100004.00000000001 24.882843763245983 0.41674999892711645 20744.500000000004 40718.289920000003 1.0000000180025095e-35 7534.5000000000009 1.5000000000000002 0.42249999940395361 1841.7333458333335 4.5000000000000009
decision_type=2 2 2 2 2 2 2 2 2 2 2 2 2 2
left_child=2 -2 3 -1 6 -6 7 8 11 -9 -11 12 -4 -14
right_child=1 -3 4 -5 5 -7 -8 9 -10 10 -12 -13 13 -15
leaf_value=0.012732390343848153 0.0082061465024651347 -0.020606517225329288 0.00087191381821401551 -0.018330531007488243 -0.01773551902940889 0.0037626880817520133 -0.014336707557716986 -0.015881016128048191 -0.020827176073655251 -0.0022984860032490419 0.022487644425653854 -0.006930472316199917 0.042623513153828695 0.0010161954727100182
leaf_weight=105.82827512570657 10.891946428455411 44.947657847777009 387.61316031962633 14.135340329026802 78.169644973473623 33.31244192738086 46.73681741533801 10.368008159101008 32.753922054311261 19.818033528048545 74.48808392486535 144.7615191442892 17.634263020940125 26.721427664160728
leaf_count=4503 342 2429 11412 473 3108 1300 5326 569 2000 788 2633 4943 457 1280
internal_value=-0.000863708 -0.013952 -1.08331e-05 0.00808514 -0.00122086 -0.0109965 0.000208575 0.00132305 -0.000626401 0.0126411 0.016922 0.000604049 0.00329385 0.0212131
internal_weight=1048.18 55.8396 992.341 119.964 872.377 111.482 760.895 714.158 609.484 104.674 94.3061 576.73 431.969 44.3557
internal_count=41563 2771 38792 4976 33816 4408 29408 24082 20092 3990 3421 18092 13149 1737
is_linear=0
shrinkage=0.05


Tree=125
num_leaves=15
num_cat=0
split_feature=0 25 158 25 22 25 41 25 22 138 22 22 126 87
split_gain=5.99897 5.80968 8.08554 6.80399 5.58548 5.5877 6.85341 6.08947 7.9201 6.01452 5.75164 6.59732 5.35059 5.12336
threshold=4882.6000976562509 0.34099999070167547 2.7452154866139331 0.38849999010562902 39998.900390625007 0.41899999976158148 0.083337500300950246 0.41674999892711645 25978.500000000004 573.14206203619335 14339.000000000002 11923.000000000002 44.473850402512575 51900.000000000007
decision_type=2 2 2 2 2 2 2 2 2 2 2 2 2 2
left_child=4 2 -2 -3 5 6 7 8 9 10 11 -1 -12 -10
right_child=1 3 -4 -5 -6 -7 -8 -9 13 -11 12 -13 -14 -15
leaf_value=-0.0086403734456502804 -0.02148568083016009 0.040868448035207894 0.016912929649022312 0.0058427852446678516 -0.013530250217861379 -0.0092052230399839643 -0.024628199564468746 0.01887776848636602 0.015462387689436414 0.015830054945381238 -0.01676657677901772 0.012236082102375432 0.0063455840540025989 -0.012894874477723244
leaf_weight=76.568442953051999 34.320603789296001 12.164790065493433 15.280232629738746 123.43884171824902 139.71126857376657 214.77739705983549 20.971528695430607 41.697899123188108 96.264624230563641 28.292227483121678 132.29167339927517 64.953659245278686 24.342576912604272 13.044376888778059
leaf_count=2180 1711 92 606 5270 6886 8712 1129 1189 4015 1176 4941 1869 1031 467
internal_value=-0.00267799 0.00525806 -0.00827518 0.0106821 -0.00448012 -0.0025558 0.000273152 0.00171445 -1.00009e-05 -0.00403538 -0.00631535 0.000690523 -0.0127802 0.011225
internal_weight=1038.12 185.204 49.6008 135.604 852.916 713.204 498.427 477.455 435.758 326.449 298.156 141.522 156.634 109.309
internal_count=41274 7679 2317 5362 33595 26709 17997 16868 15679 11197 10021 4049 5972 4482
is_linear=0
shrinkage=0.05


Tree=126
num_leaves=15
num_cat=0
split_feature=0 0 163 144 159 136 0 9 105 121 0 0 87 163
split_gain=5.51718 5.90902 6.82261 4.88678 4.26399 3.92587 3.38987 4.52141 4.28716 4.17196 5.04644 4.48899 4.43539 3.9384
threshold=4882.6000976562509 5825.3000488281259 1.4710526315789474 1.0000000180025095e-35 63999.500000000007 1236.5000000000002 1456.7000122070315 1.0000000180025095e-35 2251.1000000000004 1.0000000180025095e-35 1399.9000244140627 1293.9000244140627 37830.000000000007 0.89605263157894754
decision_type=2 2 2 2 2 2 2 2 2 2 2 2 2 2
left_child=3 2 -2 6 -3 -5 9 -8 13 10 11 12 -1 -9
right_child=1 4 -4 5 -6 -7 7 8 -10 -11 -12 -13 -14 -15
leaf_value=0 0.0063342480470923489 0.0036835218972604586 0.047751510267287661 0.022106837788589694 -0.017279410226361761 -0.004678244302627122 -0.0085724365512665907 -0.0091489431894048318 -0.012611071900826797 -0.014505877479081365 0.028672539523770954 -0.016249429182391039 0.023879212814004812 0.016876069187106987
leaf_weight=80.453383324900642 46.961675613420084 102.47925955220126 10.148724179482086 25.865413943305612 26.022154618054628 17.425470121903345 551.00569549505599 13.499611327890305 23.18774108029902 29.514392447657883 14.261972283013163 24.320205817231908 20.650111401453614 49.313494248082861
leaf_count=2639 2015 3749 584 823 1331 958 23562 411 1017 951 520 866 531 1317
internal_value=-0.00254474 0.00504885 0.0177509 -0.00428225 -0.000675216 0.0109218 -0.00522259 -0.0068916 0.00320732 0.000791364 0.00475871 0.000661135 0.00577421 0.0102834
internal_weight=1035.11 185.612 57.1104 849.497 128.501 43.2909 806.207 637.007 86.0008 169.2 139.686 125.424 101.103 62.8131
internal_count=41274 7679 2599 33595 5080 1781 31814 26307 2745 5507 4556 4036 3170 1728
is_linear=0
shrinkage=0.05


Tree=127
num_leaves=15
num_cat=0
split_feature=0 0 153 25 71 22 138 136 126 126 25 25 22 22
split_gain=5.06082 5.41906 6.15911 5.88982 6.21593 5.10591 5.09487 7.02374 5.01994 4.66723 5.03866 9.05512 9.21517 5.56563
threshold=4882.6000976562509 5825.3000488281259 863.87228544479956 0.21499999612569812 31.21013004791239 39998.900390625007 338.01028187299113 1475.9000000000003 666.94876296492941 388.79525185998176 0.41899999976158148 0.41674999892711645 25978.500000000004 18840.799804687504
decision_type=2 2 2 2 2 2 2 2 2 2 2 2 2 2
left_child=5 2 -2 -3 -5 6 8 -8 9 10 11 12 13 -1
right_child=1 3 -4 4 -6 -7 7 -9 -10 -11 -12 -13 -14 -15
leaf_value=-0.0030206592375574669 0.0024609698135642042 -0.019241094827161052 0.036507892701903626 0.016338954438836643 -0.0071592439994577588 -0.012814485340991701 0.0282624916772206 0 0.017334129724504693 -0.027655105987156765 -0.011069305155235222 0.021625750782902065 0.010387550078373539 -0.019191857312088396
leaf_weight=198.25537399551831 37.995793261099607 28.362327575450763 19.844195302342996 52.155711003113538 47.892685868311673 137.22603806783445 24.749387512914836 81.149918038165197 20.431022646604106 17.887454331386834 171.18989679659717 35.242558294907212 85.140368219232187 74.816148283425719
leaf_count=6341 1639 1320 960 1513 2247 6886 732 3780 941 696 6925 977 3322 2995
internal_value=-0.00240869 0.00484226 0.0169131 -0.000650134 0.00480914 -0.00408268 -0.00224436 0.0074792 -0.00408183 -0.00505918 -0.00401913 -0.000725735 -0.00332987 -0.00789648
internal_weight=1032.34 186.251 57.84 128.411 100.048 846.088 708.862 105.899 602.963 582.532 564.644 393.454 358.212 273.072
internal_count=41274 7679 2599 5080 3760 33595 26709 4512 22197 21256 20560 13635 12658 9336
is_linear=0
shrinkage=0.05


Tree=128
num_leaves=15
num_cat=0
split_feature=45 25 158 25 41 41 35 23 25 123 25 45 138 23
split_gain=4.57685 4.8939 7.43696 6.38204 4.62741 5.58655 4.98382 6.71767 5.65925 5.04587 4.94337 8.59782 3.88042 4.04845
threshold=-4878.7001953124991 0.34099999070167547 2.7452154866139331 0.38849999010562902 0.11615248931783614 0.021596407173868081 42152.800781250007 56404.201171875007 0.41899999976158148 848.56666666666672 0.40534999966621404 -2687.3000488281245 773.78536365623381 25984.799804687504
decision_type=2 2 2 2 2 2 2 2 2 2 2 2 2 2
left_child=1 2 -1 -3 5 6 8 -8 10 -10 12 -12 13 -2
right_child=4 3 -4 -5 -6 -7 7 -9 9 -11 11 -13 -14 -15
leaf_value=-0.020847108176688497 -0.0059931747236086118 0.038435194812205149 0.015893458057885907 0.0048896155899546719 -0.022968982411720545 0.018056720958800256 -0.026746381368151374 0.0016727690855055457 -0.011752907626686793 0.008652846347506132 -0.017946861169621773 0.021441579408878083 0.014778449047465714 0.0052334577739883009
leaf_weight=33.580099309328943 289.2610001610592 12.419312427286057 15.57369717536494 125.41714233136736 26.548996130004525 24.485837487038225 46.515599536709487 28.704172156518325 201.40519802016206 28.88919941522181 12.536747461184857 54.674453904852271 28.086785546736792 101.69001466920599
leaf_count=1713 10116 92 607 5273 1623 713 2575 1453 8375 1038 431 1482 1316 4467
internal_value=-0.00228826 0.00458309 -0.00789042 0.00950181 -0.00388981 -0.0030723 -0.0038977 -0.0158499 -0.00247257 -0.00885114 0.000505968 0.0126682 -0.00145324 -0.00291753
internal_weight=1029.79 186.99 49.1538 137.836 842.798 816.249 791.763 75.2198 716.543 230.294 486.249 67.2112 419.038 390.951
internal_count=41274 7685 2320 5365 33589 31966 31253 4028 27225 9413 17812 1913 15899 14583
is_linear=0
shrinkage=0.05


Tree=129
num_leaves=15
num_cat=0
split_feature=31 50 123 110 9 137 155 158 45 155 45 70 70 43
split_gain=4.59029 5.146 5.0326 4.8386 5.1073 7.32389 4.80426 4.15911 5.36738 7.29504 3.42456 3.13397 3.68052 3.07043
threshold=11.500000000000002 -3.4604221097008439 1207.6333500000003 1.0000000180025095e-35 1.0000000180025095e-35 57.768000000000008 8.709325984736827 -0.95281565242408939 -7332.3002929687491 5.0532613332717853 -3213.3000488281245 14930.000000000002 8873.0000000000018 0.66740956194680001
decision_type=2 2 2 2 2 2 2 2 2 2 2 2 2 2
left_child=1 -1 11 4 7 6 10 -2 9 -9 -6 12 -3 -10
right_child=3 2 -4 -5 5 -7 -8 8 13 -11 -12 -13 -14 -15
leaf_value=0.016590967699176045 -0.0070373455266946536 -0.011790244404012305 0.013081051891917134 0.017666364821831593 0.050012538719164501 -0.0056666269603126247 0 0.031966407311793676 0.013196592070952208 -0.0075008754371734265 0.012291458815849832 -0.023056030494851658 0.0033155704421863382 -0.0032021091467526529
leaf_weight=14.493812937755136 298.18356524873525 145.4454930704087 16.66835688566789 31.268354135332629 11.570069605484603 42.162757212063298 22.096634435234591 24.746547433082014 26.374026083853096 13.868963440181686 25.055115649942309 48.14949564053677 46.248529268428683 260.72780782729387
leaf_count=348 12302 3996 686 2575 366 1605 764 465 1017 389 645 3436 1656 11024
internal_value=-0.00216797 -0.00768977 -0.0095439 -8.54754e-05 -0.00103562 0.00902236 0.0199709 -0.0028003 0.000975145 0.0174102 0.029985 -0.0115555 -0.00789994 -0.0013244
internal_weight=1027.06 271.006 256.512 756.054 724.785 100.885 58.7218 623.901 325.717 38.6155 36.6252 239.844 191.694 287.102
internal_count=41274 10122 9774 31152 28577 3380 1775 25197 12895 854 1011 9088 5652 12041
is_linear=0
shrinkage=0.05


Tree=130
num_leaves=15
num_cat=0
split_feature=110 156 91 122 124 156 35 28 28 159 156 124 67 23
split_gain=6.76253 4.82198 3.94732 3.53308 4.86824 3.65598 3.57134 4.14667 9.18144 5.48394 5.77919 4.19377 3.91016 6.31374
threshold=1.0000000180025095e-35 0.76676452168467213 -1.0000000180025095e-35 6673.0000000000009 915.50002000000006 1.1680625000000002 7913.0000000000009 0.44859999418258673 0.43289999663829809 44999.030000000006 0.27805136363636368 440.50000000000006 0.033323652705701548 14998.500000000002
decision_type=2 2 2 2 2 2 2 2 2 2 2 2 2 2
left_child=2 -2 -1 4 6 -6 -4 8 11 -9 -11 12 -8 -14
right_child=1 -3 3 -5 5 -7 7 9 -10 10 -12 -13 13 -15
leaf_value=-0.011031328718535524 -0.0047129098863141804 0.029250040431441068 -0.0086401934216881783 -0.010134394833501629 0.01642936117169904 -0.0089537756775417716 -0.0021381578098397034 0.0026463380681078178 -0.023877322889468672 0 0.045525889471522245 -0.01314581680167678 -0.0049651334975738155 0.012307561694579073
leaf_weight=85.148660901933908 10.260001311311497 27.202910762513056 106.83529552514665 74.496335610747337 71.256116499658674 11.317203438375143 217.75392962410115 95.123225223040208 35.151028903666884 11.330664875917138 13.391694972058756 41.917007203679532 68.912964651826769 163.53730585821904
leaf_count=3273 1188 1947 4023 4405 2179 425 8633 3276 2335 392 625 1400 1874 5548
internal_value=-0.000173631 0.0193114 -0.00104913 -6.43718e-06 0.000890941 0.0120669 -0.000338609 0.001011 -0.000835003 0.00924133 0.0282205 0.000933877 0.00248463 0.00697955
internal_weight=1033.63 37.4629 996.171 911.023 836.526 82.5733 753.953 647.118 527.272 119.846 24.7224 492.121 450.204 232.45
internal_count=41523 3135 38388 35115 30710 2604 28106 24083 19790 4293 1017 17455 16055 7422
is_linear=0
shrinkage=0.05


Tree=131
num_leaves=15
num_cat=0
split_feature=110 156 91 155 153 28 155 164 106 70 43 142 0 41
split_gain=6.06321 4.32573 3.61609 3.38791 3.16008 4.07723 3.73231 3.26736 4.70714 4.30179 3.77963 4.15912 3.37246 2.94697
threshold=1.0000000180025095e-35 0.76676452168467213 -1.0000000180025095e-35 7.6012709259677465 2962.4417245789932 0.29264999926090246 30.001647310152492 1.0000000180025095e-35 5.5000000000000009 8447.0000000000018 0.76998967299973897 9.5000000000000018 2267.700073242188 0.13173981606205057
decision_type=2 2 2 2 2 2 2 2 2 2 2 2 2 2
left_child=2 -2 -1 -3 7 -6 -7 10 9 -9 -4 13 -11 -12
right_child=1 3 4 -5 5 6 -8 8 -10 12 11 -13 -14 -15
leaf_value=-0.010613989607625923 -0.0045687955852628118 0.0040217367950686573 -0.0081936497203854066 0.042507528786425761 -0.0044561175979189512 0.039978321074766891 0 -0.019441252743485876 0.010474481223217851 0.019002730894092962 0.0038811401339843136 -0.011920470437621129 -0.011090818140105896 -0.012129252362845056
leaf_weight=84.290773578453809 10.213371758582069 14.794437547679992 101.86828470602632 13.161391589092089 13.852141990559174 11.652987458743157 10.883403324056415 69.22003679536283 20.227076662704349 12.311854774598034 588.90198665764183 44.045275563839823 13.951303560286759 24.075045658275485
leaf_count=3273 1188 888 4585 1059 523 397 373 1428 940 248 21927 2981 351 1362
internal_value=-0.00017099 0.018117 -0.00100938 0.0273579 -1.30244e-05 0.0134312 0.0250543 -0.000702397 -0.00836634 -0.0131778 0.000447805 0.00191491 0.00220026 0.00307836
internal_weight=1033.45 38.1692 995.28 27.9558 910.989 36.3885 22.5364 874.601 115.71 95.4832 758.891 657.022 26.2632 612.977
internal_count=41523 3135 38388 1947 35115 1293 770 33822 2967 2027 30855 26270 599 23289
is_linear=0
shrinkage=0.05


Tree=132
num_leaves=15
num_cat=0
split_feature=91 141 159 141 45 135 136 73 87 153 123 77 153 69
split_gain=3.87763 3.4668 4.5503 3.47382 5.15989 5.07721 7.35135 6.22696 6.39971 4.27285 3.25042 3.13651 5.11681 4.52276
threshold=-1.0000000180025095e-35 1696.9000600000002 12678.599910000003 3361.9000050000004 -4147.1000976562491 1841.7333458333335 3294.0120000000002 1.0000000180025095e-35 31089.900000000005 1400.7073317391885 1867.4800103333334 1.0000000180025095e-35 1067.8797658706878 4.5000000000000009
decision_type=2 2 2 2 2 2 2 2 2 2 2 2 2 2
left_child=-1 11 -3 4 -4 7 9 -5 10 -7 -9 13 -13 -2
right_child=1 2 3 5 -6 6 -8 8 -10 -11 -12 12 -14 -15
leaf_value=-0.010208964670605749 0.0035254965303443361 -0.013509110836418613 0.032962906400327577 -0.018710785610104846 0.0014398083596671766 0.032637321549339446 -0.0047717369028932319 0.0020115419798640123 -0.010582107195272746 0 0.02443676157127354 0.025164842672257732 0 -0.017228852716344757
leaf_weight=83.472795005887747 338.6079454945866 68.557025720598176 13.241731014102696 62.304389788303524 60.554548689629883 26.926411230582744 43.632036916911602 113.08293559099548 98.33000980084762 11.719714198727159 15.676724625052882 36.830863968934864 37.327812895877287 22.95147749222815
leaf_count=3273 12138 2627 377 3864 1712 935 2412 4697 4324 310 707 1277 921 1949
internal_value=-0.000157114 0.000722809 -0.00198647 0 0.00946347 -0.0020788 0.00832899 -0.00529891 -0.00107996 0.0231177 0.00592706 0.00401873 0.0131547 0.00185459
internal_weight=1033.22 949.744 514.026 445.469 73.7963 371.672 82.2782 289.394 227.09 38.6461 128.76 435.718 74.1587 361.559
internal_count=41523 38250 21965 19338 2089 17249 3657 13592 9728 1245 5404 16285 2198 14087
is_linear=0
shrinkage=0.05


Tree=133
num_leaves=15
num_cat=0
split_feature=110 155 155 42 31 157 31 3 157 50 24 155 105 164
split_gain=5.46406 3.21226 5.93216 3.49092 3.40342 6.69855 4.88518 4.18677 3.4605 3.12129 3.09989 2.97406 3.01952 2.99847
threshold=1.0000000180025095e-35 16.960547901084915 13.521975740864061 0.9852378250464543 17.000000000000004 942.3096146153847 15.500000000000002 1.0000000180025095e-35 565.63335666666683 -3.4027765209523477 1007.5000000000001 32.021774232422665 162.69200000000004 1.0000000180025095e-35
decision_type=2 2 2 2 2 2 2 2 2 2 2 2 2 2
left_child=1 2 3 -1 6 -6 8 -7 10 -2 -5 13 -13 -3
right_child=9 11 -4 4 5 7 -8 -9 -10 -11 -12 12 -14 -15
leaf_value=-0.01896764423402994 0 0.012993009768364948 -0.016480581698413429 0.0035111811399796606 -0.00029341095829654826 0.026413592307885647 -0.020176364653146286 -0.0012133315617963178 -0.0069906182646659737 0.028385154958120103 -0.016106118957577003 -0.011490152976164439 0.0077823378426617228 -0.0018296149634752412
leaf_weight=21.252774747321382 18.236526104388759 101.85984138818458 64.419680479448289 275.66456411569379 156.27096181921661 41.254093937808648 32.164821864804253 14.163342448882757 158.8650077979546 20.560799388680607 16.135185024701059 43.72790335281752 27.608158837771043 40.456993636209518
leaf_count=1206 2212 5127 2905 9316 4757 1163 2124 339 6754 923 800 1714 1153 1030
internal_value=-0.000138339 -0.000943126 -0.00247223 -0.00103653 -0.000284687 0.00485105 -0.0026655 0.0190092 -0.00109831 0.0170898 0.00200492 0.00434085 -0.00335521 0.00852083
internal_weight=1032.64 993.843 780.19 715.771 694.518 211.688 482.83 55.4174 450.665 38.7973 291.8 213.653 71.3361 142.317
internal_count=41523 38388 29364 26459 25253 6259 18994 1502 16870 3135 10116 9024 2867 6157
is_linear=0
shrinkage=0.05


Tree=134
num_leaves=15
num_cat=0
split_feature=110 156 155 71 31 158 155 146 142 125 96 136 105 12
split_gain=4.99192 3.79947 3.07314 3.05769 3.18867 4.21673 3.40706 3.274 3.24646 3.76223 3.12923 2.68736 8.38363 4.25612
threshold=1.0000000180025095e-35 0.76676452168467213 7.6012709259677465 60.209445585215612 11.500000000000002 -1.5671431000477687 -5.3784088171632254 -2.4535616730619867 10.500000000000002 176.30000500000003 -1.0000000180025095e-35 3368.0801000000006 11531.387500000003 1.0000000180025095e-35
decision_type=2 2 2 2 2 2 2 2 2 2 2 2 2 2
left_child=3 -2 -3 4 5 6 -1 -8 10 -10 -6 12 13 -12
right_child=1 2 -4 -5 8 -7 7 -9 9 -11 11 -13 -14 -15
leaf_value=-0.019204310325415974 -0.0047737085820956163 0.0029829806799968489 0.038689157049966096 -0.012025768297900703 -0.0077041396898315344 -0.010398388080379609 0.010589299790312876 -0.0092781347154565191 0.00063127853032114798 -0.02733565993863182 0.0019742082037271262 -0.0082055182879362462 0.031852686476375548 0.023792529429017342
leaf_weight=10.456313757225869 10.27764246589504 15.147099450463431 13.913771847030146 53.497137644793838 60.466864943504333 146.44707947899587 77.770884215366095 20.848355508409441 20.957637137966231 15.345407697604967 508.92700868216343 37.046510398155078 22.313600158086047 19.165787254925817
leaf_count=296 1188 888 1059 5031 2343 5172 2101 859 1420 1122 16696 2019 783 546
internal_value=-0.000143692 0.0162145 0.0247162 -0.000919634 -0.000174168 -0.00493229 0.00210241 0.0056617 0.00155309 -0.0118579 0.00246615 0.00365356 0.00460847 0.00307557
internal_weight=1032.58 39.3385 29.0609 993.243 939.745 255.523 109.076 98.6192 684.223 36.303 647.92 587.453 550.406 528.093
internal_count=41523 3135 1947 38388 33357 8428 3256 2960 24929 2542 22387 20044 18025 17242
is_linear=0
shrinkage=0.05


Tree=135
num_leaves=15
num_cat=0
split_feature=25 156 148 156 148 68 142 156 19 159 159 22 22 78
split_gain=7.4297 6.20245 6.05192 4.54357 4.55811 4.29168 4.31895 4.02202 3.91089 10.2161 3.81682 3.78589 4.19886 3.53126
threshold=0.44859999418258673 0.33095119047619054 1.0000000180025095e-35 0.53343333333333343 1.0000000180025095e-35 45900.000000000007 4.5000000000000009 0.18046341463414636 1.0000000180025095e-35 41782.000000000007 29375.299700000003 29999.900390625004 13998.399902343752 1.0000000180025095e-35
decision_type=2 2 2 2 2 2 2 2 2 2 2 2 2 2
left_child=1 7 -2 4 -3 6 -4 -1 13 -10 -6 12 -8 -5
right_child=2 3 5 8 10 -7 11 -9 9 -11 -12 -13 -14 -15
leaf_value=-0.0054292061598066703 0.014358303645373811 0 -0.013494736426643186 -0.009930802640407967 -0.00020731387145571904 0.012648905944022987 -0.0031368061568384253 -0.020584238606760476 -0.0073066388675257395 0.040977564597883362 0.029605741200442154 -0.0097631495967179932 0.030904467848609701 0.0021604574764449492
leaf_weight=380.57419645739719 116.34532245155424 42.050863745156676 67.071444933535531 125.54158127878327 10.506389591377227 38.464859046274796 10.6576383584179 50.100861896178685 21.701090675778687 12.999395600287242 31.573068429715931 16.465683694928885 15.136689682491122 99.371033683652058
leaf_count=12561 3278 1381 2791 8292 465 2085 466 2101 1002 620 1740 640 759 3524
internal_value=-0.00103234 -0.00354168 0.00606795 0.00133944 0.0111695 -0.000387288 -0.00576359 -0.00752297 -0.00180799 0.0124048 0.0218685 0.0055782 0.0169901 -0.00444035
internal_weight=1038.56 774.418 264.142 343.743 84.1303 147.796 109.331 430.675 259.613 34.7005 42.0795 42.26 25.7943 224.913
internal_count=41705 31686 10019 17024 3586 6741 4656 14662 13438 1622 2205 1865 1225 11816
is_linear=0
shrinkage=0.05


Tree=136
num_leaves=15
num_cat=0
split_feature=25 83 70 90 121 122 162 70 70 68 146 22 105 70
split_gain=6.71969 5.31177 5.73062 5.50844 4.58647 8.10287 3.95671 3.77004 6.26992 3.49953 5.38492 3.41959 3.41161 3.29613
threshold=0.44859999418258673 1.0000000180025095e-35 16604.500000000004 1.5000000000000002 3.5000000000000004 4913.800220000001 40000.000000000007 9664.5000000000018 8691.5000000000018 59100.000000000007 -3.2162500986903777 21001.000000000004 2473.4691000000007 7746.5000000000009
decision_type=2 2 2 2 2 2 2 2 2 2 2 2 2 2
left_child=1 6 3 -3 -2 -6 9 8 11 -1 -11 -5 -4 -13
right_child=4 2 12 7 5 -7 -8 -9 -10 10 -12 13 -14 -15
leaf_value=-0.0054302202204027346 0.002869352429978034 -0.01881943972901734 0.022119079160301688 0.013929041359137341 0.048448814666705212 0 -0.018489813925972803 -0.0067781080142388095 0.034628322332676924 -0.0076968926930815378 0.028822315802691303 0.0073017576352814879 -0.0033659291296043721 -0.020425852003062864
leaf_weight=481.04708337108605 234.14538729656488 31.751396662089974 45.042130836751312 25.129524881020188 11.486216757446529 19.916782784741372 54.051995041780174 47.756822980474681 14.85878647258505 14.245584007352592 14.645797381177543 12.305514581035824 11.895840880228205 19.128824025392532
leaf_count=18436 8769 1008 2408 434 346 904 4203 1719 431 579 991 288 695 494
internal_value=-0.000974602 -0.00337442 0.00324916 -0.00165696 0.00574951 0.0225071 -0.00591064 0.00308641 0.0103485 -0.0043136 0.0108614 0.000863888 0.0161454 -0.00868662
internal_weight=1037.41 771.859 207.869 150.931 265.548 31.403 563.99 119.179 71.4226 509.938 28.8914 56.5639 56.938 31.4343
internal_count=41705 31686 7477 4374 10019 1250 24209 3366 1647 20006 1570 1216 3103 782
is_linear=0
shrinkage=0.05


Tree=137
num_leaves=15
num_cat=0
split_feature=25 138 71 83 71 159 159 69 22 88 122 137 157 159
split_gain=6.14009 6.30448 6.98528 4.85041 5.10155 4.69706 7.93596 3.70628 3.62999 3.39145 4.82453 3.24735 3.16728 5.66826
threshold=0.44859999418258673 1.0000000180025095e-35 48.711841204654355 1.0000000180025095e-35 45.460643394934984 69434.800000000017 29375.299700000003 4.5000000000000009 29994.500000000004 69025.60000000002 5099.7000450000005 796.60000000000002 727.20001333333346 18541.709050000001
decision_type=2 2 2 2 2 2 2 2 2 2 2 2 2 2
left_child=3 2 8 7 5 6 -5 9 -2 12 -11 -9 -1 -14
right_child=1 -3 -4 4 -6 -7 -8 11 -10 10 -12 -13 13 -15
leaf_value=-0.0052358482583380606 0.010451487549090241 -0.0068681275093758522 -0.001874062708872406 -0.013044452284696861 0.015153729683698509 -0.021848011095944139 0.011291323140747702 -0.024142235894478517 0.031992570674864933 -0.021735246945746883 0.0089352402357369548 0.0010216974964206407 0.01285606405960012 -0.0065961010094528899
leaf_weight=310.80226161819883 97.939210299402475 67.993891282472759 71.003599841380492 48.436315639177337 57.803304309491068 19.474561675917357 82.706064076861367 40.970966405584477 29.737302278168499 48.543504789005965 11.159019767772405 12.147158176172523 74.073168997652829 63.304341576527804
leaf_count=12216 2642 2578 4041 1777 3103 616 1981 3348 758 1686 529 855 2464 3111
internal_value=-0.000908173 0.00549716 0.0100391 -0.00321393 0.00309368 -0.00155157 0.00178688 -0.00565227 0.0168621 -0.00410789 -0.0149824 -0.0179346 -0.00239963 0.00362436
internal_weight=1036.09 266.674 198.68 769.421 208.42 150.617 131.142 561 127.677 507.882 59.7025 53.1181 448.18 137.378
internal_count=41705 10019 7441 31686 7477 4374 3758 24209 3400 20006 2215 4203 17791 5575
is_linear=0
shrinkage=0.05


Tree=138
num_leaves=15
num_cat=0
split_feature=28 138 156 156 146 156 70 156 148 146 138 19 159 87
split_gain=5.58505 5.70993 9.46175 5.43895 4.11156 3.9934 3.97136 3.968 4.0434 4.5522 3.76936 3.56097 9.16316 3.5553
threshold=0.44859999418258673 1.0000000180025095e-35 -4.1003100310031 0.33095119047619054 -2.2341637817007576 0.18046341463414636 17792.000000000004 0.53343333333333343 1.0000000180025095e-35 -6.3716304909623025 400.00005000000004 1.0000000180025095e-35 41782.000000000007 28052.100500000004
decision_type=2 2 2 2 2 2 2 2 2 2 2 2 2 2
left_child=3 2 -2 5 6 -1 13 8 9 -5 -10 -9 -13 -4
right_child=1 -3 4 7 -6 -7 -8 11 10 -11 -12 12 -14 -15
leaf_value=-0.0047690131978138095 0.046966838386313714 -0.0065877902739408974 0.021384441673359678 0.018953103283887607 -0.002837229300521822 -0.019934119254284677 -0.011069148961259524 -0.0040283364618572621 0.028254170874191655 -0.011777504154387931 -0.00093170950202579026 -0.0068551619820878418 0.038582159839029746 0.00093845165046423866
leaf_weight=375.62777762091719 11.061863010749219 67.566852290416136 67.682512829545885 13.916322076227514 72.189441671827808 49.060210117022507 11.125016187317668 222.90726808679756 32.114058444509283 28.057419585529715 10.769482583506031 21.444249522872269 13.435255561256779 38.261531371157616
leaf_count=12561 228 2578 1818 406 3944 2101 450 11816 1701 975 504 1002 620 1001
internal_value=-0.000869176 0.00521717 0.0095059 -0.00307877 0.00590646 -0.00684883 0.0116031 0.00148148 0.0106071 0 0.0205485 -0.00147684 0.0120361 0.0148262
internal_weight=1035.22 267.887 200.32 767.332 189.259 424.688 117.069 342.644 84.8573 41.9737 42.8835 257.787 34.8795 105.944
internal_count=41705 10019 7441 31686 7213 14662 3269 17024 3586 1381 2205 13438 1622 2819
is_linear=0
shrinkage=0.05


Tree=139
num_leaves=15
num_cat=0
split_feature=25 156 121 122 23 159 137 156 25 153 25 156 88 88
split_gain=5.07343 5.00806 3.85881 7.25072 3.77564 4.54867 5.94738 5.06822 6.22813 4.80228 4.39079 3.74317 3.2027 6.03324
threshold=0.44859999418258673 0.33095119047619054 3.5000000000000004 4913.800220000001 9546.0000000000018 29375.299700000003 449.90001000000007 0.95276666666666676 0.29694999754428869 2487.1928816636882 0.37600000202655798 0.18046341463414636 29020.000000000004 24090.000000000004
decision_type=2 2 2 2 2 2 2 2 2 2 2 2 2 2
left_child=1 11 -2 -4 -3 6 -6 -8 -9 -7 -11 12 13 -1
right_child=2 4 3 -5 5 9 7 8 -10 10 -12 -13 -14 -15
leaf_value=-0.0020023992732755439 0.0023073567683428733 0.025686139754284205 0.04391762199921264 0 -0.017181579426833824 0.0077128870240477576 -0.01061004332648326 -0.0029569265382405189 0.039195585958926263 -0.02681523441732982 0.00395520845687915 -0.019352325428851257 -0.0074390563861597746 0.029941163707667025
leaf_weight=92.124804310966283 236.36635939194821 10.376268489053471 12.238547244574873 20.352614530362189 64.750654497533105 188.13133561704308 20.590043662115932 12.528980330331253 12.228086723480372 16.605418193386868 17.70989936683327 48.181372291757725 269.7808923474513 12.125337128993122
leaf_count=3009 8769 314 346 904 3283 9841 1042 641 631 618 654 2101 9167 385
internal_value=-0.00081381 -0.00293002 0.00496749 0.0200569 0.00143286 0.000158685 -0.00778907 0.00500369 0.0192705 0.00439694 -0.0111797 -0.00656588 -0.0045533 0.00245556
internal_weight=1034.09 765.133 268.958 32.5912 342.921 332.544 110.098 45.3471 24.7571 222.447 34.3153 422.212 374.031 104.25
internal_count=41705 31686 10019 1250 17024 16710 5597 2314 1272 11113 1272 14662 12561 3394
is_linear=0
shrinkage=0.05


Tree=140
num_leaves=15
num_cat=0
split_feature=103 68 70 68 70 146 70 122 9 142 22 87 106 134
split_gain=3.65899 3.39318 4.36387 3.87629 3.69974 7.32316 4.34636 3.61712 3.20543 5.47146 6.32415 6.84779 2.95531 2.86566
threshold=11552.000500000002 66100.000000000015 7869.0000000000009 52030.000000000007 23087.500000000004 -1.1322998044094561 24243.500000000004 13279.200050000001 1.0000000180025095e-35 2.5000000000000004 12900.100097656252 36100.000000000007 3.5000000000000004 8687.4000200000028
decision_type=2 2 2 2 2 2 2 2 2 2 2 2 2 2
left_child=1 3 -3 4 5 7 -6 8 13 10 -10 -12 -11 -1
right_child=-2 2 -4 -5 6 -7 -8 -9 9 12 11 -13 -14 -15
leaf_value=0.0038775845710703736 -0.021068138680906193 0.036279275576927644 0.0060585928046735828 -0.0094474129086313668 0.032135909739028322 -0.013069051430868839 0 -0.016606400144668434 -0.0017785234277285567 -0.01146104219584817 0.042698236576110153 0 0.010532365164560662 -0.0074019768959805599
leaf_weight=580.17810068768449 10.419157799566163 11.852723060641436 77.293647178914398 60.207487646723166 18.316590358735994 65.279462814331055 18.573939714115113 15.546013751765711 16.55941396066919 24.653800905449316 29.839356379117817 13.766934478655456 26.488805870292708 54.995194644900039
leaf_count=17915 2015 314 4011 2643 1320 3201 1681 1320 332 855 632 305 1292 3644
internal_value=0.0027538 0.00314999 0.0123211 0.00215024 0.00306545 0.00224736 0.0177604 0.00370127 0.00429841 0.0120815 0.0216892 0.0308959 0 0.00277268
internal_weight=1023.97 1013.55 89.1464 924.405 864.198 827.307 36.8905 762.028 746.482 111.308 60.1657 43.6063 51.1426 635.173
internal_count=41480 39465 4325 35140 32497 29496 3001 26295 24975 3416 1269 937 2147 21559
is_linear=0
shrinkage=0.05


Tree=141
num_leaves=15
num_cat=0
split_feature=158 162 156 22 35 68 158 20 163 153 135 156 156 156
split_gain=3.54784 2.4949 5.70106 4.16783 3.68525 3.56967 2.99094 2.82703 3.0437 4.48248 5.15877 3.8162 4.37849 3.12912
threshold=52.939619468750983 40000.000000000007 2.3992000000000004 114688.90234375001 138107.60156250003 66100.000000000015 4.0351922364380011 4.5000000000000009 0.78627819548872191 359.13117247135921 1191.2726362500002 1.4817854827724362 0.99873888888888895 1.965689285714286
decision_type=2 2 2 2 2 2 2 2 2 2 2 2 2 2
left_child=1 3 6 5 -5 7 -3 8 9 -1 11 12 -11 -10
right_child=-2 2 -4 4 -6 -7 -8 -9 13 10 -12 -13 -14 -15
leaf_value=-0.0027422781078799531 0.017249599995539811 -0.00095718601231664961 0.017922777266847989 -0.024624052346064056 0.00086379558262915433 0.016348516042206586 -0.01989875687108696 -0.0070862226063255554 0.0028108308055164039 0.019814203899198909 -0.0095474974437097689 0.039922128166983838 -0.0080167686548096809 -0.017073994352469021
leaf_weight=34.829524814616889 35.754288374446332 51.764671449665911 16.345514520537108 20.11907553859055 23.818694255780429 49.251113652251661 39.31528127216734 59.029328615637496 596.93274677044246 40.359873139066622 10.436894149985163 19.261161046801135 14.226378969149662 14.939918227959422
leaf_count=2188 718 4340 541 641 306 2618 2238 1991 22259 1331 415 699 562 633
internal_value=0.00261497 0.00195257 -0.004924 0.00286828 -0.0111088 0.0037207 -0.0102639 0.0027727 0.0036795 0.0109302 0.0169773 0.021728 0.0116577 0.0021098
internal_weight=1026.38 990.63 107.425 883.205 43.9378 839.267 91.08 790.016 730.986 119.114 84.2843 73.8474 54.5863 611.873
internal_count=41480 40762 7119 33643 947 32696 6578 30078 28087 5195 3007 2592 1893 22892
is_linear=0
shrinkage=0.05


Tree=142
num_leaves=15
num_cat=0
split_feature=83 82 153 10 68 45 68 141 22 71 165 22 45 22
split_gain=3.9372 6.53386 5.68159 4.33309 3.56242 3.63656 4.41496 5.83557 5.04006 3.34534 3.31819 3.67236 4.31353 5.45218
threshold=1.0000000180025095e-35 1.0000000180025095e-35 2851.7793534089574 1.0000000180025095e-35 28050.000000000004 -3861.6000976562495 43700.000000000007 2665.7000000000003 27998.100585937504 23.293634496919921 1.0720566511154177 120049.00000000001 -2180.3000488281245 14201.399902343752
decision_type=2 2 2 2 2 2 2 2 2 2 2 2 2 2
left_child=1 2 4 10 -1 -6 9 8 -8 -7 11 12 13 -2
right_child=3 -3 -4 -5 5 6 7 -9 -10 -11 -12 -13 -14 -15
leaf_value=0.0031687063465669751 0.046517438824015517 -0.013317314537371758 0.030215663985350496 -0.008973436678831756 -0.017055220440009497 0.010060319656481014 0.0025914701979857773 -0.013241848435388476 0.044789951200440534 -0.016302873999789115 -0.010810331640137241 -0.0092725014216494418 0.0035797166412585972 0.013378319604592346
leaf_weight=525.45919184887316 12.640538610517977 71.300353519851342 12.662889857543631 28.986090034013614 42.153156095300801 10.17828784463927 19.947186082834381 11.036416908027602 10.082708013709633 39.457731612259522 12.49909075675532 14.510761131066827 95.198534020222723 122.56545594637282
leaf_count=18536 354 3060 541 928 3177 251 1181 870 715 2958 516 261 3012 5120
internal_value=0.0024774 0.000468371 0.00209492 0.00741533 0.00125494 -0.00579191 0 0.0114585 0.022558 -0.00955579 0.00958713 0.0110236 0.0126841 0.0183816
internal_weight=1028.68 742.278 670.978 286.4 658.315 132.855 90.7023 41.0663 30.0299 49.636 257.414 244.915 230.405 135.206
internal_count=41480 31289 28229 10191 27688 9152 5975 2766 1896 3209 9263 8747 8486 5474
is_linear=0
shrinkage=0.05


Tree=143
num_leaves=15
num_cat=0
split_feature=83 156 155 135 141 105 164 2 70 158 0 163 45 158
split_gain=3.52527 4.63808 6.72184 4.82208 5.38878 4.5974 4.14135 3.68619 3.87581 4.62857 7.20706 3.39583 3.31443 3.21409
threshold=1.0000000180025095e-35 1.5906941639846346 20.663599871578757 495.47616916666669 3840.2000000000003 5918.1152000000011 1.0000000180025095e-35 2.5000000000000004 14047.500000000002 18.189780368629346 2466.500122070313 0.98902255639097747 -799.20001220703114 4.2800157705292889
decision_type=2 2 2 2 2 2 2 2 2 2 2 2 2 2
left_child=6 2 3 -2 -5 -6 7 8 9 12 -11 -7 -1 -10
right_child=1 -3 -4 4 5 11 -8 -9 13 10 -12 -13 -14 -15
leaf_value=0.00069106147731446148 0.0228891321913085 -0.0051514020336325709 -0.00046220343806081403 -0.015846189670446671 0.033335602778105176 -0.017837980548825016 -0.012706618352945225 0.025105316381431372 -0.0013263883750357472 -0.0023738144422157039 0.045825968928359419 0.015254884630096988 0.021134534898228356 -0.020437922408423164
leaf_weight=529.78849146817811 95.99748860206455 54.688351380871609 86.123101913835853 17.91132155386731 12.626343016047029 10.130955770844595 49.661782142706215 11.395828349748625 85.501480007194914 11.104353108443322 10.346393644809721 10.792117930483071 16.010656119324267 28.623065870255232
leaf_count=18080 3511 1657 2928 394 456 615 1735 570 8245 302 319 630 345 1693
internal_value=0.00236184 0.00701633 0.010123 0.0164456 0.00257752 0.0144901 0.000452867 0.00155216 0.000905382 0.00267131 0.0232521 0 0.00156794 -0.00719605
internal_weight=1030.7 288.27 233.581 147.458 51.4607 33.5494 742.432 692.77 681.374 567.25 21.4507 20.9231 545.799 114.125
internal_count=41480 10191 8534 5606 2095 1701 31289 29554 28984 19046 621 1245 18425 9938
is_linear=0
shrinkage=0.05


Tree=144
num_leaves=15
num_cat=0
split_feature=153 137 155 136 136 155 77 163 142 22 153 155 45 0
split_gain=3.09231 3.08898 2.26276 2.11039 5.3658 4.29846 3.28983 7.27934 4.00001 4.88578 4.49547 3.15815 2.97537 4.36164
threshold=3320.8051391072117 57.768000000000008 -11.904988944424957 2856.3760500000003 2000.2000000000003 -3.7518292393036474 1.0000000180025095e-35 0.47493734335839605 3.5000000000000004 11923.000000000002 1441.3105316906674 17.577834319121951 -1630.4999999999998 2018.3000488281252
decision_type=2 2 2 2 2 2 2 2 2 2 2 2 2 2
left_child=2 -2 -1 4 6 -5 12 -8 9 -9 -11 -12 13 -4
right_child=1 -3 3 5 -6 -7 7 8 -10 10 11 -13 -14 -15
leaf_value=0.017741437556997284 0.028457600099344844 0 0.011375027317075978 0.028487713120278504 -0.014217437138773801 0.00070982912195909152 0.035969525423554305 -0.0097859948545381218 -0.0058828670472139827 0.022671907773915385 -0.018193822946635827 0.01078515862357359 -0.0062286087428666537 -0.00025689411866831267
leaf_weight=16.989542149938643 17.049560067011047 12.103879510425029 91.26441931957379 16.329586873296648 52.061925276648253 52.691527357324958 15.457608354045076 19.54894239990972 60.506569331511855 55.218205944402143 10.823567454703154 17.846884896280244 145.96609008708037 448.75248906086199
leaf_count=340 537 471 3366 793 2099 3026 571 524 3377 1930 299 533 4888 18726
internal_value=0.00225317 0.0172256 0.00168534 0.00127031 0.000553839 0.00943761 0.0015765 0.00750549 0.00354067 0.00953121 0.0148925 0 0 0.00170351
internal_weight=1032.61 29.1534 1003.46 986.468 917.447 69.0211 865.385 179.402 163.944 103.438 83.8887 28.6705 685.983 540.017
internal_count=41480 1008 40472 40132 36313 3819 34214 7234 6663 3286 2762 832 26980 22092
is_linear=0
shrinkage=0.05


Tree=145
num_leaves=15
num_cat=0
split_feature=45 159 159 156 45 35 35 125 105 105 134 134 45 156
split_gain=5.64563 10.0002 7.33837 4.12434 3.88463 3.24386 5.3177 4.48589 5.19021 3.99314 3.78342 6.11128 4.64574 3.69263
threshold=-4564.6000976562491 48554.671500000004 18999.060000000001 1.6544541829427086 -5110.4001464843741 15978.800292968752 14934.600097656252 981.10000000000002 930.80002000000013 1.0000000180025095e-35 4830.800040000001 6597.8611250000013 -1755.1000366210935 1.7898136363636368
decision_type=2 2 2 2 2 2 2 2 2 2 2 2 2 2
left_child=1 2 4 -3 -1 6 7 8 9 -2 12 -12 13 -7
right_child=5 3 -4 -5 -6 10 -8 -9 -10 -11 11 -13 -14 -15
leaf_value=-0.0049933469030464007 0 0.0011267604467776486 0.024775191784251832 -0.02207844461833941 0.020588284464043625 -0.0054510627984896169 0.020076149469892356 0.022297269365076734 -0.011532338224391682 0.021919882803164877 0.020814918790554911 -0.0043005647703234394 -0.019139461819190792 0.01538256474166572
leaf_weight=49.341513202991337 202.6114920724649 43.143382811220363 78.321609767852351 24.451052327873185 14.991965113673357 286.95871114090551 31.047072077635676 15.839953758753834 89.831825900822878 18.31010334379971 30.965509969508275 64.511528076371178 60.054615369299427 17.09490660391748
leaf_count=1579 6369 2668 3234 751 519 11695 1161 458 3101 337 1479 4407 2510 891
internal_value=0.000223411 0.00747307 0.0149305 -0.00752106 0.00130174 -0.00161502 0.00184516 -1.37421e-05 -0.00164442 0.00232117 -0.00440616 0.00397783 -0.00676419 -0.00388803
internal_weight=1027.48 210.25 142.655 67.5944 64.3335 817.226 357.64 326.593 310.753 220.922 459.585 95.477 364.108 304.054
internal_count=41159 8751 5332 3419 2098 32408 11426 10265 9807 6706 20982 5886 15096 12586
is_linear=0
shrinkage=0.05


Tree=146
num_leaves=15
num_cat=0
split_feature=0 146 31 165 23 146 20 87 138 156 23 70 139 5
split_gain=5.21432 4.8556 4.56359 4.39574 5.55817 3.92739 3.9365 5.37602 4.73317 4.91712 9.52952 5.09828 3.89007 3.55038
threshold=4573.9001464843759 -1.9551826935129899 23.000000000000004 0.82270416617393505 130013.00000000001 -13.912620041260682 1.5000000000000002 39640.000000000007 1536.5983959035036 0.38455256410256416 11998.200195312502 12190.500000000002 1.5000000000000002 1.5000000000000002
decision_type=2 2 2 2 2 2 2 2 2 2 2 2 2 2
left_child=5 -2 -3 4 -4 -1 8 -8 9 11 -11 13 -12 -7
right_child=1 2 3 -5 -6 6 7 -9 -10 10 12 -13 -14 -15
leaf_value=0.019798196622251744 0.023800555799104665 -0.0041325723782452512 0.0097436236263937787 0.021717813029425503 -0.025846999127729964 -0.0038218477418182958 -0.017098559759938695 0.0065102208151469401 0.025950156039110352 0.029338559582439184 -0.0017523040685819041 -0.020532349810321666 0.018508966055511385 0.018433549302372117
leaf_weight=15.620126802008597 32.546071275370196 89.992166101466864 35.190222153207287 43.325397959910333 10.088042716961352 354.92961663473397 81.641443706816062 26.724404528271407 11.177963718073441 27.17532272497192 222.17524720041547 41.902436294825748 21.370547854807228 13.338614776264874
leaf_count=334 1341 4974 1389 742 278 10887 3128 950 701 892 11568 2604 1077 294
internal_value=0.00023132 0.00718137 0.00331477 0.0112297 0 -0.00153878 -0.00213756 -0.0108049 -0.000640908 -0.00133633 0.00375013 -0.00481866 0.000160982 -0.00264569
internal_weight=1027.2 211.142 178.596 88.6037 45.2783 816.056 800.436 108.366 692.07 680.892 270.721 410.171 243.546 368.268
internal_count=41159 8724 7383 2409 1667 32435 32101 4078 28023 27322 13537 13785 12645 11181
is_linear=0
shrinkage=0.05


Tree=147
num_leaves=15
num_cat=0
split_feature=0 159 159 155 141 138 22 134 146 141 28 141 28 28
split_gain=4.68468 8.9874 6.43096 5.05211 4.83728 6.11608 8.67851 6.85155 8.36064 7.09302 6.29056 3.63065 3.65611 3.2503
threshold=4573.9001464843759 48554.671500000004 18999.060000000001 11.448415032678836 1618.6800500000002 342.35865269126998 35601.500000000007 12135.000050000001 -4.0196983016948229 4178.9000900000001 0.39499999582767492 7071.600045000001 0.38849999010562902 0.41899999976158148
decision_type=2 2 2 2 2 2 2 2 2 2 2 2 2 2
left_child=4 2 11 -3 13 -6 7 8 9 -7 -11 12 -2 -1
right_child=1 3 -4 -5 5 6 -8 -9 -10 10 -12 -13 -14 -15
leaf_value=0.0051632779923507163 0.022489540369954975 -0.017014211010410663 0.02289036212467397 0.0090756023469114652 -0.00957441725517965 -0.020494524443299217 -0.019549648321250279 -0.011308435191948969 0.040299667953591189 -0.0049507900663688037 0.031828433350061844 -0.01976969242739288 -0.0015450547305725273 -0.004035365830020377
leaf_weight=291.94945180159993 18.988722889218479 44.470615824917331 80.053928589215502 22.966600228799507 272.31420420925133 13.733513781800864 24.876033420208842 20.335017606150359 23.135087433503941 15.401911953696979 20.759796740254387 10.505442374618722 35.165025835391134 131.90418386587407
leaf_count=9963 535 2082 3222 1327 11587 310 1556 1440 811 619 827 572 986 5322
internal_value=0.000246037 0.00681521 0.0138119 -0.0074256 -0.00143533 -0.00545283 0.00363695 0.0110028 0.0181825 0.00428004 0.0162503 0.00101782 0.00722589 0.00217038
internal_weight=1026.56 212.15 144.713 67.4372 814.409 390.556 118.241 93.3653 73.0303 49.8952 36.1617 64.6592 54.1537 423.854
internal_count=41159 8724 5315 3409 32435 17150 5563 4007 2567 1756 1446 2093 1521 15285
is_linear=0
shrinkage=0.05


Tree=148
num_leaves=15
num_cat=0
split_feature=45 159 159 45 163 158 45 22 9 121 27 28 158 156
split_gain=4.08361 8.01478 5.6466 3.82007 5.34423 3.29153 3.22366 3.21446 4.16448 4.48935 4.00945 2.96007 2.81012 4.42733
threshold=-4564.6000976562491 48554.671500000004 18999.060000000001 -6331.3000488281241 1.4710526315789474 3.0385130833894087 -5110.4001464843741 17978.799804687504 1.0000000180025095e-35 -1.0000000180025095e-35 9207.0000000000018 0.38849999010562902 7.149581034240053 0.34962344029017861
decision_type=2 2 2 2 2 2 2 2 2 2 2 2 2 2
left_child=1 2 6 -3 -5 -4 11 10 -9 -10 12 -1 13 -2
right_child=7 3 5 4 -6 -7 -8 8 9 -11 -12 -13 -14 -15
leaf_value=0.0088561689408602397 -0.00095991071641227392 -0.017078175629698482 0.027503821130246991 -0.016799984064085352 0.020253279022919259 0.0026270182320519554 0.018138528605842509 -0.0061994951232707705 0.025077106879597456 -0.0008453997482027061 0.020816142021170936 -0.013688738641230961 -0.009579320774017918 0.01275088215906188
leaf_weight=16.91911941068247 211.31028031394817 37.734208781737834 57.414366042008623 10.761705038836228 18.626337453257293 24.325660160277039 15.655246055684982 388.60647793312091 17.909962664358318 48.409070483408868 21.627368801739067 32.316942987497896 51.462684204801917 73.620651025907136
leaf_count=552 6415 1748 2408 681 990 826 519 18427 404 1890 676 1027 1472 3124
internal_value=0.000225811 0.00633369 0.0128709 -0.00715601 0.00476079 0.0212552 0.000829192 -0.00134795 -0.00415458 0.0067214 0.00208872 -0.00491744 0.000451004 0.00256904
internal_weight=1026.7 213.754 146.631 67.1223 29.388 81.74 64.8913 812.946 454.926 66.319 358.021 49.2361 336.394 284.931
internal_count=41159 8751 5332 3419 1671 3234 2098 32408 20721 2294 11687 1579 11011 9539
is_linear=0
shrinkage=0.05


Tree=149
num_leaves=15
num_cat=0
split_feature=155 42 31 23 155 31 25 81 76 70 163 163 136 137
split_gain=4.16471 5.55753 5.87083 5.48931 5.55499 5.28021 4.44718 3.98985 4.88357 3.93504 3.72723 4.52393 3.66501 6.83317
threshold=21.788961991303093 0.98515943246098503 17.000000000000004 14333.899902343752 -2.2340639797179542 15.500000000000002 0.18044999986886981 1.0000000180025095e-35 3.5000000000000004 7746.5000000000009 0.56491228070175448 0.93779761904761916 1667.1000500000002 492.10000000000008
decision_type=2 2 2 2 2 2 2 2 2 2 2 2 2 2
left_child=1 -1 5 -4 -5 12 -2 10 -9 -8 -6 -12 13 -3
right_child=6 2 3 4 7 -7 9 8 -10 -11 11 -13 -14 -15
leaf_value=-0.020375694419555338 -0.019141608244056141 0.0018757279942972147 0.036464349410251076 -0.0042278171743676029 0.041729989975851783 -0.017582877403129915 0.01892967966271307 -0.0074316544410437547 0.016387129326583538 -0.005465976267871344 -0.0083772456388515049 0.01730425207873398 0.010361223727287839 -0.01363018988833355
leaf_weight=22.483129911124706 47.692567887715995 390.4902470165398 12.344428942073135 78.526424624258652 11.43603628547862 36.748165782890283 15.054287052247671 47.402771087829024 30.620636393781751 84.980024629272521 15.967467343900351 70.577926927711815 81.025062939384952 81.108208217658103
leaf_count=1399 2153 15017 235 2454 377 2628 304 2259 1127 4061 503 1621 3929 3092
internal_value=0.000229057 0.00159222 0.00234204 0.00842902 0.00620038 -0.000377823 -0.00733877 0.0111175 0.00173783 -0.000592258 0.0176541 0.0118211 0.000824007 -0.000801176
internal_weight=1026.46 878.731 856.247 266.876 254.531 589.372 147.727 176.005 78.0234 100.034 97.9814 86.5454 552.624 471.598
internal_count=41159 34641 33242 8576 8341 24666 6518 5887 3386 4365 2501 2124 22038 18109
is_linear=0
shrinkage=0.05


Tree=150
num_leaves=15
num_cat=0
split_feature=9 146 146 25 141 109 25 35 25 35 163 135 139 20
split_gain=3.62169 4.72126 5.57559 5.5452 5.11654 8.02867 4.89306 6.35403 5.94679 6.46845 4.98817 4.21988 4.97066 3.74241
threshold=1.0000000180025095e-35 -4.9556425455147721 -5.0304371705587672 0.34099999070167547 574.90000000000009 1.0000000180025095e-35 0.38849999010562902 112984.00000000001 0.35500000417232519 112984.00000000001 0.92157894736842116 70.90000000000002 1.5000000000000002 1.0000000180025095e-35
decision_type=2 2 2 2 2 2 2 2 2 2 2 2 2 2
left_child=1 2 3 -1 5 13 8 10 9 -3 -8 -2 -13 -5
right_child=11 6 -4 4 -6 -7 7 -9 -10 -11 -12 12 -14 -15
leaf_value=-0.0078180552992496224 0.0133890313093281 0.0014539972992033056 0.030592215988337473 0.015630653622686029 0.013871996207439863 -0.022987649227363963 0.00019688640752512119 0.016565577829971884 0.02807136152560008 -0.029135708778927197 -0.012866930510921776 -0.012709637429077597 0.01798121108223133 -0.010502314371865842
leaf_weight=99.12761267600581 84.687808081973344 193.98438635258935 12.595031430479137 40.937359111383557 100.31631111889146 26.526253068819642 88.968745151069015 19.078994002775289 14.034394098911433 13.794300184352322 271.69813190260902 40.46854747319594 12.946744386339558 13.115930170752106
leaf_count=3300 2287 9680 446 1037 3926 582 4667 361 121 389 12157 1488 565 394
internal_value=-0.000706621 -0.00192244 0.00315236 0.00122772 0.00653056 -0.00230128 -0.00447906 -0.00790878 0.00121712 -0.000978775 -0.009549 0.00660816 -0.00351251 0.00809052
internal_weight=1032.28 894.177 292.618 280.023 180.896 80.5795 601.559 379.746 221.813 207.779 360.667 138.103 53.4153 54.0533
internal_count=41400 37060 9685 9239 5939 2013 27375 17185 10190 10069 16824 4340 2053 1431
is_linear=0
shrinkage=0.05


Tree=151
num_leaves=15
num_cat=0
split_feature=136 136 146 146 45 137 157 157 157 153 87 70 146 70
split_gain=3.7834 2.88955 2.71154 6.81297 3.8217 2.64455 3.78758 4.82683 6.41694 2.93258 2.9832 4.22414 3.78604 3.14986
threshold=3328.0200000000004 3031.6330000000003 -4.9556425455147721 -5.0304371705587672 -2091.500122070312 521.10100000000011 856.73333333333346 473.99166666666673 310.18334166666676 3428.2307422861004 50005.500000000007 10791.000000000002 -3.1105925120426279 8934.5000000000018
decision_type=2 2 2 2 2 2 2 2 2 2 2 2 2 2
left_child=1 2 3 -1 5 6 7 8 9 10 11 13 -13 -4
right_child=-2 -3 4 -5 -6 -7 -8 -9 -10 -11 -12 12 -14 -15
leaf_value=0.0013748302580678298 -0.01286118699950267 0.021285460261331563 -0.0052795292828380254 0.032081756920531744 -0.016941906192288716 -0.0069304848167760077 0.018573371682397595 -0.018152493382233081 0.030712869324550029 0.020996772804700831 0.0092267982653088127 0.015081272770233809 -0.001621097482621281 -0.026625345199901923
leaf_weight=312.10260753124021 54.865118640940636 10.81040204875171 148.27526302612387 14.60773887997493 36.5909541642759 142.87028271751478 22.933650383260101 30.338863024720922 12.503407659474759 10.591453895438461 52.616714360192418 39.51991579728201 124.54480749357026 17.820335710654035
leaf_count=9825 3244 414 3943 472 2550 5398 960 1225 375 347 1650 1613 8802 582
internal_value=-0.00065574 4.13759e-05 -0.00025346 0.00336141 -0.00219226 -0.00108123 0.000686194 -0.000340719 0.00107372 -0.000116526 -0.00109287 -0.00299978 0.00243346 -0.00857311
internal_weight=1030.99 976.126 965.316 326.71 638.606 602.015 459.144 436.211 405.872 393.368 382.777 330.16 164.065 166.096
internal_count=41400 38156 37742 10297 27445 24895 19497 18537 17312 16937 16590 14940 10415 4525
is_linear=0
shrinkage=0.05


Tree=152
num_leaves=15
num_cat=0
split_feature=136 155 105 22 141 141 22 123 0 22 122 124 153 27
split_gain=3.49669 2.67175 2.66278 3.45181 6.77189 3.88765 3.59067 6.23963 7.62935 6.11817 4.71494 4.60461 3.90267 3.54974
threshold=3328.0200000000004 -3.8838607655756143 14223.400000000001 114688.90234375001 11172.100050000003 13295.477070000003 43201.201171875007 1163.0333333333335 2887.099975585938 27300.500000000004 3400.4000200000005 1507.0000500000003 1999.7246890390882 23879.000000000004
decision_type=2 2 2 2 2 2 2 2 2 2 2 2 2 2
left_child=2 -2 3 5 -5 6 7 8 9 -1 12 -9 -8 -11
right_child=1 -3 -4 4 -6 -7 10 11 -10 13 -12 -13 -14 -15
leaf_value=-0.0012779881098165902 0.0047459227172341233 -0.017917092889563505 0.018719531258723401 -0.026364938649885462 0.0080063607323132002 -0.017607602041261824 0.013209646688857929 0.03967558141432851 -0.011700122248207713 0.018196200082800821 -0.011074319119099578 0.0043999043277546772 -0.0092119201878977201 -0.0079572771489118538
leaf_weight=434.92844879883341 11.139372786507009 43.080293670296669 13.829063625773413 29.480819756397977 18.387697123456746 23.716394291259348 143.95703708229121 10.267055935226379 148.85258807288483 64.306676105246879 23.695747102377936 38.37311388226226 16.012609994038939 10.013742264593018
leaf_count=14869 578 2666 617 791 261 2002 6437 270 6744 2286 1360 1339 671 509
internal_value=-0.000606388 -0.0124091 5.83456e-05 -0.000253616 -0.0127076 0.000409727 0.00104111 -0.000525613 -0.00191625 0.000932285 0.00718901 0.0157823 0.010451 0.0137625
internal_weight=1030.04 54.2197 975.821 961.992 47.8685 914.123 890.407 706.742 658.101 509.249 183.665 48.6402 159.97 74.3204
internal_count=41400 3244 38156 37539 1052 36487 34485 26017 24408 17664 8468 1609 7108 2795
is_linear=0
shrinkage=0.05


Tree=153
num_leaves=15
num_cat=0
split_feature=9 158 0 142 31 35 148 158 87 163 68 71 159 156
split_gain=3.25863 4.54793 2.86342 4.82413 5.06935 8.09306 4.4985 4.57144 5.83422 3.83549 3.5821 9.79534 4.11883 4.96444
threshold=1.0000000180025095e-35 5.3041488779717545 2018.3000488281252 10.500000000000002 17.000000000000004 37394.500000000007 1.0000000180025095e-35 5.6046978738591759 59100.000000000007 1.2507142857142859 38050.000000000007 21.544147843942508 16764.300020000002 -3.6990601403890384
decision_type=2 2 2 2 2 2 2 2 2 2 2 2 2 2
left_child=2 -2 -1 4 10 -6 9 8 -8 -7 12 -12 -4 -14
right_child=1 -3 3 -5 5 6 7 -9 -10 -11 11 -13 13 -15
leaf_value=0.0020124440162436349 0.011315301766425276 -0.0086970633978407218 -0.0083321263141141553 -0.023157707941770245 -0.0067635214624387477 -0.0068766083941704404 0.040099736594262671 -0.00016672385306018355 0 0.020266739269520686 0.016361244753868392 -0.020783292761021911 -0.02089079868349196 0.0080400967087265532
leaf_weight=310.14503195043653 107.63678030041046 31.037855853326619 142.03858846006915 26.333897683769464 89.419189646607265 35.976999975042418 29.727173279738054 12.787340496201066 11.15519373770803 13.729033021954818 16.526745933573693 86.841716913040727 11.635124375112353 104.34844996314496
leaf_count=11461 3370 970 4588 1931 3153 1187 1293 383 241 475 370 5589 788 5601
internal_value=-0.000578465 0.00634138 -0.00174108 -0.00383187 -0.00262527 0.00370104 0.0131086 0.0225476 0.0299859 0.000873645 -0.00614116 -0.0139023 -0.00263663 0.00398113
internal_weight=1029.34 138.675 890.664 580.519 554.186 192.795 103.376 53.6697 40.8824 49.706 361.391 103.368 258.022 115.984
internal_count=41400 4340 37060 25599 23668 6732 3579 1917 1534 1662 16936 5959 10977 6389
is_linear=0
shrinkage=0.05


Tree=154
num_leaves=15
num_cat=0
split_feature=137 70 155 87 23 159 138 138 140 142 142 67 23 148
split_gain=3.08289 3.86934 6.39761 3.85334 5.11306 5.19918 4.06408 4.65249 3.65997 3.96256 3.91059 3.58911 3.419 2.92563
threshold=521.10100000000011 7960.5000000000009 6.4312218920758708 28052.100500000004 16915.000000000004 17687.573190000006 165.47957381391578 13.039072736974616 1.0000000180025095e-35 5.5000000000000009 9.5000000000000018 0.033323652705701548 23878.900390625004 41916.600900000005
decision_type=2 2 2 2 2 2 2 2 2 2 2 2 2 2
left_child=8 3 -3 4 -2 -6 7 12 10 -10 13 -11 -5 -1
right_child=1 2 -4 6 5 -7 -8 -9 9 11 -12 -13 -14 -15
leaf_value=0.0016550150987848734 -0.0084156094855524066 0.010440828304253913 -0.017975663546254805 0.0078289417139333455 0 0.032574649615280719 -0.016677956251763347 0.019725103138027306 -0.0020157470715112705 0 -0.017317975540480725 0.034585805650696043 -0.019029041535601574 -0.012694641653280115
leaf_weight=648.28704904066399 20.088514894712716 19.179812054615468 88.639244331046939 14.328921015840022 17.800224875099957 23.022582408506423 44.485679611098021 19.817501990124583 20.522981696762145 13.6125286440365 26.072398199234158 19.0150655079633 21.610294403508306 32.120765988249332
leaf_count=21146 557 663 4564 439 571 749 2125 743 466 790 1857 831 740 5159
internal_value=-0.000555774 -0.00513551 -0.0122388 0 0.00932488 0.0191117 -0.00608914 0.00221349 0.00102342 0.0130813 0 0.0229123 -0.00745113 0.000816981
internal_weight=1028.6 268.973 107.819 161.154 60.9113 40.8228 100.242 55.7567 759.631 53.1506 706.48 32.6276 35.9392 680.408
internal_count=41400 11151 5227 5924 1877 1320 4047 1922 30249 2087 28162 1621 1179 26305
is_linear=0
shrinkage=0.05


Tree=155
num_leaves=15
num_cat=0
split_feature=122 138 70 105 23 22 38 22 91 164 148 22 0 153
split_gain=4.78807 3.53898 6.91528 6.23833 5.28752 4.5422 4.48914 4.04902 3.32926 6.10123 4.23839 4.03465 4.28078 3.55647
threshold=15865.700000000003 921.33772071570377 8447.0000000000018 5001.3000000000002 180497.50000000003 135379.00000000003 1.0000000180025095e-35 31998.700195312504 -1.0000000180025095e-35 1.0000000180025095e-35 41344.200900000011 17405.500000000004 1381.5000000000002 1718.4769477669138
decision_type=2 2 2 2 2 2 2 2 2 2 2 2 2 2
left_child=1 3 7 5 6 8 -5 -3 11 10 -10 12 -1 -11
right_child=-2 2 -4 4 -6 -7 -8 -9 9 13 -12 -13 -14 -15
leaf_value=-0.008836634481474202 -0.02207382001195532 0.038946471425391913 -0.0082799484513464746 -0.014952814926907192 0.018877901373211062 -0.017001443273623306 0.0089095938592094661 0.001196347967686962 0.0077559600000214465 -0.014897949335002856 -0.0089731741749318975 -0.012456186780987434 0.026663401069360389 0.0028097771381625034
leaf_weight=10.235564203467222 15.667814443353562 19.728654223494232 16.761844105552882 114.47758694691584 10.655158143490551 21.646973815746605 17.372914638603106 14.449539690045638 591.18374350504018 51.360649517271668 33.615163857815787 58.121861580992118 12.272772103082387 46.735834191087633
leaf_count=339 1326 737 1114 6184 70 426 1042 765 19328 1005 5409 2385 452 959
internal_value=0.00156657 0.00208508 0.0144114 0.00131406 -0.00807871 0.00303528 -0.0112326 0.0264525 0.00373872 0.00485397 0.00671242 -0.00537588 0.0100304 -0.00624941
internal_weight=1034.29 1018.62 50.94 967.678 142.506 825.173 131.851 34.1782 803.526 722.895 624.799 80.6302 22.5083 98.0965
internal_count=41541 40215 2616 37599 7296 30303 7226 1502 29877 26701 24737 3176 791 1964
is_linear=0
shrinkage=0.05


Tree=156
num_leaves=15
num_cat=0
split_feature=122 9 45 45 35 26 34 106 106 87 138 22 45 45
split_gain=4.48485 3.62049 6.58169 6.16609 5.67361 3.97454 3.56858 4.59246 4.63783 4.73532 6.33164 8.902 5.524 4.31519
threshold=15865.700000000003 1.0000000180025095e-35 -1560.700012207031 -1504.3000488281248 23898.900390625004 1.0000000180025095e-35 1.0000000180025095e-35 5.5000000000000009 1.5000000000000002 48020.000000000007 301.45903698166688 17405.500000000004 -4448.1999511718741 -9840.7998046874982
decision_type=2 2 2 2 2 2 2 2 2 2 2 2 2 2
left_child=1 2 5 -3 -4 6 7 8 -1 10 11 -10 -13 -9
right_child=-2 3 4 -5 -6 -7 -8 13 9 -11 -12 12 -14 -15
leaf_value=-0.0018278334812074474 -0.021584269952358626 0.014828710254767292 0.011767283290763032 -0.0091781098272819498 -0.019215840262208017 -0.015147565006705914 0.016347453703077209 0.01015337172833391 -0.0078908682169573502 -0.0089829855365605744 0 0 0.043421439537330041 -0.014481552517304826
leaf_weight=400.44513682462275 15.34373310394585 109.61979391868226 167.88156256312504 28.432502131443471 10.539839573670177 44.191955470829271 25.314858049154282 15.452172589953987 12.086791920941321 22.711798369884491 47.01761594414711 10.048820505384354 32.624489184934646 94.082593489671126
leaf_count=16781 1326 3408 5533 796 518 2384 747 282 356 719 1344 300 1030 6017
internal_value=0.00147766 0.00197673 0.000714701 0.00938689 0.0091905 -0.00141262 -0.000310435 -0.00117589 0.00070814 0.00900732 0.0137228 0.0245225 0.0346168 -0.0102782
internal_weight=1035.79 1020.45 882.398 138.052 178.421 703.976 659.784 634.469 524.935 124.49 101.778 54.7601 42.6733 109.535
internal_count=41541 40215 36011 4204 6051 29960 27576 26829 20530 3749 3030 1686 1330 6299
is_linear=0
shrinkage=0.05


Tree=157
num_leaves=15
num_cat=0
split_feature=122 22 141 133 0 156 141 158 141 156 105 66 23 45
split_gain=4.19965 2.91336 6.17519 3.34507 4.31066 4.04372 3.88932 5.52388 5.20328 3.74525 3.69904 6.31815 4.24559 3.11863
threshold=15865.700000000003 103937.10156250001 11977.300090000002 5.5000000000000009 1751.7000122070315 -2.8658865886588658 8000.1000000000013 3.0385130833894087 6608.490060000001 -1.3381138406809427 2664.5000500000001 -3.3749181611983459 31779.000000000004 -1365.3000488281248
decision_type=2 2 2 2 2 2 2 2 2 2 2 2 2 2
left_child=1 3 -3 6 13 -6 8 9 10 -8 -1 -12 -13 -5
right_child=-2 2 -4 4 5 -7 7 -9 -10 -11 11 12 -14 -15
leaf_value=0.0022003055863150586 -0.02110085425713086 -0.020430425098554954 0.008967726549128802 0.021499624862110243 0.0038970387483304998 -0.015977995266853281 0.0082500755888653791 -0.0048877081060887595 -0.01758332814804426 0.043218142077728845 -0.0014780001271059969 0.03189601319244352 0 -0.0035353781496115879
leaf_weight=654.40173968824092 15.033012510044498 36.739010899327695 24.556658638175577 18.469449418829754 30.55625126301311 72.033855561399832 25.282522335182875 16.530832823831588 24.503760410938412 14.601785584352909 36.547109544742852 36.463119099847972 13.323466945439575 18.131339658051729
leaf_count=23376 1326 1080 404 1111 1994 4834 1245 889 1046 752 1217 975 382 910
internal_value=0.00138911 0.00186966 -0.00811048 0.00259679 -0.00429622 -0.00968753 0.0038439 0.0161483 0.00277294 0.0255543 0.00362676 0.0131793 0.0240044 0.00896152
internal_weight=1037.17 1022.14 61.2957 960.845 139.191 102.59 821.654 56.4151 765.239 39.8843 740.735 86.3337 49.7866 36.6008
internal_count=41541 40215 1484 38731 8849 6828 29882 2886 26996 1997 25950 2574 1357 2021
is_linear=0
shrinkage=0.05


Tree=158
num_leaves=15
num_cat=0
split_feature=122 141 22 106 69 93 22 163 69 84 154 159 156 158
split_gain=3.93919 2.854 6.25997 3.35921 4.5885 3.92629 4.32159 3.90651 4.58488 3.90514 4.78165 6.02906 7.61239 6.52721
threshold=15865.700000000003 15400.400055000002 103937.10156250001 5.5000000000000009 4.5000000000000009 -1.0000000180025095e-35 17405.500000000004 0.38250744047619051 2.5000000000000004 1.0000000180025095e-35 1.0000000180025095e-35 29920.299800000004 0.44697408242285402 3.0385130833894087
decision_type=2 2 2 2 2 2 2 2 2 2 2 2 2 2
left_child=1 2 3 4 5 6 -1 -7 -9 -10 11 13 -13 -11
right_child=-2 -3 -4 -5 -6 7 -8 8 9 10 -12 12 -14 -15
leaf_value=0.010185205023551729 -0.020623758770000646 0.014435912246127572 -0.01482936805548242 -0.0054809455990126321 -0.0081406726310071491 0.024442012456699257 -0.01460573879476685 -0.019563720364052673 0.0023309534109186201 0.026359994897258411 -0.0044648209769591494 0.0060090181492857787 0.03035003421979092 -0.0087173372836072249
leaf_weight=19.990951480809599 14.735048628645016 38.452451491262764 51.91503429110162 115.37766948412172 71.320233943755738 23.457854458829388 46.907391198910773 13.086491191759704 403.46077017264906 12.789381009060888 37.039345748256892 71.769633473828435 70.921756335534155 47.072340597398579
leaf_count=646 1326 2801 1253 6688 4656 844 1725 425 14837 421 679 1945 1875 1420
internal_value=0.00132103 0.00178428 0.00116953 0.00218716 0.00335647 0.0045683 -0.00630902 0.00575034 0.00482666 0.00554729 0.0106006 0.0136376 0.0190637 0
internal_weight=1038.3 1023.56 985.109 933.194 817.816 746.496 66.8983 679.598 656.14 643.053 239.592 202.553 142.691 59.8617
internal_count=41541 40215 37414 36161 29473 24817 2371 22446 21602 21177 6340 5661 3820 1841
is_linear=0
shrinkage=0.05


Tree=159
num_leaves=15
num_cat=0
split_feature=122 0 35 0 45 0 68 79 126 124 141 45 0 22
split_gain=3.69284 2.67644 7.23591 6.31831 3.97942 3.65527 3.57439 3.01212 3.85668 4.80384 5.10319 3.80016 6.00307 3.94089
threshold=15865.700000000003 1567.7000122070315 23998.200195312504 1381.5000000000002 -1683.4000244140623 1751.7000122070315 24850.000000000004 1.0000000180025095e-35 851.40119116615153 1237.7 8079.5000000000009 -1984.3000488281248 2018.3000488281252 14201.399902343752
decision_type=2 2 2 2 2 2 2 2 2 2 2 2 2 2
left_child=1 2 3 -1 5 -3 -5 8 9 11 -11 12 -7 -14
right_child=-2 4 -4 6 -6 7 -8 -9 -10 10 -12 -13 13 -15
leaf_value=0.0032421989043415048 -0.020153156106476139 0.019772604650698057 -0.025733585867802146 0.032704235881346432 -0.014318237926527366 0.029237972896417566 0.0025041627534840086 -0.010552489956356825 0.023611035503916453 -0.025267899686365815 0.0025108442952930469 -0.0088159034203907395 0.013727680417571098 0.00063192149236663924
leaf_weight=150.14552881196141 14.449265822535379 20.735371220507659 10.597846841788849 32.664468738250434 38.537103487527929 17.069988422328606 19.627688612090424 51.243103682529181 14.22229438042268 29.84877892350778 24.348813429242 64.462893792777322 61.865530454786494 489.72661926900037
leaf_count=4647 1326 759 521 1052 1496 575 756 3153 557 899 1145 2306 1811 20538
internal_value=0.00124985 0.00169644 0.00662774 0.00914237 0.000308924 0.00118915 0.0234493 0.00048421 0.00143011 0.000731704 -0.0127854 0.00205828 0.00344422 0.00230067
internal_weight=1039.55 1025.1 213.036 202.438 812.06 773.523 52.2922 752.788 701.545 687.323 54.1976 633.125 568.662 551.592
internal_count=41541 40215 6976 6455 33239 31743 1808 30984 27831 27274 2044 25230 22924 22349
is_linear=0
shrinkage=0.05


Tree=160
num_leaves=15
num_cat=0
split_feature=4 4 163 77 4 22 23 135 47 41 126 41 22 0
split_gain=4.66978 4.08403 4.43967 4.63325 3.35067 3.54154 6.05023 4.44044 4.37843 7.93909 4.92793 4.04535 3.68373 5.90315
threshold=2.5000000000000004 1.5000000000000002 0.52476190476190487 1.0000000180025095e-35 1.0000000180025095e-35 17998.100585937504 22639.100585937504 1085.783285714286 0.030940902572632083 0.023719449594221571 213.76932901906756 0.038125785293206177 13681.800292968752 1679.9000244140627
decision_type=2 2 2 2 2 2 2 2 2 2 2 2 2 2
left_child=1 2 3 -1 5 11 7 -7 9 -8 -10 12 13 -4
right_child=-2 -3 4 -5 -6 6 8 -9 10 -11 -12 -13 -14 -15
leaf_value=0.00068424142700390298 -0.015301109581662848 0.019822047500171743 0.0080023455833614782 0.028313252719887234 -0.012970585684943543 -0.020492871042004368 -0.019014844462263814 0.0045728548948247311 0.0036375248592806324 0.020710936417379769 -0.01233798525059134 -0.017938317128946422 0.012174434273820582 -0.010485717795150539
leaf_weight=46.530680809286423 47.275664535351098 20.406539692543447 101.70117563591339 21.064758540596813 54.746720666065812 67.956849880283698 60.670279982499778 17.255376791581511 347.32527187920641 10.086943871225229 50.243149046786129 14.406821557553483 110.94309023045935 67.192949498537928
leaf_count=2099 1578 651 2865 825 1848 3183 3350 784 14553 383 2808 705 3927 1992
internal_value=-0.00073577 0 -0.000483015 0.0113401 -0.00148121 -0.000608933 -0.00300708 -0.0148907 -0.000604748 -0.0116985 0.00136623 0.00371028 0.00529568 0.000269502
internal_weight=1037.81 990.531 970.124 67.5954 902.529 847.782 553.538 85.2122 468.326 70.7572 397.568 294.244 279.837 168.894
internal_count=41551 39973 39322 2924 36398 34550 25061 3967 21094 3733 17361 9489 8784 4857
is_linear=0
shrinkage=0.05


Tree=161
num_leaves=15
num_cat=0
split_feature=4 83 163 71 35 69 88 35 157 22 88 122 45 126
split_gain=4.31692 3.73974 3.95087 3.53714 5.2973 4.23056 3.87825 5.18767 7.07871 4.71812 4.07919 5.07804 4.50987 3.90939
threshold=2.5000000000000004 1.0000000180025095e-35 2.3627819548872186 46.710472279260792 9602.8002929687518 3.5000000000000004 24090.000000000004 1.0000000180025095e-35 792.09465125000008 16740.600585937504 46021.600000000006 20.500000000000004 -1574.9000244140623 458.61567225922795
decision_type=2 2 2 2 2 2 2 2 2 2 2 2 2 2
left_child=1 3 -3 5 -5 -1 7 -7 -9 -10 12 -12 -8 -13
right_child=-2 2 -4 4 -6 6 10 8 9 -11 11 13 -14 -15
leaf_value=0.0071011000257883332 -0.014796094495243267 0.0066361362366850699 -0.014219224686979982 0.0021287592020946323 -0.021257365077943263 0.016224681895680697 0.00037300894871850152 -0.020404511162243556 -0.017414537336195593 0.013836091772738056 -0.011035436565223385 0.016308452120148892 0.018766105279862638 -0.010513006298262666
leaf_weight=134.89091683086008 46.632126490818337 263.49394185259007 18.796409426024184 36.094133433420211 48.878510578768328 11.820925314445047 136.41099424217828 89.188179743709043 12.642426733858882 30.677359263878316 117.17512094043195 33.988966627977788 41.946603099349886 14.372341734124346
leaf_count=4617 1578 8992 882 2276 5985 283 4328 3506 503 1679 4017 1088 1084 733
internal_value=-0.000700453 0 0.00485013 -0.00190625 -0.0112016 -0.000479984 -0.00272669 -0.00945932 -0.0126208 0.00282287 5.06882e-05 -0.00537168 0.00536521 0.00716227
internal_weight=1037.01 990.377 282.29 708.086 84.9726 623.114 488.223 144.329 132.508 43.3198 343.894 165.536 178.358 48.3613
internal_count=41551 39973 9874 30099 8261 21838 17221 5971 5688 2182 11250 5838 5412 1821
is_linear=0
shrinkage=0.05


Tree=162
num_leaves=15
num_cat=0
split_feature=83 25 31 87 135 87 0 0 156 135 24 23 156 156
split_gain=3.08022 3.91138 8.03055 7.08408 5.53438 4.55539 5.0883 4.97701 4.8098 4.41427 4.34359 4.26842 5.73849 4.23739
threshold=1.0000000180025095e-35 0.44859999418258673 7.5000000000000009 24090.000000000004 1093.9806833333334 47343.000000000007 1112.9000244140627 1399.9000244140627 -1.6799580348659864 699.94211052631601 1.0000000180025095e-35 9998.8999023437518 1.5001875000000002 0.34962344029017861
decision_type=2 2 2 2 2 2 2 2 2 2 2 2 2 2
left_child=1 3 13 9 -4 6 -5 -8 -9 10 11 -1 -13 -3
right_child=-2 2 4 5 -6 -7 7 8 -10 -11 -12 12 -14 -15
leaf_value=0.0024905260268401862 0.0035367578721145518 -0.019679603618909868 0.013994262403184562 0.030402000151312881 -0.013333990365815764 -0.0055399910686555554 -0.021289258573114943 0.00015619156909051909 0.023107209041890484 0 0.0062021393794389314 -0.023692442699408109 0.00068713526288598215 0.0092996130457899465
leaf_weight=19.609146685572341 295.79264800925739 39.876187720801681 120.06205015606247 15.467915087006984 15.831017659744246 135.33696909667924 13.018182388041167 92.354746810859069 27.51640653796494 79.646469393977895 17.189025612315163 128.8145314080175 24.31688783550635 11.459244235418735
leaf_count=609 10254 1282 4721 327 635 4986 369 3181 690 4034 1114 7163 1585 601
internal_value=-0.000671006 -0.00243132 0.00360149 -0.00457637 0.0100955 0.000788986 0.00688093 0.00277741 0.0065393 -0.0103164 -0.014371 -0.0168164 -0.0196055 -0.012072
internal_weight=1036.29 740.499 187.228 553.27 135.893 283.694 148.357 132.889 119.871 269.576 189.93 172.741 153.131 51.3354
internal_count=41551 31297 7239 24058 5356 9553 4567 4240 3871 14505 10471 9357 8748 1883
is_linear=0
shrinkage=0.05


Tree=163
num_leaves=15
num_cat=0
split_feature=4 4 163 76 137 137 106 137 158 3 4 70 70 137
split_gain=3.98032 3.70331 3.9485 4.12357 3.53792 9.85089 5.42549 4.07093 6.36524 3.16846 3.13087 2.84623 3.60094 3.43916
threshold=2.5000000000000004 1.5000000000000002 0.52476190476190487 3.5000000000000004 382.70001000000008 151.68700000000004 6.5000000000000009 600.10000000000014 19.383602201442184 31.500000000000004 1.0000000180025095e-35 12525.000000000002 8750.5000000000018 1800.0690500000003
decision_type=2 2 2 2 2 2 2 2 2 2 2 2 2 2
left_child=1 2 3 -1 5 -4 -7 -6 10 -2 11 12 13 -9
right_child=9 -3 4 -5 7 6 -8 8 -10 -11 -12 -13 -14 -15
leaf_value=0.00052429113749047037 -0.023586575060641296 0.018782339071780296 -0.0013348972216671688 0.026439081950240417 -0.017764492993023968 0.030190587724224907 0 -0.008392963109425949 0.022638041001039378 0 -0.027259676817462671 -0.017020283707965579 0.016924603189004225 0.0096388232363220239
leaf_weight=46.656167537439615 27.86494926107116 20.751556325703859 589.40104871685617 21.654107921291143 56.074502996634692 35.946194423828274 19.090907868230715 96.491573959589005 16.940505970735103 18.092903565615416 11.064459033310412 25.866143662715331 20.435122780036181 29.069750495720655
leaf_count=2099 944 651 23586 825 2346 994 1159 3599 461 634 480 1691 1029 1053
internal_value=-0.00062942 2.19446e-05 -0.00042298 0.0106642 -0.00137362 0.000540203 0.0198926 -0.00630206 -0.00248705 -0.0142602 -0.0056203 -0.00321319 0 -0.00362606
internal_weight=1035.4 989.442 968.69 68.3103 900.38 644.438 55.0371 255.942 199.868 45.9579 182.927 171.863 145.996 125.561
internal_count=41551 39973 39322 2924 36398 25739 2153 10659 8313 1578 7852 7372 5681 4652
is_linear=0
shrinkage=0.05


Tree=164
num_leaves=15
num_cat=0
split_feature=163 163 146 156 26 124 125 43 68 68 9 25 25 70
split_gain=3.42621 4.21046 3.39193 3.00788 2.92242 3.50431 3.25913 3.1655 2.64182 6.42325 7.36997 4.51703 4.46527 4.30297
threshold=0.52476190476190487 0.39498746867167928 -4.6656712872325254 1.6667310606060608 1.0000000180025095e-35 2701.4000000000005 1874.0000000000002 1.0000000180025095e-35 33500.000000000007 47050.000000000007 1.0000000180025095e-35 0.40534999966621404 0.44859999418258673 11033.500000000002
decision_type=2 2 2 2 2 2 2 2 2 2 2 2 2 2
left_child=1 2 -1 -3 5 6 8 -6 -2 10 11 -10 -11 -14
right_child=4 3 -4 -5 7 -7 -8 -9 9 12 -12 -13 13 -15
leaf_value=-0.017026162090658721 -0.0024944433959673295 0.028356578755984581 0.0099214828600905879 0 0.00090219810206951636 -0.015004768560103868 0.021334846111136396 -0.022153071522896979 -0.0027972010535354829 -0.0074147969520506063 0.042306115109822379 0.017384804085487999 0.028058842323117283 0
leaf_weight=16.155495433602482 573.38242131436709 25.927516686613671 19.847801491152495 10.134353556321001 18.813856959342957 36.007775449426845 12.463975183665751 29.096052983542904 54.070786263910122 129.7508622657042 13.344234576448796 43.628608054365031 14.687771855853496 37.252374181291088
leaf_count=485 19647 1088 946 509 863 2324 281 1709 2617 6348 416 2021 330 1967
internal_value=-0.0005889 0.00947714 -0.0015528 0.020555 -0.00143934 -0.000716309 0 -0.0129248 -0.000477534 0.00328062 0.0125491 0.00613602 -0.00230051 0.00912651
internal_weight=1034.56 72.0652 36.0033 36.0619 962.499 914.589 878.581 47.9099 866.117 292.735 111.044 97.6994 181.691 51.9401
internal_count=41551 3028 1431 1597 38523 35951 33627 2572 33346 13699 5054 4638 8645 2297
is_linear=0
shrinkage=0.05


Tree=165
num_leaves=15
num_cat=0
split_feature=22 141 159 23 0 123 9 68 68 158 158 137 22 0
split_gain=4.9012 5.45827 7.07049 6.34243 4.98679 4.26618 5.07974 4.9996 6.0299 7.47392 4.91844 4.57838 4.32163 3.90595
threshold=14339.000000000002 7576.5000100000007 17399.500000000004 22257.500000000004 1256.9000244140627 813.63334000000009 1.0000000180025095e-35 75024.000000000015 45900.000000000007 -5.9997600731995435 -4.0001600168017433 2.2270000000000008 38999.000000000007 5743.6000976562509
decision_type=2 2 2 2 2 2 2 2 2 2 2 2 2 2
left_child=-1 4 -3 -4 -2 6 7 8 9 -6 -11 -10 -13 -7
right_child=1 2 3 -5 5 13 -8 -9 11 10 -12 12 -14 -15
leaf_value=0.0065337988180027926 -0.024570980534427241 -0.017868613323748696 0.030108021335059076 0.0043785492527999249 0.017057919201348408 -0.017885635545192371 0.011821461896836447 -0.021354653141865465 0 -0.023587489395939895 -0.0038609395759444999 0.037295267737962705 0 0.0086066862898610541
leaf_weight=267.18532425607555 22.281684687593952 19.014103710884228 29.448549446649849 108.67947618477046 32.044519242830575 64.885258912341669 65.296961502172053 28.192789283464663 45.953867057687603 33.342513774521649 276.72460507077631 18.288989959517497 10.592403065413235 11.369002082850782
leaf_count=7916 746 1551 1650 6072 620 2225 1716 1791 2842 1671 11385 588 361 341
internal_value=0.000738418 -0.00124716 0.00682013 0.0110735 -0.00344891 -0.00236136 -0.000559016 -0.00259731 -0.000972467 -0.00391869 -0.00648156 0.0112719 0.0252429 -0.0130339
internal_weight=1033.3 766.115 157.142 138.128 608.973 586.691 510.437 445.14 416.947 342.112 310.067 74.8353 28.8814 76.2543
internal_count=41475 33559 9273 7722 24286 23540 20974 19258 17467 13676 13056 3791 949 2566
is_linear=0
shrinkage=0.05


Tree=166
num_leaves=15
num_cat=0
split_feature=103 23 37 156 141 165 110 153 158 133 153 35 23 146
split_gain=3.99493 3.20914 4.75133 4.5875 4.416 5.77391 4.71556 4.29555 4.17747 3.82346 3.76322 3.35254 3.31582 3.16082
threshold=9089.0005000000019 14333.899902343752 1.0000000180025095e-35 -3.3002300230023001 7576.5000100000007 1.0000032186508181 1.0000000180025095e-35 1488.9376251567571 -12.786674163322713 3.5000000000000004 1367.5009710231291 30796.700195312504 17978.799804687504 -4.9556425455147721
decision_type=2 2 2 2 2 2 2 2 2 2 2 2 2 2
left_child=1 9 4 -4 5 6 8 -5 -3 -1 -11 -7 -6 -10
right_child=-2 2 3 7 12 11 -8 -9 13 10 -12 -13 -14 -15
leaf_value=0.0085425106908454985 -0.022523965616710946 0.01209031864323171 -0.011113139978397578 0.025206423559415492 0.024674485785265588 -0.003374997988801537 0.012895549647817296 -0.0038329330338420561 -2.0995078232013305e-06 -0.013346299728916742 0.014943116972475004 0.02168035604170173 0.0021768302655595694 -0.01034613630386837
leaf_weight=226.44307125266641 13.000698449322952 21.161755592096597 11.518418572377412 41.725958810886368 15.464463200420139 15.412853603484107 26.03934722719714 12.060994686558841 106.44932036288083 39.487709669629112 10.020579022355376 27.869655887596309 128.26614073896781 338.93039604788646
leaf_count=5949 2450 487 299 1423 859 547 1730 382 3505 1646 356 1035 7854 12953
internal_value=0.000700739 0.00115359 -0.000499269 0.011789 -0.00183062 -0.00397194 -0.00561117 0.018072 -0.00687592 0.00572274 -0.00585768 0.0122971 0.00568173 -0.00801232
internal_weight=1033.85 1020.85 744.899 65.3054 679.594 535.863 492.581 53.787 466.541 275.951 49.5083 43.2825 143.731 445.38
internal_count=41475 39025 31074 2104 28970 20257 18675 1805 16945 7951 2002 1582 8713 16458
is_linear=0
shrinkage=0.05


Tree=167
num_leaves=15
num_cat=0
split_feature=22 137 157 137 135 135 157 87 27 124 157 137 22 122
split_gain=3.98464 4.01247 11.1733 9.65456 5.256 5.09679 8.03383 5.57335 4.4614 6.30928 4.25351 4.09303 6.51733 3.97498
threshold=14339.000000000002 994.5710200000002 1421.9586273809525 809.66205000000014 728.42000000000007 386.82500237500011 1.1000000000000003 98128.000000000015 17567.000000000004 2550.3000000000006 1942.9286014285715 2000.7700000000002 68378.000000000015 13145.100010000002
decision_type=2 2 2 2 2 2 2 2 2 2 2 2 2 2
left_child=-1 3 -3 4 5 6 7 8 9 -2 -4 -12 -13 -11
right_child=1 2 10 -5 -6 -7 -8 -9 -10 13 11 12 -14 -15
leaf_value=0.0058686087601175167 -0.0047749877596418187 0.031202279643173122 -0.018871026724229814 -0.025187663509317473 0.0092090246498313447 -0.01649367408721833 0.019272160061277268 0.022740862229391961 -0.022923325876774432 0.034494183539172565 0.018882799066397702 -0.021030802827904628 0.015608175366003058 -0.00010919668533493912
leaf_weight=270.0604898086749 351.45551806478761 29.716760469134897 22.245563618140295 39.699283143971115 98.395003770012408 57.945557754021138 38.178675518371165 14.094179328065364 26.650137330172583 12.464338020421566 24.336791240377352 22.786146445665509 15.669717586599289 10.508327825926242
leaf_count=7916 15915 1073 1038 1717 4471 2291 831 445 1722 510 1130 1195 458 763
internal_value=0.000676584 -0.00111957 0.00719221 -0.0027085 -0.000970477 -0.0030965 -0.00111379 -0.00331448 -0.00462195 -0.00290265 -0.00190963 0.00431038 -0.00487272 0.019688
internal_weight=1034.21 764.146 114.755 649.391 609.692 511.297 453.351 415.173 401.078 374.428 85.0382 62.7927 38.4559 22.9727
internal_count=41475 33559 4894 28665 26948 22477 20186 19355 18910 17188 3821 2783 1653 1273
is_linear=0
shrinkage=0.05


Tree=168
num_leaves=15
num_cat=0
split_feature=159 68 78 159 124 124 43 41 137 22 0 0 0 141
split_gain=3.72953 3.94107 4.33209 4.2893 3.82308 3.52342 3.2973 6.505 4.94113 3.94664 3.8404 4.58109 4.93423 3.81684
threshold=87999.500000000015 65020.000000000007 1.0000000180025095e-35 69999.500000000015 3161.8000000000006 4094.1000000000004 1.0336686219099982 0.23530000765701295 2321.9930000000008 14339.000000000002 1336.3000488281252 2018.3000488281252 1694.9000244140627 6483.300255000001
decision_type=2 2 2 2 2 2 2 2 2 2 2 2 2 2
left_child=1 4 -3 -4 6 -6 8 -8 9 -1 -11 12 -12 -13
right_child=-2 2 3 -5 5 -7 7 -9 -10 10 11 13 -14 -15
leaf_value=0.005186336884989106 -0.013483785982417666 0 0.040342585612013246 0 0.035103835202663594 0 0.020538490434087051 -0.014328496896197 -0.022623247972017892 -0.018360146662045253 -0.0034347915645213129 -0.0059273947965151194 0.015845801041185808 0.0051587987543953761
leaf_weight=237.74950026860461 39.10968677024357 24.776210513315164 15.229195943800734 12.341910542454569 10.087764190742748 13.576791964471338 42.920943156350404 12.785139746149069 20.35191641934216 30.744973377324641 52.600532637326978 366.15677842695732 66.713408448384143 89.327717329142615
leaf_count=6627 2263 1476 543 444 609 987 1336 1038 939 1171 2217 14315 2625 4885
internal_value=0.000650309 0.00132027 0.0140807 0.0261074 0.000488656 0.0184749 -1.76555e-05 0.0111915 -0.000858474 -0.000144015 -0.00234406 -0.0012502 0.00714731 -0.00361223
internal_weight=1034.47 995.363 52.3473 27.5711 943.015 23.6646 919.351 55.7061 863.645 843.293 605.543 574.798 119.314 455.484
internal_count=41475 39212 2463 987 36749 1596 35153 2374 32779 31840 25213 24042 4842 19200
is_linear=0
shrinkage=0.05


Tree=169
num_leaves=15
num_cat=0
split_feature=159 68 78 159 27 124 137 0 87 0 0 86 87 83
split_gain=3.44294 3.61467 3.96372 3.79989 3.66053 7.145 3.42496 3.04224 5.69713 3.6801 5.11818 4.87872 4.44765 4.21871
threshold=87999.500000000015 65020.000000000007 1.0000000180025095e-35 69999.500000000015 17567.000000000004 3161.8000000000006 2505.9000000000005 1134.7000122070315 31975.300000000003 2018.3000488281252 1907.9000244140627 1.0000000180025095e-35 30030.000000000004 1.0000000180025095e-35
decision_type=2 2 2 2 2 2 2 2 2 2 2 2 2 2
left_child=1 4 -3 -4 5 6 7 8 -1 10 12 -11 -9 -12
right_child=-2 2 3 -5 -6 -7 -8 9 -10 11 13 -13 -14 -15
leaf_value=-0.015538175780578867 -0.013031745823714866 0 0.038018670495089613 0 -0.012074252181203018 0.027471611597216661 -0.018662131622161904 0.0079318676998727574 0.011083593606288597 0.0010825718851917099 0.033402068998727906 -0.017128293016224223 -0.008543598959301027 0
leaf_weight=61.543063309509307 38.628890795283951 24.776210513315164 15.646682095713915 12.341910542454569 49.185932830092497 20.359354470390826 17.584265541052446 149.08435093727894 22.439782454632223 504.04934330889955 24.862662250408903 34.577073273365386 48.802601547446102 10.862072772346435
leaf_count=1749 2263 1476 543 444 3034 1195 756 5344 490 18927 958 2552 1427 317
internal_value=0.000622837 0.00126474 0.0134399 0.024833 0.000463752 0.00127235 0.000452195 0.00100887 -0.00763997 0.00205688 0.00723139 -0.000141283 0.00351185 0.0236462
internal_weight=1034.74 996.115 52.7648 27.9886 943.351 894.165 873.805 856.221 83.9828 772.238 233.612 538.626 197.887 35.7247
internal_count=41475 39212 2463 987 36749 33715 32520 31764 2239 29525 8046 21479 6771 1275
is_linear=0
shrinkage=0.05


Tree=170
num_leaves=15
num_cat=0
split_feature=42 31 35 141 0 3 155 153 155 134 153 123 88 156
split_gain=4.11749 4.3308 7.03358 6.00686 5.64472 4.12576 4.02588 3.84912 5.56001 10.6316 4.27428 6.75738 4.76823 4.82141
threshold=0.77025940406660209 17.000000000000004 42999.000000000007 7576.5000100000007 6365.7001953125009 1.5000000000000002 32.021774232422665 1431.9598563586421 20.361530123851953 2400.0400800000002 715.27147883744681 1199.8285714285716 35640.000000000007 0.75674537037037048
decision_type=2 2 2 2 2 2 2 2 2 2 2 2 2 2
left_child=-1 2 7 4 6 -5 -3 10 9 -9 11 12 13 -2
right_child=1 3 -4 5 -6 -7 -8 8 -10 -11 -12 -13 -14 -15
leaf_value=-0.016924324590904549 0.0081075217754645792 0.0079913679783159674 -0.01477294637086827 0.024484958919482144 -0.015300195605176113 -0.003218783028930364 -0.013202142779608773 0.00043186401934435333 0 0.047702119693395412 -0.0089954101377581232 0.023953730292885708 -0.0077384292834965056 -0.0085433203172751489
leaf_weight=26.709872373612598 173.53754712548107 184.70268669771031 75.272336741094477 55.338082429487258 33.094446626491845 12.023813705192877 19.268910324666649 30.845544368028641 70.979401546064764 17.048269474413246 120.80792993085925 26.061229863204062 132.16234849602915 50.433193000266328
leaf_count=1687 6454 5886 5010 2267 1137 415 718 702 2421 620 5439 999 4257 3423
internal_value=0.000710041 0.00131172 -0.000804625 0.00625448 0.00211814 0.0189683 0.005482 0.000910696 0.00884826 0.0211221 -0.000935368 0.00156646 -0.000242314 0.00403507
internal_weight=1028.29 1001.58 697.148 304.428 237.066 67.3619 203.972 621.875 118.873 47.8938 503.002 382.194 356.133 223.971
internal_count=41435 39748 29325 10423 7741 2682 6604 24315 3743 1322 20572 15133 14134 9877
is_linear=0
shrinkage=0.05


Tree=171
num_leaves=15
num_cat=0
split_feature=42 31 134 27 165 155 0 155 155 24 25 123 70 141
split_gain=3.82094 3.85182 5.5587 4.4695 5.01645 4.97022 4.30094 3.96247 4.83269 3.93687 3.69945 3.44755 8.2091 3.81423
threshold=0.77025940406660209 17.000000000000004 14350.139200000001 17567.000000000004 0.98526531457901012 25.665704308374526 6365.7001953125009 12.646141737968174 7.2634671970962428 10.400000095367433 0.20995000004768374 1292.6500000000003 7442.5000000000009 7144.8980700000011
decision_type=2 2 2 2 2 2 2 2 2 2 2 2 2 2
left_child=-1 9 3 4 6 7 -3 8 -6 11 -11 13 -13 -2
right_child=1 2 -4 -5 5 -7 -8 -9 -10 10 -12 12 -14 -15
leaf_value=-0.016433154959703336 0.00077779427663468613 0.0036670616559267948 0.031894857718157636 -0.011904097167404662 0.013659665010315633 -0.0073227107705826806 -0.018966309866546766 0.030034388666918543 -0.010500664980482769 -0.024886972488029492 0 0.030214165288203365 -0.008114325472949515 -0.010917778662444129
leaf_weight=26.292996558826417 523.88287954416592 58.621653421549127 14.89999438729137 32.666474174940959 99.442785431630909 24.786001622211188 25.105551323154941 31.050382254878059 19.506210480583832 26.374041961855255 26.519908260088414 24.866367802256718 20.162077616201714 74.627487499732524
leaf_count=1687 19780 1863 630 1775 2286 894 990 1239 746 1366 1332 980 975 4892
internal_value=0.000668165 0.00124564 0.00589109 0.00387565 0.00624741 0.0110352 -0.00324237 0.0145296 0.0090305 -0.000752174 -0.0132625 0.000293307 0.0129569 -0.000676033
internal_weight=1028.8 1002.51 306.079 291.179 258.513 174.785 83.7272 149.999 118.949 696.433 52.894 643.539 45.0284 598.51
internal_count=41435 39748 10423 9793 8018 5165 2853 4271 3032 29325 2698 26627 1955 24672
is_linear=0
shrinkage=0.05


Tree=172
num_leaves=15
num_cat=0
split_feature=88 70 126 88 19 146 121 121 126 68 88 123 31 135
split_gain=3.83748 3.89976 8.42109 4.51677 4.11417 6.23415 4.04707 5.36208 3.62714 3.25446 3.1887 2.83794 2.60515 4.8426
threshold=40100.000000000007 7442.5000000000009 135.05356020091327 30689.900000000005 1.0000000180025095e-35 -3.5966332508683774 5.5000000000000009 2.5000000000000004 55.514409141471283 98400.000000000015 14100.000000000002 1817.3400400000003 17.000000000000004 1292.7333583333336
decision_type=2 2 2 2 2 2 2 2 2 2 2 2 2 2
left_child=1 2 4 -4 10 -6 7 9 -9 12 -1 -8 -3 -14
right_child=-2 6 3 -5 5 -7 11 8 -10 -11 -12 -13 13 -15
leaf_value=0.01700062544246304 -0.0057027180370380938 -0.0020094657245554332 0.03617099955108781 0 0.032886838728391758 -0.0065078624408651965 -0.022146055525225791 0.035181044992958925 0.0019992725025128359 -0.017589388779615304 -0.0019143848807766318 0.0020597798372967869 0.0010369136154310201 0.02451385973390555
leaf_weight=20.050646307412535 186.43283582874574 315.22383671207353 28.474560526199639 12.287633954081683 20.158310367260132 11.373740779701619 29.139131851261482 13.333716254215686 22.652847310062498 21.387581794057041 194.62230846332386 12.140017748577518 118.22608763363678 23.740484622772783
leaf_count=472 6620 15507 1115 532 492 310 1907 449 884 1344 5540 777 4645 841
internal_value=0.000625296 0.00210943 0.00679583 0.0266512 0.00284446 0.0183625 -0.000259899 0.000914188 0.0183056 -0.000465913 0 -0.0144934 0.000408568 0.00600351
internal_weight=1029.24 842.811 286.967 40.7622 246.205 31.5321 555.844 514.565 35.9866 478.578 214.673 41.2791 457.19 141.967
internal_count=41435 34815 8461 1647 6814 802 26354 23670 1333 22337 6012 2684 20993 5486
is_linear=0
shrinkage=0.05


Tree=173
num_leaves=15
num_cat=0
split_feature=42 125 45 35 45 35 87 45 70 158 156 137 67 158
split_gain=3.57226 4.47026 10.7132 5.87493 5.0699 7.871 5.75741 5.07901 4.5567 5.24329 4.96504 4.07536 3.7144 3.37242
threshold=0.77025940406660209 921.10000000000002 -3861.6000976562495 18689.100585937504 -3535.500122070312 23978.799804687504 64010.000000000007 -3056.9999999999995 7746.5000000000009 -2.600254837466895 -2.8000599864673963 2000.7700000000002 0.033323652705701548 -3.599856043919726
decision_type=2 2 2 2 2 2 2 2 2 2 2 2 2 2
left_child=-1 4 -3 -4 -2 11 7 -7 9 -9 -11 -6 -12 -10
right_child=1 2 3 -5 5 6 -8 8 13 10 12 -13 -14 -15
leaf_value=-0.016012679489818472 -0.0055974257533406326 0.033764103329377078 0.014263675677699844 -0.015658004288634293 -0.0019015478307753771 0.029467279928546905 -0.015580416944101115 -0.0015030142848628562 0.015295220880669933 0.0030990292957840055 0.0079948166784999924 0.023703122920576664 0.052012984519524942 -0.0079464563860613246
leaf_weight=25.946053464547731 267.61118389095645 29.471572374925017 25.779241168871522 29.546463627833873 450.15788193407934 37.173811462474987 12.986723672132937 23.003281073179096 16.461378257372417 22.259738360531628 13.209034815896302 10.936537198256699 15.024968361016363 49.71812550118193
leaf_count=1687 12480 1068 764 1331 15427 1916 499 460 995 855 466 437 396 2654
internal_value=0.000617105 0.001174 0.0118266 -0.000860389 7.77378e-05 0.00251202 0.0109603 0.013559 0.00810751 0.0163003 0.0247166 -0.000939206 0.037225 -0.000794592
internal_weight=1029.29 1003.34 84.7973 55.3257 918.543 650.931 189.837 176.85 139.677 73.497 50.4937 461.094 28.234 66.1795
internal_count=41435 39748 3163 2095 36585 24105 8241 7742 5826 2177 1717 15864 862 3649
is_linear=0
shrinkage=0.05


Tree=174
num_leaves=15
num_cat=0
split_feature=87 71 126 35 121 121 19 45 105 135 141 156 105 105
split_gain=3.47202 3.45106 7.43549 4.25095 3.84455 4.84447 3.69329 5.22309 3.69844 6.80359 4.44616 3.43093 3.22072 3.49798
threshold=40100.000000000007 20.37645448323067 135.05356020091327 21382.500000000004 5.5000000000000009 2.5000000000000004 1.0000000180025095e-35 -2796.900024414062 8392.2000000000025 880.71669166666675 1138.3000500000003 0.51916333333333342 10853.900500000002 5097.9001500000004
decision_type=2 2 2 2 2 2 2 2 2 2 2 2 2 2
left_child=1 2 6 -4 5 -3 8 -8 9 10 -1 -7 13 -2
right_child=12 4 3 -5 -6 11 7 -9 -10 -11 -12 -13 -14 -15
leaf_value=0.0035874603433465151 -0.0042337723863150756 -0.00039197096466302481 0.038887143703095699 0.0041691814359274704 -0.014167903091533702 -5.5223203435183436e-05 -0.0057550065971928516 0.030107291491466466 -0.017833698026447683 0.01983053868419692 -0.013440973107008137 0.027315897482232721 0.010210266093166279 -0.024767799039778399
leaf_weight=102.1355389370583 141.01887934375554 477.83068779378664 20.821494426578283 20.981276627629995 40.789827193599194 13.301574298180638 11.113007944542913 20.969775878358632 20.38321241713129 39.340256124269217 53.020308022387326 23.223441905342042 21.639621210284531 22.720548660261557
leaf_count=2135 4388 22337 618 1029 2684 447 303 499 1064 1096 1717 886 1116 1116
internal_value=0.000610903 0.00201981 0.00640888 0.0248371 -0.000210773 0.000925536 0.00266016 0.0172357 0 0.00242504 -0.0021573 0.0173375 -0.00542491 -0.00802887
internal_weight=1029.29 843.91 288.765 41.8028 555.146 514.356 246.962 32.0828 214.879 194.496 155.156 36.525 185.379 163.739
internal_count=41435 34815 8461 1647 26354 23670 6814 802 6012 4948 3852 1333 6620 5504
is_linear=0
shrinkage=0.05


Tree=175
num_leaves=15
num_cat=0
split_feature=41 43 144 137 137 9 155 87 156 20 137 155 106 141
split_gain=4.22777 3.76745 2.9239 4.23205 11.6302 4.73198 10.2739 6.9649 4.1058 4.60741 3.75026 3.73719 4.00994 3.73512
threshold=0.10866878806875498 1.0602146841812161 1.0000000180025095e-35 521.10100000000011 200.10000000000002 1.0000000180025095e-35 10.095095321398071 28660.000000000004 0.74992261904761914 1.0000000180025095e-35 345.87001000000004 6.0679031720553747 3.5000000000000004 1618.6800500000002
decision_type=2 2 2 2 2 2 2 2 2 2 2 2 2 2
left_child=1 2 3 4 5 13 7 -7 9 10 -6 -4 -13 -1
right_child=-2 -3 11 -5 8 6 -8 -9 -10 -11 -12 12 -14 -15
leaf_value=0 -0.014647187018762307 0.0208057497801259 0 -0.0066324784108299619 0.047734470847115733 0.040463137529104007 -0.011494416707930912 0.0042467879078623358 -0.0016661632298106029 0 0.0094886759746328399 0 0.041888553754509006 -0.0088082962287146897
leaf_weight=395.03325440338813 42.638849773677066 17.558873775182292 26.451356370933354 214.58941455208696 20.87947780219838 23.229087396990508 30.95890058670193 34.389141236664727 11.931538518751038 13.948927544057367 17.770624537952244 11.446326900739225 10.060388788115231 161.6695807594806
leaf_count=16210 2323 497 1018 9012 713 583 916 864 544 537 612 259 682 6749
internal_value=-5.39514e-05 0.000594821 7.41215e-05 -0.000526067 0.00128355 -0.000729737 0.009577 0.0217112 0.0207395 0.0263935 0.0343964 0.0115444 0.0248746 -0.00252931
internal_weight=1032.56 989.917 972.358 924.4 709.811 645.28 88.5771 57.6182 64.5306 52.599 38.6501 47.9581 21.5067 556.703
internal_count=41519 39196 38699 36740 27728 25322 2363 1447 2406 1862 1325 1959 941 22959
is_linear=0
shrinkage=0.05


Tree=176
num_leaves=15
num_cat=0
split_feature=41 43 125 123 146 137 137 141 27 125 71 87 81 162
split_gain=3.91971 3.41935 2.84601 3.78029 2.95667 2.87078 10.4057 5.45942 4.77667 4.40214 4.29904 5.04008 3.07428 5.53471
threshold=0.10866878806875498 1.0602146841812161 2279.8000000000006 1867.4800103333334 -3.1440429696530479 521.10100000000011 206.57500000000002 1618.6800500000002 15097.700195312502 762.10000000000014 40.209445585215612 63900.000000000007 1.0000000180025095e-35 40000.000000000007
decision_type=2 2 2 2 2 2 2 2 2 2 2 2 2 2
left_child=1 2 3 5 -5 6 7 12 9 -7 11 -9 -1 -14
right_child=-2 -3 -4 4 -6 8 -8 10 -10 -11 -12 -13 13 -15
leaf_value=0.0052634071809245283 -0.014158512380477004 0.019732721876157128 -0.018554318371942307 0 0.029071166896281017 -0.0095054850795884063 0.019013752302237532 -0.01528541312885244 0.015698689432744311 0.013442071915161571 0.0098712252564622932 0.01089773992030252 -0.0071311829511256017 0.016908893987447604
leaf_weight=294.22130930458661 42.091735740075819 17.852185068186373 14.891188175417481 17.040235007880256 15.254620894556863 198.87271465314552 71.025573341641575 123.48497551237233 19.546906116884202 17.203802568838 20.915770911611617 15.489656715653835 140.96147779584862 22.98287186131347
leaf_count=8002 2323 497 735 824 687 8112 2636 4805 1140 645 1117 557 7487 1952
internal_value=-1.81248e-05 0.000601116 9.93158e-05 0.000536474 0.016149 -3.8924e-05 0.00153858 -0.000525843 -0.00479625 -0.00718956 -0.00839852 -0.0117427 0.00217461 -0.00306443
internal_weight=1031.84 989.743 971.891 957 32.2949 924.705 689.082 618.056 235.623 216.077 159.89 138.975 458.166 163.944
internal_count=41519 39196 38699 37964 1511 36453 26556 23920 9897 8757 6479 5362 17441 9439
is_linear=0
shrinkage=0.05


Tree=177
num_leaves=15
num_cat=0
split_feature=43 125 123 122 125 25 25 22 66 137 137 135 155 136
split_gain=3.45394 3.19382 4.13245 5.79119 3.46837 3.67236 3.08146 3.00284 2.63211 2.58389 8.12703 4.02716 7.74479 5.02623
threshold=1.1304376182707379 2279.8000000000006 1867.4800103333334 6801.3000000000011 960.20000000000016 0.29264999926090246 0.40025000274181372 21271.000000000004 -3.3749181611983459 521.10100000000011 200.10000000000002 1841.7333458333335 -3.7518292393036474 1584.8000000000002
decision_type=2 2 2 2 2 2 2 2 2 2 2 2 2 2
left_child=1 2 3 4 9 -6 -4 -5 -2 10 -1 13 -13 -11
right_child=8 -3 6 7 5 -7 -8 -9 -10 11 -12 12 -14 -15
leaf_value=0 0 -0.019072814203045709 0.028536481868041991 0 -0.0023070338323092246 0.028132221855414585 0 -0.029039039577694766 -0.028413799007863907 -0.002705465472428338 0.017030974264412909 0.03067800256242198 -0.0036349974512414774 -0.023237186026482604
leaf_weight=582.99897949316073 13.282093298854306 15.258219315437598 18.126352732768282 12.339545398950575 11.129610259085895 18.555870658019558 15.856615390395744 19.93115228228271 13.564894393552095 124.08409324823879 74.544599486282095 16.885877856519073 56.121156516252086 38.483229849953204
leaf_count=22122 972 768 787 586 316 494 777 1463 813 4699 2656 669 2650 1747
internal_value=0 0.0004741 0.000920367 0.000214812 0.00104117 0.016591 0.0168962 -0.0190436 -0.0162485 0.000379165 0.00203904 -0.0039922 0.005118 -0.0084125
internal_weight=1031.16 1004.32 989.057 955.074 922.803 29.6855 33.983 32.2707 26.847 893.118 657.544 235.574 73.007 162.567
internal_count=41519 39734 38966 37402 35353 810 1564 2049 1785 34543 24778 9765 3319 6446
is_linear=0
shrinkage=0.05


Tree=178
num_leaves=15
num_cat=0
split_feature=41 43 125 125 122 25 122 137 137 27 141 141 88 156
split_gain=3.43175 3.11543 2.4941 2.75185 3.48055 4.63979 3.19945 2.72007 7.9768 4.29264 4.13342 4.6399 4.42494 3.96912
threshold=0.10866878806875498 1.0602146841812161 2279.8000000000006 960.20000000000016 6048.500070000001 0.29264999926090246 11244.500120000002 521.10100000000011 200.10000000000002 15097.700195312502 1618.6800500000002 4060.1000500000005 63900.000000000007 0.74992261904761914
decision_type=2 2 2 2 2 2 2 2 2 2 2 2 2 2
left_child=1 2 3 7 5 -5 -6 8 10 -9 -1 -12 -13 -10
right_child=-2 -3 -4 4 6 -7 -8 9 13 -11 11 12 -14 -15
leaf_value=0.0016771539313041829 -0.013362233547179518 0.018718792934321778 -0.017584254717382283 -0.00050937508227234015 -0.014740757324280821 0.033059321023012199 0.012910641832590469 -0.0072658723815574866 0.021561077533443822 0.014574339205587837 -0.019147676339129064 -0.005322345149782603 0.023715144186200847 -0.0036996954978617508
leaf_weight=453.26571062882431 41.219732488156296 18.138743642484769 14.420591313857583 12.445776696316896 16.878738835919652 20.043495550286025 14.533435416873543 206.72780669876374 60.947420986834913 19.196740280371159 51.810842721257359 76.549169093719684 10.566411275882272 14.494417269481344
leaf_count=17336 2323 497 735 326 812 491 730 8544 2083 1099 1443 4050 411 639
internal_value=0 0.000573154 8.92326e-05 0.000497336 0.0101408 0.0205135 -0.000558055 -0.000189246 0.00136135 -0.00491821 -0.000559429 -0.00800874 -0.000161462 0.0161579
internal_weight=1031.24 990.019 971.881 957.46 63.9014 32.4893 31.4122 893.559 667.634 225.925 592.192 138.926 87.1156 75.4418
internal_count=41519 39196 38699 37964 2359 817 1542 35605 25962 9643 23240 5904 4461 2722
is_linear=0
shrinkage=0.05


Tree=179
num_leaves=15
num_cat=0
split_feature=165 66 159 159 163 163 163 153 25 42 158 135 70 146
split_gain=3.04297 2.56264 2.55184 2.75603 3.34708 4.08487 2.61183 2.50793 6.5318 2.70927 2.60223 3.65583 3.90106 3.53866
threshold=1.1304376125335696 -3.3749181611983459 105070.84805000002 78999.500000000015 1.714511278195489 1.5628289473684214 1.8424812030075188 1908.9192052251985 0.40025000274181372 0.77010613399714434 7.0030463048360936 809.41428571428582 8142.0000000000009 -2.4535616730619867
decision_type=2 2 2 2 2 2 2 2 2 2 2 2 2 2
left_child=2 -2 3 4 5 7 -6 9 -9 -1 13 12 -12 -11
right_child=1 -3 -4 -5 6 -7 -8 8 -10 10 11 -13 -14 -15
leaf_value=-0.015319852132372767 0 -0.027658475266903348 0.015463431623223702 -0.013107534562778217 0.029313707084142389 -0.015769090213305671 0 -0.006665188972322292 0.02748295210365069 0.0038660703728536209 0.018790524445584433 -0.020599312258086318 -0.0067638795721627135 -0.0037929391941373875
leaf_weight=22.748859980260022 13.118053742684424 13.066379602649249 22.488635465386324 33.448238209821284 12.667590052122252 34.36668882437516 14.450699737295507 20.575764418346807 23.976373769808561 522.664751250064 15.028939366340635 27.760911854915321 53.595430040266365 201.03713133430574
leaf_count=1468 972 813 1356 1860 450 1502 713 599 672 16905 265 848 1743 11353
internal_value=0 -0.0154191 0.000437642 0 0.000546015 0 0.0164128 0.000688549 0.0116219 0 0.000561968 -0.00685337 0 0.00165843
internal_weight=1030.99 26.1844 1004.81 982.321 948.873 921.755 27.1183 887.388 44.5521 842.836 820.087 96.3853 68.6244 723.702
internal_count=41519 1785 39734 38378 36518 35355 1163 33853 1271 32582 31114 2856 2008 28258
is_linear=0
shrinkage=0.05


Tree=180
num_leaves=15
num_cat=0
split_feature=78 159 155 22 22 155 121 154 23 163 159 158 158 159
split_gain=3.3863 4.93889 4.8845 3.6112 3.56987 4.8325 3.31851 3.23342 4.83398 6.5485 3.10667 3.05856 4.61466 3.2249
threshold=1.0000000180025095e-35 49998.500000000007 20.361530123851953 14000.899902343752 30001.000000000004 16.587300836661047 5.5000000000000009 1.0000000180025095e-35 16915.000000000004 0.85620300751879708 79999.500000000015 2.7452154866139331 19.383602201442184 53999.500000000007
decision_type=2 2 2 2 2 2 2 2 2 2 2 2 2 2
left_child=1 2 -1 -4 -3 -6 7 8 9 -2 -7 13 -13 -10
right_child=6 4 3 -5 5 10 -8 -9 11 -11 -12 12 -14 -15
leaf_value=0.00016501213402414375 -0.013927325757785712 -0.019338043302404646 0 0.031782900555446573 -0.010932242235468015 0.028083100144772902 -0.0098080367232678337 -0.0029490532319524972 0.037749218066325974 0.015573496714071025 -0.0014967638155021518 0 0.025594013426591247 0.00075159169105185324
leaf_weight=650.0514636473963 32.987738952040672 48.68261147919111 18.307706945342943 17.151328835170716 46.112974404590204 12.515646066982301 21.212626693071797 40.465732374228537 26.533890506951138 32.119573089759797 11.164286500425076 44.984622818650678 22.062396184541285 10.992979245726017
leaf_count=24764 806 3000 742 930 3096 745 1119 1031 1005 904 835 1675 512 411
internal_value=0.0011937 -0.000291995 0.00129321 0.0181637 -0.00955004 -0.00121776 0.00646509 0.00852989 0.0115597 0 0.0145642 0.017981 0.00926959 0.0294496
internal_weight=1035.35 803.986 685.51 35.459 118.476 69.7929 231.36 210.147 169.681 65.1073 23.6799 104.574 67.047 37.5269
internal_count=41575 34112 26436 1672 7676 4676 7463 6344 5313 1710 1580 3603 2187 1416
is_linear=0
shrinkage=0.05


Tree=181
num_leaves=15
num_cat=0
split_feature=76 41 138 25 35 22 158 87 135 138 106 135 25 69
split_gain=6.01922 5.66446 5.7473 5.61484 7.93034 6.68537 5.07501 3.35067 4.76366 4.9021 4.39803 4.0697 6.21533 4.77387
threshold=1.2500000000000002 0.091350339407656758 1121.083035301727 0.42249999940395361 7132.0000000000009 9485.2001953125018 -2.6003224607283362 24090.000000000004 323.26666666666671 394.73323732140358 5.5000000000000009 889.58462315384634 0.37600000202655798 3.5000000000000004
decision_type=2 2 2 2 2 2 2 2 2 2 2 2 2 2
left_child=3 2 -2 4 6 -6 -1 11 -9 -10 -11 13 -13 -7
right_child=1 -3 -4 -5 5 7 -8 8 9 10 -12 12 -14 -15
leaf_value=0 0.0091646014392861228 -0.016614916729209749 -0.017612815632356567 -0.0081695140846004145 -0.0272177739934794 7.9564366004875834e-05 0.038479786052391052 0.010492321350533126 -0.012355909213119284 0.023159009864566048 -0.0055699610787473984 -0.0078228495019622528 0.03051792686723348 -0.019366351394825634
leaf_weight=11.159442164003851 349.71178572555073 19.854116584174335 15.498435318935661 219.65131421643309 17.013949863146991 56.799607288325205 17.596255484968424 143.26169862714596 59.066712938714772 20.67701632482931 20.221655498957261 17.658971527591351 13.653613183880223 54.228331146528944
leaf_count=586 13158 988 972 9453 499 3954 518 4080 2093 555 1203 596 459 2461
internal_value=0.00115052 0.00609337 0.00767066 -0.00172116 0.00150396 -0.000321656 0.0248057 0.00107042 0.00470608 -0.0032147 0.00880572 -0.00475163 0.00941855 -0.00941256
internal_weight=1036.05 385.064 365.21 650.989 431.337 402.582 28.7557 385.568 243.227 99.9654 40.8987 142.341 31.3126 111.028
internal_count=41575 15118 14130 26457 17004 15900 1104 15401 7931 3851 1758 7470 1055 6415
is_linear=0
shrinkage=0.05


Tree=182
num_leaves=15
num_cat=0
split_feature=106 158 35 22 19 25 31 22 126 71 35 125 22 25
split_gain=3.11235 4.17116 5.52625 6.06124 5.02546 4.59199 4.4037 4.28057 9.4434 4.12461 4.01745 4.61503 4.14944 3.95252
threshold=7.5000000000000009 -2.1458923394517524 43979.000000000007 95398.800781250015 1.0000000180025095e-35 0.37600000202655798 11.500000000000002 25803.000000000004 103.63312005644231 53.875427789185501 21998.500000000004 859.70000000000016 15945.200195312502 0.41899999976158148
decision_type=2 2 2 2 2 2 2 2 2 2 2 2 2 2
left_child=1 4 7 -4 -1 -5 -6 10 9 -9 11 -3 -13 -8
right_child=-2 2 3 5 6 -7 13 8 -10 -11 -12 12 -14 -15
leaf_value=-0.0050787792193325472 -0.010953328754455849 0.0028971210086748342 -0.013212697062134186 -0.011249685611051278 -0.010140106021780053 0.018928432173283438 0.030989551597974653 0.021779469104213432 -0.011609055749770556 -0.00091082051078063839 -0.0097172566727891634 0.036228257482133305 0 0
leaf_weight=306.33500902017113 45.133146385895088 270.64134875289164 78.718396555981599 13.18623621528968 12.801646020263432 30.849612105172127 21.853371812030673 119.3095954072196 26.199649276677519 18.451380839338526 45.381960881990381 16.497084405273203 11.691279843682421 20.192020070855506
leaf_count=12983 2979 8542 4331 486 457 627 779 4220 1472 917 1902 511 490 879
internal_value=0.00107884 0.00172853 0.00419885 -0.00494824 -0.00244859 0.00864648 0.0106033 0.00653254 0.0131619 0.0184647 0.00308833 0.00532554 0.0231855 0.0183883
internal_weight=1037.24 992.109 630.927 122.754 361.182 44.0358 54.847 508.172 163.961 137.761 344.212 298.83 28.1884 42.0454
internal_count=41575 38596 23498 5444 15098 1113 2115 18054 6609 5137 11445 9543 1001 1658
is_linear=0
shrinkage=0.05


Tree=183
num_leaves=15
num_cat=0
split_feature=84 122 122 22 163 22 157 71 163 146 71 158 25 35
split_gain=4.33748 6.8119 6.19436 7.5927 5.71017 4.74358 5.92414 5.1145 4.45418 4.54397 3.67792 4.70125 3.58031 7.31571
threshold=1.0000000180025095e-35 5330.600010000001 2643.8000000000002 31895.500000000004 2.5894736842105268 14979.000000000002 560.7666691666667 30.710472279260784 1.0250000000000001 -7.1718549119499668 34.291581108829583 -3.599856043919726 0.42249999940395361 5981.8000488281259
decision_type=2 2 2 2 2 2 2 2 2 2 2 2 2 2
left_child=12 2 4 -4 5 7 10 8 -2 -10 11 -7 13 -1
right_child=1 -3 3 -5 -6 6 -8 -9 9 -11 -12 -13 -14 -15
leaf_value=0.024806421920813355 -0.002564049925037106 -0.012289695703975312 0.040786531235471199 -0.0030043605575355535 -0.022064564935262567 -0.0077505335267638829 0.0016875552127963726 -0.012734067103367051 0 0.037669131429505037 0.028673571242346076 0.017057978615261964 -0.0071314930023227479 -0.00086116485269775798
leaf_weight=24.859552818117663 38.588075280655175 45.958418064168654 22.396961237769574 11.373565251240505 13.436710252193732 22.468288260744885 121.28298893175088 54.284156023757532 11.534109237603845 13.148636561352758 47.049523094436154 49.8002740717493 199.49398233974352 362.30330472171772
leaf_count=975 763 2840 765 535 601 616 5470 1961 224 261 1697 1093 8962 14812
internal_value=0.00102168 0.00471057 0.00688609 0.0262631 0.00466701 0.00609755 0.0100873 -0.00173867 0.00720434 0.0220198 0.0178118 0.00869549 -0.00174755 0.000954705
internal_weight=1037.98 451.322 405.363 33.7705 371.593 358.156 240.601 117.555 63.2708 24.6827 119.318 72.2686 586.657 387.163
internal_count=41575 16826 13986 1300 12686 12085 8876 3209 1248 485 3406 1709 24749 15787
is_linear=0
shrinkage=0.05


Tree=184
num_leaves=15
num_cat=0
split_feature=76 159 41 138 125 156 156 35 159 122 155 45 45 110
split_gain=4.91131 5.3313 5.0747 5.16822 5.0662 5.69614 5.69999 4.81808 7.3602 4.76119 4.68665 3.56734 7.53539 3.49218
threshold=1.2500000000000002 49998.500000000007 0.091350339407656758 1121.083035301727 1200.1000500000002 0.33095119047619054 0.53343333333333343 12851.000000000002 42580.399900000011 4858.1000000000013 15.324969816432528 -2267.3000488281245 -2755.500122070312 1.0000000180025095e-35
decision_type=2 2 2 2 2 2 2 2 2 2 2 2 2 2
left_child=1 -1 3 4 5 7 11 8 -2 10 -8 12 -7 -3
right_child=2 13 -4 -5 -6 6 9 -9 -10 -11 -12 -13 -14 -15
leaf_value=0 -0.015670871730961062 -0.020601443960310561 -0.016191552519434296 -0.017201427435607933 -0.011925641748099356 0.026419547988030475 0.015492719079280093 -0.017938968810028665 0.02230009863396272 -0.012925559594439666 -0.002213954039732801 0.033441684653094383 -0.01729339662637619 0.0021600791093649382
leaf_weight=581.22307619499043 15.37725683278404 50.793982076691464 19.578227585647255 15.261954157846047 22.47848043567501 17.20011575892568 126.35482389864046 25.797473354730755 26.932029278483242 18.196669309865683 44.180558961350471 45.77071678894572 11.964405139675362 17.542262670001946
leaf_count=21157 451 3771 988 972 947 652 4529 1086 772 1243 1652 1438 388 1529
internal_value=0.000977675 -0.0016241 0.00541351 0.00689261 0.00829477 0.00996994 0.0132779 -0.00218471 0.00724505 0.00787856 0.0106882 0.0249077 0.00711688 -0.0143278
internal_weight=1038.65 649.559 389.093 369.514 354.253 331.774 263.667 68.1068 42.3093 188.732 170.535 74.9352 29.1645 68.3362
internal_count=41575 26457 15118 14130 13158 12211 9902 2309 1223 7424 6181 2478 1040 5300
is_linear=0
shrinkage=0.05


Tree=185
num_leaves=15
num_cat=0
split_feature=136 35 67 35 146 141 104 70 70 25 35 35 35 153
split_gain=3.76609 5.5433 6.46518 7.33219 6.00719 5.37575 4.58092 3.45063 4.15924 3.35268 4.30316 4.92785 4.35049 4.29139
threshold=929.56807000000015 10998.399902343752 0.033323652705701548 81034.000000000015 -3.9680145715558832 13295.477070000003 5.5000000000000009 22114.000000000004 25097.000000000004 0.38849999010562902 16279.000000000002 99596.199218750015 15119.000000000002 2352.7327796635914
decision_type=2 2 2 2 2 2 2 2 2 2 2 2 2 2
left_child=6 -2 -3 4 -4 -6 9 -8 -9 -1 12 -12 13 -11
right_child=1 2 3 -5 5 -7 7 8 -10 10 11 -13 -14 -15
leaf_value=0.0019765870196989293 -0.0093000478454399443 0 0.0073250216634746824 -0.009245846384646669 0.038866986305994215 0 -0.0064036352349927123 0.025385245682240366 -0.0041911568497758961 -0.0045154519446374787 -0.012941549998950594 0.01476659153283251 0.021530694222502835 0.021421224486902438
leaf_weight=260.72880976134911 45.112911038566381 109.42604345432483 57.847975148120895 19.047193241305649 45.364355290541425 10.062101129675282 14.133253978332503 36.10880711034406 11.206527411937712 215.43070995784365 177.35147978726309 11.817845027428119 15.360383025603367 11.801837138831614
leaf_count=8149 1472 5626 2134 460 1654 863 1523 4014 1652 5401 7455 336 468 250
internal_value=0.00071109 0.00556408 0.00867278 0.0159014 0.0207648 0.0321976 -0.001094 0.0113337 0.0176933 -0.0023418 -0.00505681 -0.0106174 -0.000391995 -0.00252087
internal_weight=1040.8 286.861 241.748 132.322 113.274 55.4265 753.94 61.4486 47.3153 692.491 431.762 189.169 242.593 227.233
internal_count=41457 12209 10737 5111 4651 2517 29248 7189 5666 22059 13910 7791 6119 5651
is_linear=0
shrinkage=0.05


Tree=186
num_leaves=15
num_cat=0
split_feature=157 157 157 157 76 41 66 35 22 156 156 147 159 105
split_gain=4.63343 4.91248 4.46367 8.93771 4.36181 4.77232 5.80287 6.12298 9.00719 4.1506 4.59091 4.11333 3.66797 6.65066
threshold=880.65002500000014 1180.2833333333335 780.17142957142858 727.20001333333346 3.5000000000000004 0.038125785293206177 -3.3749181611983459 16279.000000000002 41999.000000000007 0.37718021138509122 1.0333568075117374 -4.5837917125045831e-05 14088.750000000002 5147.7000000000007
decision_type=2 2 2 2 2 2 2 2 2 2 2 2 2 2
left_child=2 9 3 11 5 6 -3 -8 -9 12 -11 -1 -2 -14
right_child=1 4 -4 -5 -6 -7 7 8 -10 10 -12 -13 13 -15
leaf_value=0.010643978623440551 7.3829880464361711e-05 -0.0096297426105444624 -0.015478647946025773 0.032754130214716431 -0.011069074817550272 0.030744640736392728 -0.007762556030656881 0.03597641827692119 -0.0057546769158890463 -0.013523052316395896 0.021910555109081548 -0.0022643040377644127 0.057634236160184552 0.0082095914950122608
leaf_weight=62.16897718491964 13.998151608742772 50.344884828664362 45.743773036636412 15.087293597636743 42.906081526074558 12.819531093118711 21.009658386930823 30.162250749533996 15.611835035495458 17.08811504975893 10.493388070259241 672.24892449332401 12.297718353569509 19.272537598386407
leaf_count=7189 313 2425 1874 591 2458 410 678 1115 700 701 440 21305 332 926
internal_value=0.00068955 0.00664331 -0.00111972 -8.03314e-05 0.00156936 0.00636833 0.0021415 0.0117644 0.0215936 0.0171258 0 -0.0010394 0.0256605 0.0340771
internal_weight=1041.25 246.004 795.249 749.505 172.854 129.948 117.129 66.7837 45.7741 73.1499 27.5815 734.418 45.5684 31.5703
internal_count=41457 10498 30959 29085 7786 5328 4918 2493 1815 2712 1141 28494 1571 1258
is_linear=0
shrinkage=0.05


Tree=187
num_leaves=15
num_cat=0
split_feature=135 135 135 157 157 28 0 156 156 19 76 165 155 28
split_gain=4.27434 4.56554 7.16563 4.54742 4.08956 4.18727 5.09606 8.68878 4.74126 4.08756 3.99378 4.21464 3.98445 3.90319
threshold=880.71669166666675 798.75476190476206 728.42000000000007 1180.2833333333335 550.64285805194811 0.38849999010562902 2831.900024414063 -7.5971597159715962 1.3198833333333335 1.0000000180025095e-35 3.5000000000000004 1.0384889841079714 -2.9733265741610682 0.39499999582767492
decision_type=2 2 2 2 2 2 2 2 2 2 2 2 2 2
left_child=1 2 4 9 5 6 -1 -8 12 -2 11 -5 -9 -7
right_child=3 -3 -4 10 -6 13 7 8 -10 -11 -12 -13 -14 -15
leaf_value=-9.1554764570283913e-05 0.021194129238468095 -0.016488105626455744 0.026244265510257433 0.0021919863204592294 -0.013972399644158702 -0.020414805091206231 -0.015961008599342789 0 0.00032054384529041363 -0.0068475500181197392 -0.010666590248099031 0.029850474670040317 0.034934977854279105 -0.0014895835259621506
leaf_weight=159.22350663004909 63.46251533832401 40.255112631246448 19.903206050628796 118.82440771488473 51.286490119528025 25.229099904187024 14.36898287385702 10.995683162007479 24.759913367684931 10.450479924911631 42.498079558368772 11.738230878487228 42.567484360304661 405.7909847619012
leaf_count=5666 2374 1688 756 4976 2066 1287 357 292 1201 337 2458 352 2273 15374
internal_value=0.000683445 -0.00105645 -6.36681e-05 0.00638808 -0.00101715 0 0.00511292 0.0141119 0.0208558 0.0164131 0.00148502 0.00605672 0.0286568 -0.00293342
internal_weight=1041.35 794.38 754.125 246.974 734.222 682.936 251.916 92.6921 78.3231 73.913 173.061 130.563 53.5632 431.02
internal_count=41457 30960 29272 10497 28516 26450 9789 4123 3766 2711 7786 5328 2565 16661
is_linear=0
shrinkage=0.05


Tree=188
num_leaves=15
num_cat=0
split_feature=135 135 135 157 157 4 4 136 126 76 66 35 23 142
split_gain=3.88645 4.22976 6.48123 3.98352 3.76919 3.92596 4.67124 5.16305 3.88454 3.67896 4.1315 5.15755 5.05522 3.4773
threshold=880.71669166666675 798.75476190476206 728.42000000000007 1180.2833333333335 550.64285805194811 2.5000000000000004 1.5000000000000002 312.10001000000005 511.66436545017342 3.5000000000000004 -3.3749181611983459 16279.000000000002 43594.500000000007 5.5000000000000009
decision_type=2 2 2 2 2 2 2 2 2 2 2 2 2 2
left_child=1 2 4 -2 5 6 7 8 -1 10 -5 -12 -13 -3
right_child=3 13 -4 9 -6 -7 -8 -9 -10 -11 11 12 -14 -15
leaf_value=-0.0022676087594530568 0.015372169781409237 -6.885733093641878e-05 0.024708647889149608 -0.0037100862169523485 -0.013495684698615347 -0.01519969952206553 0.024800076118275963 0.016576511364464537 0.012394254724304554 -0.010275896525968265 -0.0049273942354520102 0.031455697237057781 0 -0.030374207557626966
leaf_weight=549.89150764141232 75.071676373016089 22.875088703352958 20.381257841829211 55.533122890396044 50.636672955937684 34.836850934312679 14.962194085121153 39.78786139562726 43.631634836317971 42.108407061779872 21.568027961999178 34.389150607865304 19.544811245519668 16.772295954171568
leaf_count=21548 2711 713 756 2643 2066 1035 414 1243 2210 2458 699 1278 708 975
internal_value=0.000646263 -0.00101467 -6.22558e-05 0.00607044 -0.000980575 0 0.000967385 0.000136144 -0.0010117 0.00143845 0.00580977 0.0132284 0.0211394 -0.0159749
internal_weight=1041.99 793.775 754.128 248.215 733.747 683.11 648.273 633.311 593.523 173.144 131.035 75.502 53.934 39.6474
internal_count=41457 30960 29272 10497 28516 26450 25415 25001 23758 7786 5328 2685 1986 1688
is_linear=0
shrinkage=0.05


Tree=189
num_leaves=15
num_cat=0
split_feature=135 86 136 163 135 135 147 153 158 141 126 22 122 159
split_gain=3.49188 4.28191 4.21844 4.5067 3.99247 5.85467 3.71751 3.65602 3.56347 3.39152 3.3227 4.39202 3.20293 3.34178
threshold=880.71669166666675 1.0000000180025095e-35 1249.1570500000003 0.80070789473684223 798.75476190476206 728.42000000000007 -4.5837917125045831e-05 3428.2307422861004 -2.4001920235230432 4394.9001800000015 760.41763976993434 39998.900390625007 2022.7000500000001 35126.234550000008
decision_type=2 2 2 2 2 2 2 2 2 2 2 2 2 2
left_child=4 2 8 -4 5 6 -1 10 -2 -6 -8 -12 13 -5
right_child=1 -3 3 12 9 -7 7 -9 -10 -11 11 -13 -14 -15
leaf_value=0.010129208584720412 0 -0.015991169285051274 -0.012317186980368135 0.014426129892839057 0 0.023283928236744952 -0.0036832654607787071 0.017724842469181795 0.029042030605986521 -0.029962798150841949 0.025836898735172361 -0.007380110533761375 -0.010256070329606811 -0.0011934796215846968
leaf_weight=62.724739339784719 11.785546275787054 14.97004310460761 29.032221895409748 106.21344973496161 22.786730855237693 20.840743177104741 624.30247155798133 16.913068278809078 31.127600425854325 16.382811973337084 17.59508111723699 11.439459797693415 16.150464189937338 40.310982229653746
leaf_count=7189 261 1226 1306 4097 710 756 19250 554 1080 978 810 713 823 1704
internal_value=0.000614652 0.00573977 0.00763973 0.00388496 -0.000961668 -3.86768e-05 -0.000922826 -0.00209851 0.0212141 -0.0155774 -0.00281835 0.0121189 0.00735579 0.00990139
internal_weight=1042.58 249.59 234.62 191.707 792.985 753.816 732.975 670.25 42.9131 39.1695 653.337 29.0345 162.675 146.524
internal_count=41457 10497 9271 7930 30960 29272 28516 21327 1341 1688 20773 1523 6624 5801
is_linear=0
shrinkage=0.05


Tree=190
num_leaves=15
num_cat=0
split_feature=134 134 156 35 138 159 35 141 136 142 141 141 157 27
split_gain=4.10225 5.00266 3.70955 7.17357 3.83932 3.80817 3.73182 5.46772 4.5739 3.88403 6.86541 5.94742 4.75813 4.01022
threshold=8602.930150000002 15207.620000000001 0.96661666666666679 69693.300781250015 9.592377583946897 50862.400000000009 39001.500000000007 5000.6000000000013 2370.2370000000005 4.5000000000000009 2878.9670000000001 1696.9000600000002 1209.8750062500003 9759.5000000000018
decision_type=2 2 2 2 2 2 2 2 2 2 2 2 2 2
left_child=2 -2 6 4 -4 -5 8 -8 9 11 -11 13 -12 -1
right_child=1 -3 3 5 -6 -7 7 -9 -10 10 12 -13 -14 -15
leaf_value=-0.0021063480753685674 -0.019628128425343602 0.0022003207160729184 -0.015504331477320402 0.025042285931795635 0.0037249377250833759 -0.0040260538559714577 0.016111873157974309 -0.0060935294645415453 0.01887146641580147 0.031135121588804538 -0.0023514377479091717 -0.013889689682198034 0.027014279568383925 0.020179209603980862
leaf_weight=343.58210071315989 62.214764789910987 35.369227242888883 125.4593864713097 18.362403894192539 25.399425820680335 14.726764422375707 77.531819370924495 34.513404308352619 22.937276749871671 16.656291812192649 126.08562126429752 111.2988395919092 10.337353002745656 16.261062604840845
leaf_count=11291 3208 2527 6555 740 1054 636 2792 1973 598 479 5934 2782 450 471
internal_value=-0.00196829 -0.0115074 -0.000873108 -0.00716505 -0.0119303 0.0119621 0.00062285 0.00887662 -0.000786591 -0.00173262 0.00493651 -0.00403358 0.000396597 -0.000699489
internal_weight=1040.74 97.584 943.152 183.948 150.859 33.0892 759.204 112.045 647.159 624.221 153.079 471.142 136.423 359.843
internal_count=41490 5735 35755 8985 7609 1376 26770 4765 22005 21407 6863 14544 6384 11762
is_linear=0
shrinkage=0.05


Tree=191
num_leaves=15
num_cat=0
split_feature=4 4 155 142 105 25 158 45 105 25 156 163 155 136
split_gain=4.0595 6.79899 3.9853 3.45825 2.89324 4.21571 3.85062 6.01488 6.64205 6.0864 4.77647 5.41281 4.47855 3.2056
threshold=2.5000000000000004 1.5000000000000002 -3.2693565141813008 2.5000000000000004 7072.1000000000013 0.41099999845027929 -1.4702574172633309 -5681.8000488281241 5861.7001500000015 0.29694999754428869 1.0000050292968752 0.71240601503759404 10.327454944020118 2353.0710500000005
decision_type=2 2 2 2 2 2 2 2 2 2 2 2 2 2
left_child=1 4 -2 -3 6 13 -1 9 10 -8 11 12 -9 -6
right_child=2 3 -4 -5 5 -7 7 8 -10 -11 -12 -13 -14 -15
leaf_value=-0.0040888554069917829 0.0013969463503751859 0.03846331640396769 -0.025516831787519303 0 -0.014145633976716022 -0.023213666573764894 -0.0054035581839687874 -0.0015222546987778054 0.025955260869768394 0.029723675774143993 -0.014211161038786006 -0.0010820557142643126 0.031922597038126964 0.0047803564707550273
leaf_weight=428.82921425928362 16.548983737593517 10.972942113410683 29.521469034720212 10.595510227605699 30.263481638627127 32.416922782547772 13.287043706281109 11.748375839088114 18.841676025418565 31.795271050650626 55.09688777429983 277.06570293707773 19.275292820530012 52.251820667181164
leaf_count=18213 480 266 1098 386 1639 2055 557 382 837 965 2422 8636 613 2941
internal_value=-0.0018529 -0.00108552 -0.0156798 0.0237491 -0.00180733 -0.00911952 -0.000720137 0.0025546 0.00028162 0.0188665 -0.00124888 0.00109944 0.019416 -0.00200125
internal_weight=1038.51 992.44 46.0705 21.5685 970.872 114.932 855.939 427.11 382.028 45.0823 363.186 308.089 31.0237 82.5153
internal_count=41490 39912 1578 652 39260 6635 32625 14412 12890 1522 12053 9631 995 4580
is_linear=0
shrinkage=0.05


Tree=192
num_leaves=15
num_cat=0
split_feature=134 134 146 70 70 155 70 25 155 155 148 35 22 155
split_gain=3.62965 4.66577 3.11928 2.86883 5.33961 5.53072 4.13895 3.69781 3.40776 8.57138 3.18314 3.16086 4.0161 3.06771
threshold=8687.4000200000028 15207.620000000001 -2.0090819003246776 19404.000000000004 16816.500000000004 14.31605024916159 15874.500000000002 0.42249999940395361 21.788961991303093 16.766566734042282 37350.435000000005 14594.100097656252 28691.700195312504 5.332953989156116
decision_type=2 2 2 2 2 2 2 2 2 2 2 2 2 2
left_child=3 2 -2 4 6 -6 8 -5 9 -1 13 -10 -13 -9
right_child=1 -3 -4 7 5 -7 -8 10 11 -11 -12 12 -14 -15
leaf_value=-0.00017673007780769304 -0.026039157063011034 0.0022467732460683077 0 0.00062703895626454456 0 0.032521126557363778 -0.021583182909327588 0 0 0.020955246532977617 0 -0.023715555186443429 0.0028142576752023321 -0.027825896744130205
leaf_weight=591.27361718809698 40.779491868335754 35.316578767262399 18.871777188498527 64.471092472784221 22.541565905325115 20.524483736371621 17.811086806003004 11.92643893137574 53.881877092178911 46.82240232033655 21.06503488868475 39.373468140373006 14.998416515998541 36.883094288292341
leaf_count=17751 2556 2527 593 5807 934 966 787 325 1340 1437 2710 1266 637 1854
internal_value=-0.00175777 -0.0108558 -0.0189604 -0.000734811 0.000347829 0.0165519 -0.000602046 -0.00737783 0 0.00144702 -0.0149801 -0.00795829 -0.0159345 -0.0214509
internal_weight=1036.54 94.9678 59.6513 941.573 807.227 43.066 764.161 134.346 746.35 638.096 69.8746 108.254 54.3719 48.8095
internal_count=41490 5676 3149 35814 25118 1900 23218 10696 22431 19188 4889 3243 1903 2179
is_linear=0
shrinkage=0.05


Tree=193
num_leaves=15
num_cat=0
split_feature=4 4 155 153 141 158 45 141 144 137 137 125 153 153
split_gain=3.77293 6.22845 3.78446 3.75453 2.80008 2.43122 5.2801 7.09452 3.44179 4.3472 3.37038 3.31522 4.20059 4.02863
threshold=2.5000000000000004 1.5000000000000002 -3.2693565141813008 1355.8535595987994 1138.3000500000003 0.77550576156338724 -5681.8000488281241 2878.9670000000001 0.99999983973588746 1189.2190500000004 20.019000000000002 730.60000000000002 1276.364576070662 1431.9598563586421
decision_type=2 2 2 2 2 2 2 2 2 2 2 2 2 2
left_child=1 5 -2 -4 -3 -1 7 -7 9 11 -9 13 -13 -8
right_child=2 4 3 -5 -6 6 8 10 -10 -11 -12 12 -14 -15
leaf_value=-0.0038696675193060411 0.0014004883097593797 0.037191976884458529 -0.036790092241914332 0 1.2430195118749545e-05 0.038677853111634936 -0.0016965365581971311 0.018132499228385317 0.016690967478492687 -0.01904487355649534 -0.0092922571465255989 0.0014852487009854149 -0.026600287607733437 0.011779814790213512
leaf_weight=542.17459051986225 16.5468305866234 10.058536740951242 17.381192347500477 11.432221252704037 11.871374124893917 15.791458896826951 214.27864230901469 13.278484942624344 20.234859652118757 30.127451935783029 23.098646686412394 20.321630278369412 20.592237042961642 67.792814935790375
leaf_count=24114 480 229 695 403 423 415 6979 453 840 1536 880 930 901 2212
internal_value=-0.00168149 -0.000943171 -0.0151035 -0.0248657 0.0226613 -0.00164324 0.00108944 0.0152969 -0.00093957 -0.00230843 0.000491449 -0.000328308 -0.0129188 0.00151695
internal_weight=1034.98 989.621 45.3602 28.8134 21.9299 967.691 425.516 52.1686 373.348 353.113 36.3771 322.985 40.9139 282.071
internal_count=41490 39912 1578 1098 652 39260 15146 1748 13398 12558 1333 11022 1831 9191
is_linear=0
shrinkage=0.05


Tree=194
num_leaves=15
num_cat=0
split_feature=4 4 155 153 142 105 105 45 158 27 31 163 9 23
split_gain=3.53779 5.76571 3.61266 3.61779 2.80328 2.41513 3.8333 3.108 2.87553 4.23819 3.13786 3.07152 2.95134 9.01429
threshold=2.5000000000000004 1.5000000000000002 -3.2693565141813008 1355.8535595987994 2.5000000000000004 8595.800500000003 15210.920000000002 -5766.3000488281241 -1.4702574172633309 16993.000000000004 8.5000000000000018 0.31684210526315798 1.0000000180025095e-35 15277.000000000002
decision_type=2 2 2 2 2 2 2 2 2 2 2 2 2 2
left_child=1 5 -2 -4 -3 8 7 -7 12 10 -10 -12 -1 -14
right_child=2 4 3 -5 -6 6 -8 -9 9 -11 11 -13 13 -15
leaf_value=-0.0053327058525352387 0.0013453716785864246 0.034500601025626514 -0.036293732429656382 0 0 0 0.002985234077452719 -0.023504496762163891 -0.0037062911182068623 -0.015331845516257421 -0.013008110649846688 0.0070930301350560325 -0.018172412580551849 0.020501193662483722
leaf_weight=370.85414491267875 16.567780747776851 11.662056287284942 16.820612088311467 11.432221252704037 10.596435490297152 14.943428350379689 32.048975611571223 40.253206183901057 105.17042434285395 26.930450944695622 14.071495069656519 307.43338232405949 17.974025117699057 36.382948610465974
leaf_count=16867 480 266 695 403 386 404 2294 2611 3206 1743 502 10287 386 960
internal_value=-0.00158956 -0.000875717 -0.014659 -0.0243389 0.0216905 -0.00155615 -0.00929956 -0.0169186 -0.000682578 0.00200638 0.00338146 0.00587438 -0.0036573 0.00641721
internal_weight=1033.14 988.321 44.8206 28.2528 22.2585 966.062 87.2456 55.1966 878.817 453.606 426.675 321.505 425.211 54.357
internal_count=41490 39912 1578 1098 652 39260 5309 3015 33951 15738 13995 10789 18213 1346
is_linear=0
shrinkage=0.05


Tree=195
num_leaves=15
num_cat=0
split_feature=70 156 31 138 123 123 45 156 156 68 8 156 25 45
split_gain=3.27773 4.69371 3.89128 3.92076 2.73173 6.57753 2.88592 3.40862 3.02748 2.51203 2.44265 2.63057 2.48011 7.77747
threshold=24609.500000000004 0.7204250000000002 17.000000000000004 213.8155657272932 389.20666888888894 975.05001250000009 -4201.9001464843741 1.1176235294117649 1.151704166666667 66100.000000000015 1.0000000180025095e-35 0.66668859649122814 0.38849999010562902 -1683.4000244140623
decision_type=2 2 2 2 2 2 2 2 2 2 2 2 2 2
left_child=1 10 4 9 6 -6 8 -8 -3 -4 11 12 13 -1
right_child=-2 2 3 -5 5 -7 7 -9 -10 -11 -12 -13 -14 -15
leaf_value=0.0074345379500970928 0.014866950949924105 0.011528687253254524 -0.0095439064322227294 0.015930654743038033 0.024195650660661129 -0.019020171760647478 -0.03225690316836443 -0.0055892884510390893 -0.014629547676524163 0.0082596207766599278 0.014287234455622267 0.014975184766020203 -0.0040992353669454668 -0.011057949051741874
leaf_weight=188.20297539466992 21.56596084672492 12.466877715080043 90.34481120610144 19.545641680480912 10.786760326940568 14.90723567502573 42.343421803088859 26.202853854629211 21.927390109281987 17.934069882612675 21.05732666910626 18.689946969156154 446.0067640801426 74.529695480363443
leaf_count=6589 2544 841 3545 880 500 760 2172 1488 1380 712 591 828 15953 2503
internal_value=-0.00222017 -0.00270815 -0.00849194 -0.0017279 -0.0145231 0 -0.018011 -0.0238157 -0.00361894 -0.00591933 -0.000616859 -0.00121115 -0.00180996 0.00189345
internal_weight=1026.51 1004.95 256.459 127.825 128.635 25.694 102.941 68.5463 34.3943 108.279 748.487 727.429 708.739 262.733
internal_count=41286 38742 12278 5137 7141 1260 5881 3660 2221 4257 26464 25873 25045 9092
is_linear=0
shrinkage=0.05


Tree=196
num_leaves=15
num_cat=0
split_feature=158 158 137 136 157 138 137 88 45 153 45 45 45 156
split_gain=3.06846 5.31279 6.38716 4.68474 8.576 5.4419 4.35275 5.16298 3.82786 4.83205 3.69136 7.36854 8.01179 4.91652
threshold=-1.5671431000477687 -1.0388209872777499 896.71802500000001 1411.7040000000002 1261.5444772222224 51.363086376774028 163.70000000000002 24090.000000000004 -1698.700012207031 2123.8699202602106 -2249.900024414062 -2658.700073242187 -3422.8000488281245 0.66668859649122814
decision_type=2 2 2 2 2 2 2 2 2 2 2 2 2 2
left_child=3 2 -2 5 -5 8 -7 -8 9 10 11 12 -1 -12
right_child=1 -3 -4 4 -6 6 7 -9 -10 -11 13 -13 -14 -15
leaf_value=0 -0.027700224111381261 -0.0027192775976892861 0.0064208002152754398 0.043285347354732696 -0.0019637132823673718 0.0057855207079930684 0.0024273617140915735 -0.032602256793791758 -0.0070103239536296992 -0.017550385860954695 0.024464347660659275 -0.015471341861573285 0.024241843122331606 -0.0072293736253798762
leaf_weight=109.53574105410371 42.341260133776814 531.51992368639912 14.03596881451085 12.816122625023125 19.764031009748578 13.172941372729836 10.706082363612948 28.628229391295463 85.389068768010475 16.495678291190416 46.149087640107609 36.728687805472873 46.35162979690358 10.685363890486768
leaf_count=6016 1977 20276 582 329 460 375 329 1004 3024 598 1720 1649 2295 652
internal_value=-0.00210764 -0.00446635 -0.0185596 0.000971072 0.0178964 -0.000474252 -0.0148345 -0.0227416 0.00170962 0.00477163 0.0067601 0.00294601 0.00794206 0.0175943
internal_weight=1024.32 587.897 56.3772 436.423 32.5802 403.843 52.5073 39.3343 351.335 265.946 249.451 192.616 155.887 56.8345
internal_count=41286 22835 2559 18451 789 17662 1708 1333 15954 12930 12332 9960 8311 2372
is_linear=0
shrinkage=0.05


Tree=197
num_leaves=15
num_cat=0
split_feature=70 156 155 70 155 159 22 23 28 45 142 142 155 23
split_gain=2.96063 4.31299 5.07198 4.25655 4.99536 3.84445 3.16828 2.7646 3.19229 9.90593 6.3071 4.82524 4.31471 5.47759
threshold=24609.500000000004 0.7204250000000002 8.709325984736827 20987.500000000004 5.1868228476375036 61199.500000000007 46166.800781250007 74979.000000000015 0.38849999010562902 -1755.1000366210935 6.5000000000000009 5.5000000000000009 -2.2340639797179542 9308.0000000000018
decision_type=2 2 2 2 2 2 2 2 2 2 2 2 2 2
left_child=1 7 3 4 -3 -4 -2 8 9 10 11 -1 -10 -14
right_child=6 2 5 -5 -6 -7 -8 -9 12 -11 -12 -13 13 -15
leaf_value=0.010296413751936627 -0.0022343563627942749 -0.0094104811589886157 -0.019357672254899334 -0.01449967290236626 0.012883643491407373 0.00102135967172702 0.028443679143687957 -0.011121067549901194 -0.0069506151959434484 -0.0086594187011581683 -0.012161979613145713 0.036108287993947136 0.020618539841334039 -0.00047588784738602033
leaf_weight=128.72767963109072 10.541703546186911 33.460399385076016 99.063315456616692 36.404280508984812 61.835407701670192 23.30305503308773 11.321863706805742 51.711541483527981 227.54148033773527 82.729081572964787 18.236487959278747 21.365343112498522 30.945861101150513 185.27699326991569
leaf_count=3582 1616 1012 5306 2335 2396 1229 928 1540 7316 2823 1219 1223 849 7912
internal_value=-0.00201169 -0.00248257 -0.00805474 -0.000740276 0.00447828 -0.0151964 0.014128 -0.000478701 0.000315698 0.00482951 0.011806 0.0153387 -0.00215192 0.00271491
internal_weight=1022.46 1000.6 254.066 131.7 95.2958 122.366 21.8636 746.534 694.823 251.059 168.33 150.093 443.764 216.223
internal_count=41286 38742 12278 5743 3408 6535 2544 26464 24924 8847 6024 4805 16077 8761
is_linear=0
shrinkage=0.05


Tree=198
num_leaves=15
num_cat=0
split_feature=163 83 163 70 158 163 163 8 155 23 155 155 158 138
split_gain=2.88951 4.5019 4.1356 4.17567 3.35385 3.10759 3.56867 3.10024 2.86154 4.43807 3.46896 3.92842 2.87634 2.8601
threshold=0.95250626566416041 1.0000000180025095e-35 1.3692105263157897 8812.0000000000018 -9.2712100936151405 0.3100250626566417 0.39498746867167928 1.0000000180025095e-35 7.2634671970962428 19978.900390625004 22.09526176924356 16.766566734042282 -3.0002400294038041 921.33772071570377
decision_type=2 2 2 2 2 2 2 2 2 2 2 2 2 2
left_child=5 4 -3 -4 -2 -1 -7 13 12 10 11 -10 -8 -6
right_child=1 2 3 -5 7 6 8 -9 9 -11 -12 -13 -14 -15
leaf_value=0.013021735647205802 0.0095929717450218624 0.015284976027015965 -0.016410791888645963 0.0067201225885272749 -0.0052368907382035019 -0.026302705429888513 -0.014647731850627094 0.015514475204056091 -0.0032166039526141696 -0.017878787905749618 -0.015753734580379663 0.018682323197944585 0.0089841242717799401 0.0090294176753032383
leaf_weight=13.393882961361667 47.564134009648114 74.491571286460385 23.857152251061052 54.241360901622102 497.9974775321316 20.031608173274435 10.934588951058684 14.845259871799497 59.358214779174887 71.635676196427085 27.472511513857171 23.795939489849843 50.183365941280499 30.872223093174398
leaf_count=470 1303 2438 576 2396 19502 917 603 479 2275 4282 1029 916 2491 1609
internal_value=-0.00191659 -0.0002117 0.00723121 -0.000306377 -0.00226086 -0.00623574 -0.00762554 -0.00346692 -0.00538846 -0.0085482 -0.00156195 0.00318715 0.00321197 -0.00423369
internal_weight=1020.67 743.869 152.59 78.0985 591.279 276.806 263.412 543.715 243.38 182.262 110.627 83.1542 61.118 528.87
internal_count=41286 28303 5410 2972 22893 12983 12513 21590 11596 8502 4220 3191 3094 21111
is_linear=0
shrinkage=0.05


Tree=199
num_leaves=15
num_cat=0
split_feature=122 123 45 25 22 122 123 155 88 22 9 163 0 23
split_gain=2.81477 3.81166 3.01472 3.05336 3.50884 2.70234 4.16572 4.09413 3.10121 3.86707 3.45511 6.168 3.27678 8.45253
threshold=6109.5000200000004 1983.4000083333333 -1093.1000366210935 0.40025000274181372 7503.0000000000009 1960.9000000000001 1218.3607367857146 -3.6906211321900693 59100.000000000007 26396.700195312504 1.0000000180025095e-35 0.89605263157894754 4882.6000976562509 57198.900390625007
decision_type=2 2 2 2 2 2 2 2 2 2 2 2 2 2
left_child=2 -2 5 -4 -5 8 7 -7 10 -10 12 -12 -1 -14
right_child=1 -3 3 4 -6 6 -8 -9 9 -11 11 -13 13 -15
leaf_value=-0.0032238294341222235 -0.020119474873511983 4.7364708265352606e-05 -0.023783972391471196 -0.021158235257007829 0.0050661832789365025 -0.0035943112453130366 -0.0080026525750978954 0.019914574787188308 0.0021168795142870868 -0.01878792337919552 -0.011517007669982739 0.016258073926552929 0.028061489379363189 -0.0019106905013500483
leaf_weight=492.99777599447407 42.11076677357778 37.005157598759979 23.086470735492185 12.484472782816736 38.615038011223078 19.970431018155068 25.210549933370203 55.862065522931516 30.270369365345687 46.777246964164078 21.317830436863005 68.061595464590937 26.873774829902686 78.157463657320477
leaf_count=21019 2673 1992 782 295 947 658 670 2157 1027 1758 594 1864 1455 3395
internal_value=-0.00182225 -0.0106502 -0.000973625 -0.0103173 -0.00176434 -6.06342e-05 0.00736046 0.0132656 -0.00114796 -0.010337 0 0.00884449 -0.00144259 0.00623039
internal_weight=1018.8 79.1159 939.685 74.186 51.0995 865.499 101.043 75.8325 764.456 77.0476 687.408 89.3794 598.029 105.031
internal_count=41286 4665 36621 2024 1242 34597 3485 2815 31112 2785 28327 2458 25869 4850
is_linear=0
shrinkage=0.05


Tree=200
num_leaves=15
num_cat=0
split_feature=163 0 125 0 125 23 125 163 19 20 158 158 163 87
split_gain=2.75292 2.71256 2.65694 9.5 10.0372 6.38558 5.56463 4.30239 5.9075 4.6914 7.68606 5.71986 4.32048 4.30971
threshold=0.98902255639097747 998.70001220703136 921.10000000000002 3631.900024414063 2033.5000000000002 14201.399902343752 709.20000000000016 1.5274436090225565 1.0000000180025095e-35 1.0000000180025095e-35 4.3989436746499173 -1.7254300453794469 1.7899749373433587 38100.000000000007
decision_type=2 2 2 2 2 2 2 2 2 2 2 2 2 2
left_child=1 -1 6 5 -5 -4 7 9 12 11 13 -2 -9 -11
right_child=2 -3 3 4 -6 -7 -8 8 -10 10 -12 -13 -14 -15
leaf_value=-0.020777430070400935 0.012900355544889561 -0.0023995415103196449 0.020589419370890219 0.050396483440898358 -0.003892281744903925 -0.016259473715422818 -0.015946896113521066 -0.026344226426547726 0.01679092960526482 -0.019016514398409158 0.023599794257557889 0.00084904588333707784 -0.0025755745372719307 0.0001457033446949339
leaf_weight=18.400274756248109 179.01066352985799 260.35406664293259 12.164442485198377 17.235586553812031 10.14155140542425 30.102055135415867 41.882439465494826 30.977590100374073 15.177006442565469 55.247730582021177 14.597314363811163 234.35468170780223 55.293048562831245 47.245361878769472
leaf_count=577 6654 12585 304 665 395 1346 1623 1435 736 1883 499 8002 3013 1621
internal_value=1.06105e-05 -0.0041336 0.00164855 0.0106416 0.0312461 -0.00354025 0.000573818 0.00186391 -0.00718006 0.0037378 -0.00471451 0.00627926 -0.0126338 -0.0101224
internal_weight=1022.18 278.754 743.429 69.6436 27.3771 42.2665 673.786 631.903 101.448 530.456 117.09 413.365 86.2706 102.493
internal_count=41338 13162 28176 2710 1060 1650 25466 23843 5184 18659 4003 14656 4448 3504
is_linear=0
shrinkage=0.05


Tree=201
num_leaves=15
num_cat=0
split_feature=70 20 161 35 22 25 31 23 25 25 0 156 155 35
split_gain=2.65979 4.93073 5.24603 4.63985 4.57894 7.21173 3.80783 3.58007 6.46956 4.64399 4.74105 4.19661 4.09376 3.94842
threshold=9056.5000000000018 1.0000000180025095e-35 1.0000000180025095e-35 17400.600585937504 28691.700195312504 1.0000000180025095e-35 33.000000000000007 39978.400390625007 0.19204999506473544 0.44859999418258673 3498.3000488281255 1.1176235294117649 28.155342265240709 17998.100585937504
decision_type=2 2 2 2 2 2 2 2 2 2 2 2 2 2
left_child=1 2 6 -3 5 -5 -1 8 11 13 12 -2 -11 -10
right_child=7 3 -4 4 -6 -7 -8 -9 9 10 -12 -13 -14 -15
leaf_value=0.0013798976770759341 0.01089121367583361 -0.015807802108577341 0.019752907104078066 0.039516785170615375 -0.0078617070217430318 -0.0014392982168378188 0.023149605535588723 0.0028491545416595822 -0.0081278895664823742 -0.015029267504375457 0.021718697680016483 -0.017164626571495936 0.012402331371723809 -0.03076463995756919
leaf_weight=440.69741529668681 59.570682982448488 61.452704427298158 46.011173167498782 11.927856740541754 46.283258194802329 22.697853509569541 16.673916964326054 137.58295885298867 56.219385576900095 47.593280277214944 11.434849790297447 11.030898052616974 12.193702599965034 40.829616701812483
leaf_count=13220 3699 1618 1203 386 1838 819 454 7719 2663 2318 767 797 558 3279
internal_value=6.19439e-06 0.00199741 0.0043754 -0.0059349 0.00146545 0.0146135 0.00252343 -0.00325972 -0.00696955 -0.01228 -0.00157767 0.00500107 -0.00813738 -0.0191821
internal_weight=1022.2 645.744 503.383 142.362 80.909 34.6257 457.371 376.455 238.872 168.271 71.2218 70.6016 59.787 97.049
internal_count=41338 19538 14877 4661 3043 1205 13674 21800 14081 9585 3643 4496 2876 5942
is_linear=0
shrinkage=0.05


Tree=202
num_leaves=15
num_cat=0
split_feature=154 153 71 156 161 28 71 142 71 122 156 14 137 135
split_gain=2.63477 6.07753 3.81371 4.5366 3.30219 6.45479 5.18178 4.20968 6.03503 4.04523 3.36233 3.23801 3.44608 3.53334
threshold=1.0000000180025095e-35 1574.7655670085437 38.459958932238202 0.34962344029017861 1.0000000180025095e-35 0.19204999506473544 62.543463381245729 3.5000000000000004 55.462012320328547 1960.9000000000001 1.8694794392523366 1.0000000180025095e-35 693.10400000000016 1841.7333458333335
decision_type=2 2 2 2 2 2 2 2 2 2 2 2 2 2
left_child=1 4 3 -3 11 7 9 8 -6 -7 -8 12 -1 -14
right_child=-2 2 -4 -5 5 6 10 -9 -10 -11 -12 -13 13 -15
leaf_value=0.0045257916048607287 -0.0086044132567002895 0 -0.0061144062516552324 0.021347922249580834 0.029067100598268326 -0.019824512538581071 0.017397810138802285 -0.0098418212584857473 -0.0068124884616592293 0.00168251150497627 -0.011324986220152241 -0.0088281488102924712 -0.011993626426894201 0.0052207871629822216
leaf_weight=425.39395299146418 75.826840805355459 38.935937609290704 21.57541215873789 72.178487087367103 25.807650086702779 104.03423543053214 19.183168467949148 16.946217241929844 13.279267544625325 21.226882879273035 11.197744294302536 66.4243635002058 68.321273688459769 41.649254059651867
leaf_count=14113 2474 1131 1411 2300 948 5588 2085 1359 1776 1152 579 2085 2567 1770
internal_value=1.15361e-05 0.000796207 0.0105381 0.0143262 -0.000786438 -0.00611587 -0.0113926 0.00745449 0.0163532 -0.0158714 0.00529367 0.0010407 0.00242805 -0.00509559
internal_weight=1021.98 946.154 132.69 111.114 813.464 211.675 155.642 56.0331 39.0869 125.261 30.3809 601.789 535.364 109.971
internal_count=41338 38864 4842 3431 34022 13487 9404 4083 2724 6740 2664 20535 18450 4337
is_linear=0
shrinkage=0.05


Tree=203
num_leaves=15
num_cat=0
split_feature=154 153 155 3 121 14 158 103 45 163 163 125 82 76
split_gain=2.40426 5.45606 4.90566 4.95576 5.41271 4.31168 5.43873 4.2117 5.52357 3.80383 5.06236 4.83626 3.04416 3.03882
threshold=1.0000000180025095e-35 1574.7655670085437 10.454782840874966 1.0000000180025095e-35 2.5000000000000004 1.0000000180025095e-35 -5.2001038575256047 6060.8000000000011 -2267.3000488281245 1.5250626566416041 1.7899749373433587 34.100000000000009 1.0000000180025095e-35 1.2500000000000002
decision_type=2 2 2 2 2 2 2 2 2 2 2 2 2 2
left_child=1 2 5 4 7 -1 -7 8 -4 11 -11 12 -3 -10
right_child=-2 9 3 -5 -6 6 -8 -9 13 10 -12 -13 -14 -15
leaf_value=0.0028970942545786444 -0.0082596196462265195 0.040338481545793614 -0.024235876588198636 -0.023049530757386957 0.018729542969388731 0.016276446781192187 -0.016434354552908568 0.012574991050826202 -0.015644495877524964 -0.017503489566381633 0.0097174173948112817 -0.0019517153803441174 0.0097948391595915653 0.004240388467191462
leaf_weight=553.51787641819101 75.265929170418531 19.360936134355143 41.599477046635002 37.367155215819366 18.542628632159904 10.240942338947205 57.165034300647676 17.245070864097215 22.432049939641729 19.264981608372182 50.972842904506251 16.588935256004333 27.679937664885074 54.787344764219597
leaf_count=20936 2474 563 2066 1529 1072 191 2051 3076 994 647 2470 570 592 2107
internal_value=4.71384e-07 0.000749607 -0.000753617 -0.0076705 -0.00303461 0.00134921 -0.00999329 -0.00691379 -0.0105397 0.00993631 0.000919612 0.0183687 0.0259945 -0.00152809
internal_weight=1022.03 946.765 812.898 191.974 154.607 620.924 67.406 136.064 118.819 133.868 70.2378 63.6298 47.0409 77.2194
internal_count=41338 38864 34022 10844 9315 23178 2242 8243 5167 4842 3117 1725 1155 3101
is_linear=0
shrinkage=0.05


Tree=204
num_leaves=15
num_cat=0
split_feature=124 124 123 141 126 124 68 163 105 135 22 23 25 70
split_gain=2.33858 6.18539 5.87519 4.66555 4.63564 5.30391 5.23479 3.59881 3.28282 7.65716 5.70783 7.03909 5.25648 6.1361
threshold=900.90000000000009 1426.6000000000001 766.84445555555567 2320.7001500000006 760.41763976993434 4000.7000500000004 59650.000000000007 0.95250626566416041 2137.5000000000005 734.09000000000015 21001.000000000004 62173.500000000007 0.19204999506473544 17304.500000000004
decision_type=2 2 2 2 2 2 2 2 2 2 2 2 2 2
left_child=2 3 8 -2 6 -6 -3 -5 9 10 -1 12 13 -12
right_child=1 4 -4 7 5 -7 -8 -9 -10 -11 11 -13 -14 -15
leaf_value=-0.0046300682764448256 -0.0041679906700344228 -0.015974755054942107 -0.019138176128110841 0 0.025827212885087165 -0.007982410030848262 0.015951751640700916 0.033181083471366314 -0.0043901488163798873 0.024563025686904334 0.026973914568444488 -0.0081941933826065166 0.003089900403354778 -0.0038251232835977908
leaf_weight=254.40337976580486 12.480335994157938 55.692316303029656 37.37481831968762 10.525172893889247 21.197043666732498 14.4798464437481 10.505127892829476 31.895066177239642 281.42219758278225 30.922866014763713 62.340736355166882 60.941195892984979 121.56687819492072 16.258604593458585
leaf_count=8059 256 2451 1417 462 918 1076 451 1176 12755 681 1346 2654 5808 1828
internal_value=0 0.0055671 -0.000978158 0.0183926 -0.00141391 0.0115815 -0.0094415 0.0258241 0 0.00220732 0.000547184 0.00577162 0.0103633 0.0201572
internal_weight=1022.01 156.775 865.231 54.9006 101.874 35.6769 66.1974 42.4202 827.856 546.434 515.511 261.107 200.166 78.5993
internal_count=41338 6790 34548 1894 4896 1994 2902 1638 33131 20376 19695 11636 8982 3174
is_linear=0
shrinkage=0.05


Tree=205
num_leaves=15
num_cat=0
split_feature=31 43 25 66 25 153 125 45 20 155 105 153 155 153
split_gain=4.30742 6.68087 5.09314 5.67767 4.91473 4.62415 5.19644 6.30009 5.8225 5.79946 3.88118 3.68487 10.0954 4.63837
threshold=11.500000000000002 0.98526532108432574 0.44290000200271612 -3.3749181611983459 0.42750000953674322 1809.702585775927 565.70002000000011 -8348.6000976562482 1.0000000180025095e-35 -3.6906211321900693 1696.9000000000003 696.97150421060712 7.1501986451452604 1185.1157469596978
decision_type=2 2 2 2 2 2 2 2 2 2 2 2 2 2
left_child=1 -1 3 11 5 6 7 -5 9 -9 -7 -2 -13 -14
right_child=2 -3 -4 4 -6 10 -8 8 -10 -11 -12 12 13 -15
leaf_value=0.01933921101959335 -0.009800292680056371 -0.0076719778955743907 0.0093496125712213933 -0.015974062330841324 -0.014688962536197215 -0.020314318291035818 -0.0062432921039138195 0.004474148177979329 -0.0014244497052148272 0.027407596327595714 0.0071456904690100631 0.035786814026537245 0.009925016720595134 -0.011561113724627155
leaf_weight=19.517569968942553 169.51725453312974 249.24385931005236 178.82889274065383 11.623500451911239 23.367261713254265 21.838512356160209 35.2657816556748 49.792355915065855 33.860417187213898 91.443996982416138 17.504850732395425 13.410483027342705 31.340684815659188 69.072007076814771
leaf_count=820 8136 9296 6916 222 1466 683 1337 1191 1119 3791 624 472 1993 3145
internal_value=0.000108035 -0.00521039 0.0021103 -0.000143207 0.00471209 0.00687781 0.0097634 0.0131314 0.0157309 0.0200938 -0.007541 -0.00519227 0.0013733 -0.00422789
internal_weight=1015.63 268.761 746.866 568.037 284.697 261.329 221.986 186.72 175.097 141.236 39.3434 283.34 113.823 100.413
internal_count=41211 10116 31095 24179 10433 8967 7660 6323 6101 4982 1307 13746 5610 5138
is_linear=0
shrinkage=0.05


Tree=206
num_leaves=15
num_cat=0
split_feature=124 163 81 124 28 165 165 35 70 35 141 28 158 42
split_gain=3.88537 3.0699 4.28364 4.18154 3.5093 3.08873 6.73241 3.95608 2.88718 2.64634 2.53348 2.32833 2.21266 2.19788
threshold=1426.6000000000001 0.47255639097744367 1.0000000180025095e-35 934.50002000000006 0.18044999986886981 1.0185288190841677 1.2382796406745913 60999.000000000007 7442.5000000000009 83007.000000000015 4344.4810400000006 0.40534999966621404 0.95333144903353462 0.76831170403142013
decision_type=2 2 2 2 2 2 2 2 2 2 2 2 2 2
left_child=1 2 12 5 -5 13 7 -7 11 -10 -6 -2 -1 -3
right_child=8 3 -4 4 10 6 -8 -9 9 -11 -12 -13 -14 -15
leaf_value=0.036231837201590268 -0.0074184918897393336 0.014629793934738851 -0.0010382109600961707 -0.0017120452769261352 0.0015000754379874417 0.027698619470734001 -0.018314809330049146 0 -0.023448999464348017 0.00069344645724251155 0.032872735257122906 0.012538801991797521 0.00089431555651313561 -0.0018315313482272469
leaf_weight=14.063376875827091 39.163632237352431 15.344338725320993 22.550797696691006 17.841486923163757 14.454738372471182 31.54942853085231 10.412147472030481 14.787174748256801 35.445570428157225 10.00364325637929 18.565940226893872 16.569303647149354 10.098390359431503 744.8627290535951
leaf_count=527 1966 837 1080 621 352 1065 948 366 2142 299 777 544 309 29378
internal_value=0.000100367 0.00119368 0.0130645 0.000426233 0.01369 -0.00041697 0.0102518 0.0188034 -0.00890148 -0.0176019 0.0224578 -0.000118129 0.0258628 -0.0013405
internal_weight=1015.71 914.531 46.7126 867.818 50.8622 816.956 56.7488 46.3366 101.182 45.4492 33.0207 55.7329 24.1618 760.207
internal_count=41211 36260 1916 34344 1750 32594 2379 1431 4951 2441 1129 2510 836 30215
is_linear=0
shrinkage=0.05


Tree=207
num_leaves=15
num_cat=0
split_feature=25 22 133 45 86 121 156 138 22 45 22 0 0 88
split_gain=3.12209 5.5617 5.68322 6.21121 5.67747 4.96011 4.68067 6.98401 4.94872 4.49194 6.94789 4.61383 5.30145 4.39439
threshold=0.23494999855756762 42913.300781250007 1.5000000000000002 -2238.099975585937 1.0000000180025095e-35 4.5000000000000009 -2.7279727972797274 1174.96421135388 15202.500000000002 -1984.3000488281248 66002.000000000015 2018.3000488281252 2669.700073242188 31975.300000000003
decision_type=2 2 2 2 2 2 2 2 2 2 2 2 2 2
left_child=5 2 3 -2 -3 9 -4 8 13 10 11 -1 -13 -8
right_child=1 4 6 -5 -6 -7 7 -9 -10 -11 -12 12 -14 -15
leaf_value=0.033703128284224511 -0.012466875663753346 0.012387748272631463 -0.012191945607119009 0.0012561772177611208 -0.016217532666838768 -0.019199593917857104 -0.0066982021064402597 -0.020594344279784779 0.021028395646009872 -0.0094068685927353804 -0.016953371748849699 -0.0053714236094776525 0.012081761136030614 0.022591596361867958
leaf_weight=10.620316742686553 135.80827302648686 165.79339674126823 21.657181800110266 183.39882467954885 13.554293093387967 40.163670372101478 41.115781765431166 11.157910534180699 81.818240523803979 105.78385484882165 30.277207358274609 71.306054586311802 90.482058237539604 12.51651539839804
leaf_count=306 5978 6860 1028 5902 1033 2542 1482 567 3637 3701 1366 2421 3973 415
internal_value=0.000111355 0.00215948 -0.000536192 -0.00453037 0.00957344 -0.00363978 0.00666443 0.0100899 0.0136168 -0.00118041 0.00299542 0.0071596 0.00415928 0.000628207
internal_weight=1015.45 666.82 487.473 319.207 179.348 348.633 168.266 146.608 135.451 308.469 202.686 172.408 161.788 53.6323
internal_count=41211 26902 19009 11880 7893 14309 7129 6101 5534 11767 8066 6700 6394 1897
is_linear=0
shrinkage=0.05


Tree=208
num_leaves=15
num_cat=0
split_feature=31 70 68 70 27 28 70 28 23 35 153 155 153 0
split_gain=3.92158 6.28069 5.88053 5.53197 4.91869 6.84035 8.34963 5.5758 4.34086 4.30045 4.02561 4.54598 5.65524 3.76074
threshold=17.000000000000004 14139.000000000002 18050.000000000004 13498.500000000002 11975.000000000002 0.37600000202655798 12190.500000000002 0.4098500013351441 40505.000000000007 14402.800292968752 1422.5555075308102 9.863027092379264 420.05562521197288 4456.7001953125009
decision_type=2 2 2 2 2 2 2 2 2 2 2 2 2 2
left_child=1 3 -3 -1 5 6 -2 9 -6 -7 11 12 13 -9
right_child=4 2 -4 -5 8 7 -8 10 -10 -11 -12 -13 -14 -15
leaf_value=-0.00042852997000053327 -0.010865276625491796 0.011346626766221266 -0.015714176131976555 0.029938858151886433 -0.016775973790143318 0 0.019643543693192239 0 0.0081846450912894369 0.033143718822315309 -0.013992897535926061 0.030166910658226732 -0.012824326610929852 0.027141740093348452
leaf_weight=548.63835362694226 74.850652439286932 18.081127368612215 116.91990944708232 10.375235107494516 39.669722837279551 11.283496826421468 25.779404196422547 25.17311195214279 21.598302410915494 43.313275521155447 14.416396152228115 18.034984826226719 26.486653550295159 21.056381238624454
leaf_count=17663 2268 1097 9952 501 2367 232 1496 604 1444 667 609 740 1074 497
internal_value=8.84599e-05 -0.00197551 -0.0114569 0.000306848 0.0046568 0.00773521 -0.00201631 0.0140556 -0.00726867 0.0266482 0.00615169 0.0104376 0.00327491 0.0138262
internal_weight=1015.68 694.015 135.001 559.014 321.662 260.394 100.63 159.764 61.268 54.5968 105.168 90.7511 72.7161 46.2295
internal_count=41211 29213 11049 18164 11998 8187 3764 4423 3811 899 3524 2915 2175 1101
is_linear=0
shrinkage=0.05


Tree=209
num_leaves=15
num_cat=0
split_feature=31 43 20 25 67 163 0 0 25 123 0 20 35 20
split_gain=3.63498 6.00605 5.0431 4.66593 4.88002 4.71229 3.97136 3.85439 3.79772 4.06259 6.95663 7.55383 5.33094 4.90861
threshold=11.500000000000002 0.98526532108432574 23.500000000000004 0.44290000200271612 0.033323652705701548 0.47625313283208021 7379.0000000000009 1381.5000000000002 0.42750000953674322 822.98333333333346 7986.9001464843759 1.0000000180025095e-35 40254.201171875007 1.0000000180025095e-35
decision_type=2 2 2 2 2 2 2 2 2 2 2 2 2 2
left_child=1 -1 3 4 6 -6 -2 -3 9 10 11 12 -7 -11
right_child=2 7 -4 -5 5 8 -8 -9 -10 13 -12 -13 -14 -15
leaf_value=0.018249747074453461 -0.0076674986290732536 -0.025286763156187383 0.025375479362526751 0.0081514330982057868 0.027373989628249697 0.0079458247967602175 0.012842618133615719 -0.0046160053510389465 -0.016148610954906991 -0.01754571699216927 -0.021518374444084581 -0.010356170368449734 0.030520210423597878 0.014134630769046705
leaf_weight=19.873894742457196 254.41744001884945 22.777632582234219 17.484811241971329 175.74953738192562 14.459973152494056 114.53597448288929 19.779008156037889 223.88687829964329 21.695607270579785 36.609898385126144 14.006388985901138 31.606655035633594 36.667895957711153 11.35299042216502
leaf_count=820 12827 720 575 6763 560 3579 668 8576 1370 1548 299 1041 1448 417
internal_value=0.000102137 -0.00480598 0.00193688 0.0011396 -0.00104396 0.00344869 -0.00580543 -0.00718794 0.00148597 0.00354112 0.00685489 0.00980999 0.0145421 -0.00847635
internal_weight=1014.9 266.538 748.366 730.881 555.132 280.935 274.196 246.665 266.475 244.78 196.817 182.811 151.204 47.9629
internal_count=41211 10116 31095 30520 23757 10262 13495 9296 9702 8332 6367 6068 5027 1965
is_linear=0
shrinkage=0.05


Tree=210
num_leaves=15
num_cat=0
split_feature=33 110 70 153 159 122 122 159 14 134 70 23 137 137
split_gain=5.92278 4.2361 4.82372 3.8755 5.4347 5.23627 4.28505 3.40916 3.62206 5.32274 3.79812 4.1149 3.15116 7.35007
threshold=1.0000000180025095e-35 1.0000000180025095e-35 23391.500000000004 4417.4148306897232 71999.500000000015 3015.3001500000005 2599.3000100000004 66999.500000000015 1.0000000180025095e-35 20.100000000000005 21687.500000000004 49999.300781250007 70.90000000000002 20.019000000000002
decision_type=2 2 2 2 2 2 2 2 2 2 2 2 2 2
left_child=1 3 -3 4 5 6 7 8 10 -10 12 -12 13 -1
right_child=-2 2 -4 -5 -6 -7 -8 -9 9 -11 11 -13 -14 -15
leaf_value=0.0042035832223121924 0.030949720428295937 0 0.032132223387344637 0.0244920446892406 -0.016002461881539434 -0.0084360910553822315 0.028144516186886723 0.0202676518777299 -0.021180791842869334 0.0022053487197612183 -0.02348619007928282 0.004372603860686798 -0.00051004529324835907 0.034700496713305475
leaf_weight=304.36598452588078 11.356644608546047 21.747584123979323 17.175233062705956 10.636975037166847 49.044147011009045 138.22722919448279 10.523189908359198 18.285310769104399 39.096701750298962 45.000298743369058 24.170077475020662 17.259239410748705 291.67321710719261 17.137217501644045
leaf_count=7896 340 1696 1486 398 2862 6888 264 822 1044 1704 2970 1077 11374 512
internal_value=0.00104892 0.000509633 0.015707 -0.000129327 -0.000581885 0.000281482 0.00196066 0.00134876 0.000680115 -0.00868419 0.00201566 -0.0115824 0.00310154 0.00648881
internal_weight=1015.7 1004.34 38.9228 965.42 954.783 905.738 767.511 756.988 738.703 84.097 654.606 41.4293 613.176 321.503
internal_count=41333 40993 3182 37811 37413 34551 27663 27399 26577 2748 23829 4047 19782 8408
is_linear=0
shrinkage=0.05


Tree=211
num_leaves=15
num_cat=0
split_feature=33 110 70 22 135 146 105 45 89 45 25 146 70 68
split_gain=5.40688 3.84362 4.31417 3.58317 3.62003 5.70409 8.4558 5.3593 4.22693 4.1257 3.94008 3.30869 4.7979 3.24745
threshold=1.0000000180025095e-35 1.0000000180025095e-35 23391.500000000004 14339.000000000002 151.55000000000004 -5.777431075796625 5097.9001500000004 -2003.1000366210935 36100.000000000007 -2131.500122070312 0.36250001192092901 0.36111135225267965 23087.500000000004 38050.000000000007
decision_type=2 2 2 2 2 2 2 2 2 2 2 2 2 2
left_child=1 3 -3 4 7 6 -6 8 13 -7 -9 -5 -13 -1
right_child=-2 2 -4 11 5 9 -8 10 -10 -11 -12 12 -14 -15
leaf_value=0.028709022500878097 0.029351076680257177 0 0.030154554589127327 -0.00098519559783768638 0.036163306781284724 0.010437420845506118 -0.0041472813544218825 0.0078112621554284924 -0.0086844571203329585 -0.022953407547969876 -0.010197668087675076 -0.031288890721716436 0 0
leaf_weight=29.308661599876359 11.641292336396871 21.747584123979323 17.700571227120236 669.95095722307451 33.176482269074768 15.843273019883783 15.186174379894508 37.054466036730446 10.112800762988625 10.812853350071235 91.338289307663217 17.88170052645728 24.107662533875555 10.097893028869292
leaf_count=796 340 1696 1486 25574 863 568 744 1076 251 409 2347 1895 2938 350
internal_value=0.00102699 0.000505367 0.0148911 -0.000104967 0.00489445 0.013765 0.023366 0.000606675 0.0140298 -0.00301391 -0.00452744 -0.0019726 -0.0148816 0.0213064
internal_weight=1015.96 1004.32 39.4482 964.871 252.931 75.0188 48.3627 177.912 49.5194 26.6561 128.393 711.94 41.9894 39.4066
internal_count=41333 40993 3182 37811 7404 2584 1607 4820 1397 977 3423 30407 4833 1146
is_linear=0
shrinkage=0.05


Tree=212
num_leaves=15
num_cat=0
split_feature=4 4 159 110 35 22 158 22 45 87 45 148 162 159
split_gain=3.84065 3.60938 4.90356 3.6392 4.23606 6.25141 3.43807 3.08132 6.8411 6.12282 4.27918 6.0351 4.52134 4.07992
threshold=3.5000000000000004 1.5000000000000002 35999.500000000007 1.0000000180025095e-35 16097.800292968752 59999.900390625007 37.771241830065371 14339.000000000002 -2180.3000488281245 35089.900000000009 -1452.4999999999998 1.0000000180025095e-35 33500.000000000007 13606.438051000003
decision_type=2 2 2 2 2 2 2 2 2 2 2 2 2 2
left_child=1 3 -3 6 5 -5 7 8 9 -1 12 -12 -10 -13
right_child=-2 2 -4 4 -6 -7 -8 -9 10 -11 11 13 -14 -15
leaf_value=0.029617171028692962 -0.014655373863688754 0.028076854894965121 -0.0066912671908527267 0.047919832217765503 -0.0031777107951239053 0 0.012923624298226303 -0.0022916522889590259 0.0023692217809423684 -0.0070616585023064371 -0.0024778451603978528 0 -0.021303163436412087 0.030821048055223295
leaf_weight=36.193245096714236 32.25001242000144 23.326726141618565 10.200463013723491 10.649741560919212 15.010066797374746 14.575233208481221 45.501032941509038 641.37355814641342 32.556815945077688 10.710863480344413 70.850249329116195 13.727138100191949 34.61398833245039 25.143614176427945
leaf_count=1119 1223 733 345 818 1815 569 936 28257 871 299 1707 352 1175 1114
internal_value=0.000983171 0.00161749 0.0167055 0.000948615 0.0148088 0.025921 0.000204124 -0.000477776 0.00443853 0.0204046 0 0.00576492 -0.00976742 0.0204989
internal_weight=1016.68 984.433 33.5272 950.906 40.235 25.225 910.671 865.169 223.796 46.9041 176.892 109.721 67.1708 38.8708
internal_count=41333 40110 1078 39032 3202 1387 35830 34894 6637 1418 5219 3173 2046 1466
is_linear=0
shrinkage=0.05


Tree=213
num_leaves=15
num_cat=0
split_feature=33 153 163 125 14 90 123 25 126 146 35 71 103 35
split_gain=4.94537 3.34108 5.02049 4.04978 3.72872 5.76758 3.48828 3.78882 2.87137 4.48523 2.41212 2.33233 3.69103 2.83593
threshold=1.0000000180025095e-35 4417.4148306897232 1.8424812030075188 311.50000000000006 1.0000000180025095e-35 1.5000000000000002 2110.5333729166673 0.38849999010562902 16.014526174012417 -2.7251914095381662 11978.500000000002 64.042436687200563 2239.9334500000004 16097.800292968752
decision_type=2 2 2 2 2 2 2 2 2 2 2 2 2 2
left_child=1 2 3 4 11 -6 8 -8 9 -5 -10 12 -1 -13
right_child=-2 -3 -4 6 5 -7 7 -9 10 -11 -12 13 -14 -15
leaf_value=0.0038362861309432263 0.027802092782377226 0.023199772252055169 -0.014470884124599549 -0.010053935221233004 0.015920938547758862 -0.013568549767334768 0.023644884848194523 -0.0063251774751782348 0 0.015953210908271294 -0.021378833238861819 0.02381604483148295 -0.011739522065312327 -0.00018253316880166397
leaf_weight=624.32094076927751 11.927091915160416 10.888408354949204 50.950174008612521 46.796964795095846 15.523613485507665 68.737981588579714 13.960151375737043 16.24773255479522 13.551589429145677 18.926761229988188 51.817662543384358 25.42858877661638 34.328335210797377 13.874961166409774
leaf_count=20646 340 398 3048 1516 514 2407 791 850 369 588 2426 1753 3452 2235
internal_value=0.000948821 0.000444748 3.07621e-05 0.000938724 0.00247714 -0.00698803 -0.0060712 0.0074959 -0.00972542 -0.00125919 -0.0168327 0.00373254 0.00286681 0.015151
internal_weight=1017.28 1005.35 994.465 943.515 782.214 84.2616 161.301 30.2079 131.093 65.7237 65.3693 697.953 658.649 39.3035
internal_count=41333 40993 40595 37547 31007 2921 6540 1641 4899 2104 2795 28086 24098 3988
is_linear=0
shrinkage=0.05


Tree=214
num_leaves=15
num_cat=0
split_feature=33 153 163 122 122 123 14 90 125 137 137 137 153 159
split_gain=4.52484 3.07121 4.62399 4.23469 3.91311 3.89573 2.91046 7.28746 2.65928 2.35055 5.93648 3.67056 4.15514 3.64181
threshold=1.0000000180025095e-35 4417.4148306897232 1.8424812030075188 3015.3001500000005 2599.3000100000004 2485.198605 1.0000000180025095e-35 1.5000000000000002 388.10000000000008 70.90000000000002 20.019000000000002 151.68700000000004 1532.7836918239166 18881.200100000005
decision_type=2 2 2 2 2 2 2 2 2 2 2 2 2 2
left_child=1 2 3 4 6 -5 8 -8 9 10 -1 -11 13 -13
right_child=-2 -3 -4 5 -6 -7 7 -9 -10 11 -12 12 -14 -15
leaf_value=0.0043618477638013662 0.026396822472097688 0.022085243989836967 -0.013980843313639163 -0.010882874100696029 0.027288058575084536 0.010409915867211459 0.018925943233713747 -0.013996435558129959 -0.0095591474152465373 -0.016084141056626738 0.031205191526706623 0.0041359619096049986 0.015211814118575057 -0.0087980086263851186
leaf_weight=375.08890385413542 12.193141798721625 11.112453525653107 50.291553354938515 113.75311708939262 10.676936395466326 19.729595382930711 16.031679834006354 69.448625539895147 34.062627130188048 26.148751941276714 17.98845810466446 133.68253013317008 44.264122555032372 83.348278756719083
leaf_count=15137 340 398 3048 5510 263 1258 495 2346 778 819 511 4848 1344 4238
internal_value=0.000911289 0.000423738 2.24045e-05 0.00089064 0.00230509 -0.00711238 0.00174218 -0.00656464 0.00284406 0.00360301 0.00609241 0 0.00204921 -0.000692261
internal_weight=1017.82 1005.63 994.515 944.224 810.741 133.483 800.064 85.4803 714.584 680.521 393.077 287.444 261.295 217.031
internal_count=41333 40993 40595 37547 30779 6768 30516 2841 27675 26897 15648 11249 10430 9086
is_linear=0
shrinkage=0.05


Tree=215
num_leaves=15
num_cat=0
split_feature=157 138 35 0 121 121 156 125 0 3 43 0 42 0
split_gain=4.7269 8.08581 7.97095 4.08499 2.98171 3.80107 5.63816 4.67564 4.18925 3.87638 3.48953 7.96758 5.38428 5.32241
threshold=2302.4390980952389 1154.8342221749824 29979.000000000004 6697.3999023437509 9.5000000000000018 2.5000000000000004 1.5624750000000003 19.800000000000004 1352.3000488281252 10.500000000000002 0.98526532108432574 2447.700073242188 0.98515943246098503 3255.900024414063
decision_type=2 2 2 2 2 2 2 2 2 2 2 2 2 2
left_child=4 2 -2 -4 5 7 8 9 -7 10 11 12 -1 -13
right_child=1 -3 3 -5 -6 6 -8 -9 -10 -11 -12 13 -14 -15
leaf_value=0.00093885540248348106 0.049434718918432423 -0.0061797050484804026 -0.014539928298805483 0.021845441696170906 -0.019034966258648991 -0.0069054451864795615 -0.013304054837958086 -0.011685255775378035 0.016136585518542822 0.018732603116573387 -0.00087120908234595304 -0.022086067840855889 0.047593019347038336 0.0064720552990735428
leaf_weight=13.029605054296553 17.255951415514573 21.829128680750728 10.030266236281024 10.043060098774729 12.268252652953377 17.304058970883489 18.606528626871295 68.357100211083889 116.65139320958406 26.61413215752691 574.86459042609204 15.248124975943936 13.5255421330221 77.156978860264644
leaf_count=586 747 1366 652 211 1142 629 671 1466 5162 884 23199 670 457 3328
internal_value=0.00228313 0.0155008 0.0285925 0.0023963 0.00133444 0.0017519 0.00885338 0.000268296 0.0126589 0.00154412 0.000683939 0.00833442 0.0300621 0.000354428
internal_weight=1012.78 59.1584 37.3293 20.0733 953.626 941.358 152.562 788.796 133.955 720.439 693.825 118.96 26.5551 92.4051
internal_count=41170 2976 1610 863 38194 37052 6462 30590 5791 29124 28240 5041 1043 3998
is_linear=0
shrinkage=0.05


Tree=216
num_leaves=15
num_cat=0
split_feature=157 136 141 31 165 136 156 141 141 0 156 69 156 137
split_gain=4.30296 5.8887 3.06831 3.4312 6.77235 5.18968 5.90563 5.06422 4.47353 4.23888 3.54494 5.9716 7.52118 2.42644
threshold=2302.4390980952389 4310.1330000000007 13295.477070000003 13.000000000000002 0.98526531457901012 423.80000000000007 1.1680625000000002 2507.9000200000005 5521.9000200000009 1973.5000000000002 0.71337618582589302 3.5000000000000004 -1.3998399839983995 274.49399000000005
decision_type=2 2 2 2 2 2 2 2 2 2 2 2 2 2
left_child=2 -2 3 4 9 6 7 10 -9 -1 11 -5 -13 -4
right_child=1 -3 13 5 -6 -7 -8 8 -10 -11 -12 12 -14 -15
leaf_value=0.040521626353320024 0.027321835782313387 -0.0014815803841413786 0 -0.01530580972980352 -0.0018528365722333632 -0.0023316164800840336 -0.000390686882247706 0.048643155748112926 0.0058959016251211114 0.004883056138312308 0.025491420785211955 0.0003164243798365055 0.039104850191519436 -0.024823058999269329
leaf_weight=10.080795202404259 33.440524922218174 26.347928864415735 26.639453140087426 22.72174467111472 553.30210045503918 109.08643385302275 71.486787316855043 16.830294050509114 14.867907747160642 32.015053868759423 23.163319752900861 46.940115054603666 13.557097431272267 14.205641472712157
leaf_count=286 1223 1753 1865 955 20888 4061 3189 605 825 1537 1294 1144 512 1033
internal_value=0.00217308 0.0147221 0.00126267 0.00193273 -0.000237505 0.00608327 0.0106488 0.0165275 0.0334903 0.0178751 0.00974775 0.00360244 0.0120938 -0.0112168
internal_weight=1014.69 59.7885 954.897 914.052 595.398 318.654 209.567 138.08 31.6982 42.0958 106.382 83.219 60.4972 40.8451
internal_count=41170 2976 38194 35296 22711 12585 8524 5335 1430 1823 3905 2611 1656 2898
is_linear=0
shrinkage=0.05


Tree=217
num_leaves=15
num_cat=0
split_feature=157 138 137 121 121 137 125 0 68 153 71 71 164 122
split_gain=3.84311 6.8328 7.27311 2.79055 3.19548 4.40488 4.35409 3.13812 3.15312 3.47288 3.17952 3.66672 3.38915 3.12765
threshold=2302.4390980952389 1154.8342221749824 2281.5310000000004 9.5000000000000018 2.5000000000000004 796.60000000000002 19.800000000000004 8787.2001953125018 40606.30000000001 3130.1916235184749 53.125256673511295 60.711841204654355 1.0000000180025095e-35 4987.200060000001
decision_type=2 2 2 2 2 2 2 2 2 2 2 2 2 2
left_child=3 2 -2 4 5 6 7 8 -1 10 12 -12 -10 -6
right_child=1 -3 -4 -5 13 -7 -8 -9 9 -11 11 -13 -14 -15
leaf_value=0.001881395669988171 0.051241118462801653 -0.0060296444204999836 0.0055741502022490924 -0.018607648551974686 0.015869065849031649 -0.0082927813692409303 -0.010212506508030727 -0.015693373665088495 0.026197730371902456 -0.0088087736535333704 -0.014938853483241711 0.012337223640169433 0 0.0010399296561082536
leaf_weight=466.37189681164455 12.505947712343184 21.750106699066237 26.194590054452419 12.046815503272226 67.183237262768671 119.92612724355422 60.176213969709352 15.246694981120525 52.176097760675475 13.362504764925687 14.39610228827223 27.265632931841537 20.0356616738718 87.293272610637359
leaf_count=17290 587 1366 1023 1142 1938 4661 1296 669 2113 429 1167 2558 407 4524
internal_value=0.0020954 0.0138977 0.0256497 0.00122818 0.00163095 0.000258684 0.00191589 0.00326947 0.00396707 0.0108736 0.0138772 0.00124969 0.0199623 0.00809811
internal_weight=1015.93 60.4506 38.7005 955.48 943.433 788.957 669.031 608.855 593.608 127.236 113.873 41.6617 72.2118 154.477
internal_count=41170 2976 1610 38194 37052 30590 25929 24633 23964 6674 6245 3725 2520 6462
is_linear=0
shrinkage=0.05


Tree=218
num_leaves=15
num_cat=0
split_feature=157 138 35 45 141 123 141 141 141 137 35 35 137 45
split_gain=3.54203 6.24037 6.8063 4.10399 2.80628 3.29699 3.07127 4.23868 4.09709 4.19932 3.5951 5.24385 6.13843 4.71934
threshold=2302.4390980952389 1154.8342221749824 29979.000000000004 -6871.1999511718741 13295.477070000003 2400.1800200000002 11042.200495000003 8688.7000700000008 7800.6000500000009 796.60000000000002 39001.500000000007 15978.800292968752 235.239 -2463.700073242187
decision_type=2 2 2 2 2 2 2 2 2 2 2 2 2 2
left_child=4 2 -2 -4 6 -6 7 8 9 10 11 -1 -13 -12
right_child=1 -3 3 -5 5 -7 -8 -9 -10 -11 13 12 -14 -15
leaf_value=0.0048929902554791091 0.042668009414699636 -0.0058106007319404587 0.020644994512139719 -0.015772183078297527 -0.020110199655814023 0.0056435147426177282 0.016999000951082709 -0.015165793844714762 0.021638070158566329 -0.008283232120061176 0.013588796870635314 -0.0083100521071792777 0.0098737721626791387 -0.013922051079264551
leaf_weight=353.62959669204429 18.804652826394886 21.633049566531554 10.025196397211404 10.536858540493993 27.11955692700576 13.349810774321666 27.573848009575158 32.405092768603936 20.934397963108495 94.531368809752166 114.06266797764692 208.44447998120449 52.625142988516018 12.068407162558286
leaf_count=11219 747 1366 197 666 1934 964 1333 2032 1060 3155 5332 8835 1831 499
internal_value=0.00199189 0.0132741 0.0243616 0.000592477 0.0011553 -0.0108287 0.00179477 0.00117462 0.00193549 0.00125644 0.00258813 0.00088755 -0.00434006 0.0101447
internal_weight=1017.74 60.9998 39.3667 20.5621 956.744 40.4694 916.275 888.701 856.296 835.362 740.83 614.699 261.07 126.131
internal_count=41170 2976 1610 863 38194 2898 35296 33963 31931 30871 27716 21885 10666 5831
is_linear=0
shrinkage=0.05


Tree=219
num_leaves=15
num_cat=0
split_feature=157 138 138 157 156 31 43 50 35 159 0 135 156 156
split_gain=3.2198 5.66512 6.26775 2.70029 2.63091 3.53972 5.95484 5.29377 5.2914 4.48718 4.20156 3.3354 2.9891 3.58739
threshold=2302.4390980952389 1154.8342221749824 13.039072736974616 2660.4000100000007 1.965689285714286 17.000000000000004 0.98526532108432574 -3.4604221097008439 53979.000000000007 11563.000020000001 4245.1000976562509 1017.1666715000001 -8.397539753975396 0.99999902343750013
decision_type=2 2 2 2 2 2 2 2 2 2 2 2 2 2
left_child=4 2 -2 -4 5 6 10 8 9 -7 -1 12 -9 -14
right_child=1 -3 3 -5 -6 7 -8 11 -10 -11 -12 -13 13 -15
leaf_value=0.02615227942267391 -0.00040460241624999389 -0.0055988239759413748 0.053724683630140539 0.011554048312704771 -0.0075081282325049729 0.010013475012662502 -0.001377177105554849 -0.0031998660113578335 0.019641967563126236 -0.02097122676933106 -0.0038538190054363871 -0.002894402625234313 0.021361458739353099 0.0020382114598032001
leaf_weight=30.084245842881501 14.699068268761037 21.520799055695534 10.117356777889656 15.217131140874697 74.393700404558331 10.230880515766328 599.09216588456184 16.058115355670452 10.54997353046201 37.437607837375253 11.810870151501147 28.046463768230751 99.52608609967865 40.477840685751289
leaf_count=1246 406 1366 418 786 2926 327 24365 316 689 2192 577 824 2953 1779
internal_value=0.00189842 0.0126109 0.0230449 0.0361227 0.00109605 0.00191517 0 0.00699668 -0.00525199 -0.0130525 0.0171179 0.0111708 0.0140203 0.0163825
internal_weight=1019.26 61.5544 40.0336 25.3345 957.708 883.314 640.987 242.327 58.2185 47.6685 41.8951 184.109 156.062 140.004
internal_count=41170 2976 1610 1204 38194 35268 26188 9080 3208 2519 1823 5872 5048 4732
is_linear=0
shrinkage=0.05


Tree=220
num_leaves=15
num_cat=0
split_feature=124 25 71 87 135 158 25 78 136 136 45 0 22 35
split_gain=2.87368 5.57698 3.78353 3.74401 3.55059 3.7083 3.50832 4.40026 4.45664 4.80695 4.46617 4.57067 4.02542 3.47239
threshold=322.90000000000003 0.40534999966621404 36.628336755646821 70100.000000000015 822.75714357142863 -1.2761964830876213 0.41899999976158148 1.0000000180025095e-35 980.42800000000011 1623.4279500000002 -1535.4999999999998 5517.4001464843759 23907.000000000004 13183.800292968752
decision_type=2 2 2 2 2 2 2 2 2 2 2 2 2 2
left_child=3 -2 4 6 5 -3 -1 8 10 13 11 -8 -9 -10
right_child=1 2 -4 -5 -6 -7 7 12 9 -11 -12 -13 -14 -15
leaf_value=0.0017697151467545868 -0.00071002196347912821 0.007559083614468734 -0.0034730002357825614 -0.015652350507086289 -0.0012576438748996038 0.038619161722163044 -0.020458465563209211 -0.0033457351842036773 0 -0.0092585769441162341 0.0053443993123584322 0 0.022554465482538075 0.032288045905125073
leaf_weight=504.98955756740179 142.44436957477592 25.772111232858148 15.291265458334236 39.404133053962141 10.483497713925315 25.062960214912895 109.3199913847493 29.239431094378233 11.256025041453542 26.648767281556502 23.637196225696243 31.795038855052553 19.580094588221982 12.919642589753492
leaf_count=19106 6586 624 607 1468 356 837 5279 858 375 1404 823 1612 774 603
internal_value=-5.84669e-05 0.00490498 0.0153618 -0.0014861 0.0207203 0.025855 -0.000599624 -0.00525945 -0.00841753 0.00353139 -0.0123936 -0.0157882 0.00724337 0.0185141
internal_weight=1027.84 219.054 76.6098 808.79 61.3186 50.8351 769.386 264.396 215.577 50.8244 164.752 141.115 48.8195 24.1757
internal_count=41312 9010 2424 32302 1817 1461 30834 11728 10096 2382 7714 6891 1632 978
is_linear=0
shrinkage=0.05


Tree=221
num_leaves=15
num_cat=0
split_feature=122 28 123 122 89 122 45 28 45 135 136 156 45 155
split_gain=3.92385 5.34782 4.93099 3.87183 3.81945 3.17011 2.95725 2.8384 4.21271 5.04353 6.5889 6.36034 3.84323 3.75036
threshold=1081.0000000000002 0.40534999966621404 829.40833333333342 4858.1000000000013 70100.000000000015 6423.4000600000008 -2117.3000488281245 0.41265000402927404 -1517.9000244140623 835.11526078947372 2393.7000000000003 0.43240500488281258 -5681.8000488281241 25.665704308374526
decision_type=2 2 2 2 2 2 2 2 2 2 2 2 2 2
left_child=4 2 6 -3 7 -5 -2 -1 9 12 11 -11 -9 -10
right_child=1 3 -4 5 -6 -7 -8 8 13 10 -12 -13 -14 -15
leaf_value=0.0016342828376560668 0.030011849894334502 0.026554908212115615 -0.0048639312765638007 -0.012327788662083734 -0.015907976638971585 0.014340527061059333 0 0.0026774074488340963 -0.00078301557855991522 0.029153169413210802 -0.015192012925590512 -0.0049128994048811166 -0.014448841020798131 0.02410188696036944
leaf_weight=468.42211671429686 13.944866903126242 38.242468317272142 107.29912202525884 14.058409201446919 39.734865699894726 20.169477957417257 10.25644528144039 33.279711814713664 38.341719727497548 26.28058584430255 22.38806805817876 18.353271321509965 160.22625542560127 16.53946972254198
leaf_count=17914 629 868 5336 522 1485 935 404 1640 1124 965 1210 758 6921 601
internal_value=-4.54812e-05 0.00602712 0 0.0164488 -0.00163711 0.00193728 0.0181982 -0.000754041 -0.00442721 -0.00716957 0.0039032 0.0150542 -0.0112583 0.0072678
internal_weight=1027.54 203.971 131.5 72.4704 823.566 34.2279 24.2013 783.831 315.409 260.528 67.0219 44.6339 193.506 54.8812
internal_count=41312 8694 6369 2325 32618 1457 1033 31133 13219 11494 2933 1723 8561 1725
is_linear=0
shrinkage=0.05


Tree=222
num_leaves=15
num_cat=0
split_feature=122 25 123 87 122 141 122 0 25 45 141 155 146 23
split_gain=3.57936 4.77428 4.4869 3.54562 3.40514 5.32418 2.9218 2.68035 2.56255 3.85786 3.95338 3.62886 5.04668 5.90564
threshold=1081.0000000000002 0.40534999966621404 829.40833333333342 70100.000000000015 4858.1000000000013 4178.9000900000001 6423.4000600000008 2116.700073242188 0.41265000402927404 -1517.9000244140623 1972.066 -4.7986752754968887 -3.7922402004867952 29236.500000000004
decision_type=2 2 2 2 2 2 2 2 2 2 2 2 2 2
left_child=3 2 7 8 5 -3 -6 -2 -1 11 -11 -10 -13 -14
right_child=1 4 -4 -5 6 -7 -8 -9 9 10 -12 12 13 -15
leaf_value=0.0015511873696723352 0 0.0061063694484431112 -0.0046511885366551558 -0.015400082817214453 -0.011974763289842797 0.04576497123000578 0.01362347716062879 0.028315544684343483 0.010217580081955859 0.014559197270159594 -0.012370034267851229 -0.019728529515299235 0.010586372589085478 -0.0093879029046369002
leaf_weight=469.08950614614878 10.256445281440394 25.298373724333942 106.83735225815326 39.172506783390418 13.900689261034129 13.833658076124264 20.425942987320013 14.330608838703482 21.461831207852811 42.279561283299699 12.929778604069723 70.234362401766703 45.890134132932872 121.27496092964429
leaf_count=17914 404 530 5336 1485 522 338 935 629 623 1189 536 2337 2509 6025
internal_value=-3.08913e-05 0.00575089 0 -0.0015579 0.0155113 0.0248558 0.00178145 0.0172439 -0.000708791 -0.00421237 0.00691854 -0.00686195 -0.00879119 -0.00346595
internal_weight=1027.22 204.883 131.424 822.333 73.4587 39.132 34.3266 24.5871 783.16 314.071 55.2093 258.861 237.399 167.165
internal_count=41312 8694 6369 32618 2325 868 1457 1033 31133 13219 1725 11494 10871 8534
is_linear=0
shrinkage=0.05


Tree=223
num_leaves=15
num_cat=0
split_feature=122 25 125 70 88 122 141 122 125 35 153 35 20 9
split_gain=3.31043 4.34382 3.48635 3.37503 3.28775 3.08509 4.63856 2.69385 2.6112 2.40133 6.54057 3.80571 3.92344 3.621
threshold=1081.0000000000002 0.40534999966621404 400.40001000000007 7777.0000000000009 70100.000000000015 4858.1000000000013 4178.9000900000001 6423.4000600000008 1046.1000500000002 11246.300292968752 2250.647189349113 11978.500000000002 1.0000000180025095e-35 1.0000000180025095e-35
decision_type=2 2 2 2 2 2 2 2 2 2 2 2 2 2
left_child=4 2 3 -2 9 6 -3 -7 -4 10 -1 -11 13 -13
right_child=1 5 8 -5 -6 7 -8 -9 -10 11 -12 12 -14 -15
leaf_value=-0.0075349766415886178 0 0.0058252436671494094 -0.012075093614354606 0.031516299525386898 -0.014903281788318085 -0.01163014299258474 0.042767321134864214 0.012947468636253429 0.0028635890240550736 0.01956741255659911 0.025950301860458675 -0.0042171933212993042 0.0083625721283782234 0.0073901233296107
leaf_weight=204.3550617985893 20.689779294189069 25.431127013172954 52.128368811565451 10.013722767704165 38.634996267501265 13.749028660356997 14.398557865060864 20.672382465447299 48.525434759678319 21.242337241303176 10.278914258582516 363.05491707648616 108.53432825033087 75.118967703543603
leaf_count=7078 893 530 2533 678 1485 522 338 935 2265 615 291 16864 4143 2142
internal_value=-1.25392e-05 0.00553395 0 0.013467 -0.00148681 0.0147787 0.0235757 0.00163207 -0.00460519 -0.000670568 -0.00514944 0.000964942 0 -0.00205353
internal_weight=1026.83 205.608 131.357 30.7035 821.22 74.2511 39.8297 34.4214 100.654 782.585 214.634 567.951 546.708 438.174
internal_count=41312 8694 6369 1571 32618 2325 868 1457 4798 31133 7369 23764 23149 19006
is_linear=0
shrinkage=0.05


Tree=224
num_leaves=15
num_cat=0
split_feature=163 138 123 27 163 14 158 154 67 158 31 22 153 31
split_gain=2.51291 4.30312 3.11675 4.12671 3.0687 5.64469 6.84701 3.41773 4.12992 3.33548 3.12747 3.40685 3.00429 3.68792
threshold=0.45921052631578951 39.444433066758116 1300.0250125000002 1.0000000180025095e-35 0.80070789473684223 1.0000000180025095e-35 -5.9997600731995435 1.0000000180025095e-35 0.033323652705701548 16.491699343062248 13.000000000000002 14000.899902343752 672.88612793807795 6.5000000000000009
decision_type=2 2 2 2 2 2 2 2 2 2 2 2 2 2
left_child=1 -1 4 -4 7 -6 -7 8 10 -8 11 -2 13 -10
right_child=2 -3 3 -5 5 6 9 -9 12 -11 -12 -13 -14 -15
leaf_value=0.00027475701751367788 -0.0077603717187760234 0.032935137829347115 0.013213357940369895 -0.013927078491048399 0.0014507535433185394 0.016835080151403305 -0.022403707988809304 0.0092057483303132643 0.013595328083095021 0.0032219136737098096 -0.015552414494580558 0.016688952505870824 -0.028485065886754608 -0.015250262276046051
leaf_weight=39.192203841172159 18.385619973298162 10.375176054192705 70.832513898378238 11.194415286299771 652.47072040126659 11.563956593628971 61.415149102453142 18.980539471958764 10.334957439685239 10.257962374482302 19.792485149228014 27.114122933708131 35.125680404016748 29.034588676993735
leaf_count=1619 666 448 2913 930 25022 279 2324 576 555 287 1150 1791 997 1755
internal_value=0 0.0104188 -0.000604716 0.00834755 -0.0015231 -7.57414e-05 -0.0120123 -0.00771756 -0.0105993 -0.0181131 -0.000442624 0.00602914 -0.0182846 -0.00587233
internal_weight=1026.07 49.5674 976.503 82.0269 894.476 735.708 83.2371 158.768 139.787 71.6731 65.2922 45.4997 74.4952 39.3695
internal_count=41312 2067 39245 3843 35402 27912 2890 7490 6914 2611 3607 2457 3307 2310
is_linear=0
shrinkage=0.05


Tree=225
num_leaves=15
num_cat=0
split_feature=28 83 23 138 156 153 141 157 156 156 146 28 106 14
split_gain=4.06042 6.63922 3.97988 6.4605 5.17367 4.99085 3.75666 4.50107 5.57401 5.89235 3.48772 3.37179 3.10958 3.07512
threshold=0.44290000200271612 1.0000000180025095e-35 42679.000000000007 194.55103645705748 0.92641681985294133 473.89829206970586 5460.9000000000005 507.10435000000001 0.37718021138509122 1.2989500000000003 -5.3622566435997756 0.42750000953674322 10.500000000000002 1.0000000180025095e-35
decision_type=2 2 2 2 2 2 2 2 2 2 2 2 2 2
left_child=1 11 13 4 -4 -6 7 8 -3 -10 -9 12 -1 -2
right_child=2 6 3 -5 5 -7 -8 10 9 -11 -12 -13 -14 -15
leaf_value=-0.0049307281092273126 -0.00193456105955202 -0.011967699366772595 0.039087989493430272 -0.014286134253845921 0.02924330494116827 -0.0037553847924041367 0.014642528458365701 0.0035935640445956167 0.019097943482121401 -0.0082852376137326576 -0.023859584312870476 -0.019905616888957645 0.017446962376472266 0.014682861547528434
leaf_weight=505.96020003804006 168.42594544426538 27.686045560985804 20.65111965034157 10.836496785748748 11.552204701351 28.134206342627294 61.758233414730057 12.768888688646255 65.009085778146982 21.073631804436445 23.81327557284385 34.918491081567481 10.300434062955899 27.866411903640255
leaf_count=20708 6282 783 697 367 403 1341 2970 311 2032 710 624 2653 824 905
internal_value=-0.000656775 -0.00255548 0.00452565 0.0142571 0.0208496 0.00692849 0.00476128 3.99574e-05 0.00530296 0.0117586 -0.0137948 -0.00547856 -0.00422526 0.000482233
internal_weight=1030.75 763.288 267.466 71.174 60.3375 39.6864 212.109 150.351 113.769 86.0827 36.5822 551.179 516.261 196.292
internal_count=41610 31615 9995 2808 2441 1744 7430 4460 3525 2742 935 24185 21532 7187
is_linear=0
shrinkage=0.05


Tree=226
num_leaves=15
num_cat=0
split_feature=31 35 148 45 163 20 155 158 84 70 157 157 133 138
split_gain=5.74464 3.65473 4.33978 3.8075 2.60226 3.81835 3.18428 4.85775 3.38359 3.99371 2.94186 5.48158 6.47242 8.44168
threshold=33.000000000000007 35998.099609375007 2399.8166500000002 -9370.3002929687482 0.66754385964912288 1.5000000000000002 15.867565977658169 2.8300644680759226 1.0000000180025095e-35 23148.500000000004 949.03116333333344 566.11111444444452 4.5000000000000009 134.16625505417997
decision_type=2 2 2 2 2 2 2 2 2 2 2 2 2 2
left_child=4 2 -2 -3 5 6 7 8 9 -1 11 12 -6 -14
right_child=1 3 -4 -5 10 -7 -8 -9 -10 -11 -12 -13 13 -15
leaf_value=-0.0097746155938741846 -0.0092771541779981242 0 0.020774651507411868 0.044703974267507017 -0.0035236446907373994 -0.016833743138170636 -0.0089550205546418803 -0.0028875363661292845 0.027547877062139271 0.021805380775591299 0.0024903124215943677 -0.0147052765256874 0.041662348611081229 -0.0069900121288268063
leaf_weight=17.547542539308782 23.541374481865205 10.19678705558181 14.983095565577967 10.334916922613045 515.33752462436678 12.134282821789382 16.788204501150176 33.194538694340736 39.634498513536528 12.107052778941577 195.4328466366278 102.99156573833898 13.730523140635343 11.905204075155778
leaf_count=1118 678 62 689 376 20042 479 626 1129 1461 1175 8549 4204 498 524
internal_value=-0.000615552 0.013813 0.00230581 0.0287661 -0.00161079 0.00468001 0.00786032 0.0113685 0.0186059 0.00296158 -0.0026767 -0.00432896 -0.00214533 0.0199829
internal_weight=1029.86 59.0562 38.5245 20.5317 970.804 131.406 119.272 102.484 69.2891 29.6546 839.398 643.965 540.973 25.6357
internal_count=41610 1805 1367 438 39805 5988 5509 4883 3754 2293 33817 25268 21064 1022
is_linear=0
shrinkage=0.05


Tree=227
num_leaves=15
num_cat=0
split_feature=31 138 146 159 68 76 138 133 141 70 45 138 141 76
split_gain=5.32977 2.97253 2.19139 5.4608 5.03045 3.53342 3.39764 5.88619 5.32714 4.71247 5.55498 4.1016 4.08957 4.21451
threshold=33.000000000000007 51.363086376774028 -7.452485626155668 73599.500000000015 55900.000000000007 1.0000000180025095e-35 81.701216558006465 4.5000000000000009 5400.0000200000004 12647.500000000002 -1880.3000488281248 400.00005000000004 10803.600050000003 3.5000000000000004
decision_type=2 2 2 2 2 2 2 2 2 2 2 2 2 2
left_child=2 -2 4 5 -1 -4 7 9 11 -7 -11 -8 13 -10
right_child=1 -3 3 -5 -6 6 8 -9 12 10 -12 -13 -14 -15
leaf_value=-0.010735843479348223 0.018784808310704365 -0.0044392920810117937 -0.0022955100320796321 -0.015421657109607101 0.018864403572929248 -0.00086389144809668496 -0.00069008015459377271 0.031454165300218433 0.031151115625070981 0.021044323193339057 -0.0061356167460096707 -0.032062219981389924 -0.0062082613000727207 -0.00048714341323875837
leaf_weight=121.74180340440944 47.319605676224455 12.197888154070823 449.61512612219667 52.407338944147341 10.510748293949289 131.9366156400647 27.860488864826038 19.487658786121756 17.845273297047243 61.501985745620914 20.085316828452051 16.142278568819165 26.487387643777765 13.7437950829044
leaf_count=3512 1432 373 19824 3239 372 3460 1070 952 729 2648 773 404 1972 850
internal_value=-0.000567267 0.013275 -0.00153223 -0.000504535 -0.00741756 0.000519738 0.00442239 0.00776229 -0.00274098 0.00470098 0.0138077 -0.0153164 0.00645317 0.0178339
internal_weight=1028.88 59.5175 969.366 837.113 132.253 784.706 335.091 233.012 102.079 213.524 81.5873 44.0028 58.0765 31.5891
internal_count=41610 1805 39805 35921 3884 32682 12858 7833 5025 6881 3421 1474 3551 1579
is_linear=0
shrinkage=0.05


Tree=228
num_leaves=15
num_cat=0
split_feature=31 153 28 83 122 35 28 28 88 88 31 45 0 23
split_gain=4.78373 3.48524 2.90214 5.11035 3.38962 3.97745 3.18917 3.48206 4.83296 3.10619 3.40885 5.35368 3.06002 3.96343
threshold=33.000000000000007 1138.1948372297641 0.44290000200271612 1.0000000180025095e-35 2939.0000300000006 25998.200195312504 0.41899999976158148 0.39499999582767492 63900.000000000007 62490.000000000007 13.000000000000002 -6395.3000488281241 3233.3000488281255 31779.000000000004
decision_type=2 2 2 2 2 2 2 2 2 2 2 2 2 2
left_child=2 -2 3 6 12 -6 7 -1 -9 10 -4 -12 13 -5
right_child=1 -3 9 4 5 -7 -8 8 -10 -11 11 -13 -14 -15
leaf_value=-0.0076635601998495916 0.018941601706754071 -0.0054213555721775511 -0.0022007213326679649 0.00019584175057592299 0.030588592231767676 0 -0.018528589064682882 -0.0018459197017723394 0.022252436278139831 0.021635286180361913 -0.01282971434933877 0.019370003879075136 -0.0095803075537726004 0.024707681101085857
leaf_weight=294.39058810740244 46.092895346926525 14.068359533790497 168.88023405207787 105.79775212751701 17.289240079699084 17.097035532700829 42.220199099916499 166.64278518222272 18.476410147733986 16.126133040059358 11.586528263520448 44.690869305981323 49.311906464863569 15.590853040805085
leaf_count=13219 1306 499 6591 3195 606 829 3115 6434 698 537 556 1438 1999 588
internal_value=-0.000541524 0.0124983 -0.0014633 -0.00307189 0.00340665 0.0166445 -0.00572163 -0.00431122 0.000818268 0.0031432 0.00116029 0.0114188 5.76338e-05 0.00459259
internal_weight=1028.26 60.1613 968.101 726.817 205.087 34.3863 521.73 479.51 185.119 241.284 225.158 56.2774 170.701 121.389
internal_count=41610 1805 39805 30683 7217 1435 23466 20351 7132 9122 8585 1994 5782 3783
is_linear=0
shrinkage=0.05


Tree=229
num_leaves=15
num_cat=0
split_feature=31 25 83 141 136 156 68 25 163 25 25 156 105 163
split_gain=4.27954 2.62622 4.70972 3.52717 3.17172 3.02538 3.00745 3.20367 3.52622 2.99295 3.19649 5.13488 7.24778 5.02813
threshold=33.000000000000007 0.44290000200271612 1.0000000180025095e-35 5460.9000000000005 1080.9000000000003 0.53343333333333343 17040.000000000004 0.29694999754428869 0.73746867167919816 0.41899999976158148 0.39499999582767492 -1.2701070400008747 2337.2600000000007 0.71503759398496258
decision_type=2 2 2 2 2 2 2 2 2 2 2 2 2 2
left_child=1 2 9 4 6 -5 -4 8 -8 10 13 -12 -13 -1
right_child=-2 -3 3 5 -6 -7 7 -9 -10 -11 11 12 -14 -15
leaf_value=0.0089704666214840932 0.011770363752749723 0.0029922910421700134 0.023093380981295542 0.027221241425508982 -0.017681037199767751 0.0027436702496720748 -0.010710362294269249 -0.0087920517153214969 0.013862719582090564 -0.017986020934431135 0.0094904323840584257 -0.014779893583685328 0.013948100706693702 -0.0098306064886607009
leaf_weight=34.372972189914435 60.778632188215852 241.90214444464073 10.115297236246986 19.626858664210886 18.825564848724753 39.947201807633974 13.918364190729333 56.566553241806105 46.529162246035412 41.488844438455999 88.086097380612046 72.528827248024754 24.582843377487734 257.97257647267543
leaf_count=2180 1805 9122 278 916 406 1936 446 1842 1393 3115 3035 2866 1231 11039
internal_value=-0.000496974 -0.00137652 -0.00291413 0.00328654 -0.000674254 0.0130655 0.00203951 -0.000242468 0.00705469 -0.00547285 -0.00410699 0.00078962 -0.00669114 -0.00733822
internal_weight=1027.24 966.463 724.561 205.529 145.955 59.5741 127.129 117.014 60.4475 519.032 477.543 185.198 97.1117 292.346
internal_count=41610 39805 30683 7217 4365 2852 3959 3681 1839 23466 20351 7132 4097 13219
is_linear=0
shrinkage=0.05


Tree=230
num_leaves=15
num_cat=0
split_feature=126 125 125 87 156 87 19 0 0 87 141 20 126 87
split_gain=4.43019 4.9311 3.90179 4.75564 3.99381 3.77839 3.67183 4.50367 7.4171 3.04647 2.96946 2.95223 2.87794 3.27052
threshold=973.84842597998511 850.10000000000014 400.40001000000007 43900.000000000007 -5.0213021302130203 43900.000000000007 1.0000000180025095e-35 1442.7000122070315 4614.1000976562509 21900.000000000004 9819.600120000001 2.5000000000000004 107.75218309462942 28660.000000000004
decision_type=2 2 2 2 2 2 2 2 2 2 2 2 2 2
left_child=1 2 3 4 -1 -4 -6 -8 9 -9 11 -5 -3 -14
right_child=-2 12 5 10 6 -7 7 8 -10 -11 -12 -13 13 -15
leaf_value=-0.013676410851128099 -0.017706553944046296 0.020075778058821454 -0.016395012760190088 -0.013126073307454897 0.0027092587973573685 0.0082075118935690666 0.035067776433760404 -0.0091153616525261692 0.028935908228677688 0.013796339218496843 0.0076098557654029272 0.0073588842260981268 0.011734105905524095 -0.016031507349930516
leaf_weight=26.149908860679716 23.916133085032925 52.005149657605216 53.13172652234789 99.187284485902637 590.01284117740579 14.818917579250408 15.570333129959179 45.114739769720472 21.462639982812107 14.63566994271241 23.208502217195928 14.459164799191056 23.031837745802477 11.804460935993118
leaf_count=806 1439 1576 2085 3259 24941 511 478 1927 915 386 1175 479 1103 563
internal_value=0.00143106 0.00202163 0.000852961 0.00184543 0.00353395 -0.0101494 0.00435563 0.0132749 0.00672528 -0.00209904 -0.00641296 -0.00989808 0.013109 0.000239172
internal_weight=1028.51 1004.59 917.752 849.801 712.946 67.9506 686.796 96.7834 81.213 59.7504 136.855 113.646 86.8414 34.8363
internal_count=41643 40204 36962 34366 29453 2596 28647 3706 3228 2313 4913 3738 3242 1666
is_linear=0
shrinkage=0.05


Tree=231
num_leaves=15
num_cat=0
split_feature=156 22 22 0 148 23 22 28 28 82 153 28 0 0
split_gain=3.08114 4.91734 9.26173 6.62862 5.02119 4.18273 3.73076 3.60601 3.51512 10.4497 6.84984 4.94965 6.63297 3.40365
threshold=-4.4880087618136804 25978.500000000004 18840.799804687504 3824.900024414063 42857.601600000002 130013.00000000001 17001.900390625004 0.18044999986886981 0.38849999010562902 1.0000000180025095e-35 545.42842160801308 0.44859999418258673 2669.700073242188 4656.7001953125009
decision_type=2 2 2 2 2 2 2 2 2 2 2 2 2 2
left_child=7 2 6 -4 5 8 -2 -1 9 -3 13 12 -12 -10
right_child=1 4 3 -5 -6 -7 -8 -9 10 -11 11 -13 -14 -15
leaf_value=-0.018968044269678654 0.0013364561877862095 0.023521788859677199 -0.015443654525345202 0.012243737748021873 -0.013633977555296882 -0.010200056715870601 0.016475644849283634 0 -0.011850642799927306 -0.0054682208199539478 0.026004118107819791 0.024752126681837336 -0.0062282990239760421 0.0093039434757108252
leaf_weight=32.616788144456223 351.33161181991454 106.33093126746826 128.58970639517065 19.87892308854498 22.15032540273387 22.039089603582397 43.027774672489613 74.513949944404885 60.408295368193649 37.346877755830064 17.15629973448813 44.896720601245761 49.147936351597309 19.998143527191132
leaf_count=1352 11095 4539 5704 954 3229 391 1797 2476 2632 1215 906 1832 2854 667
internal_value=0.00137249 0.00235262 -0.000622444 -0.0111326 0.00669116 0.00825986 0.00329906 -0.00634831 0.00975225 0.0157195 0.00473739 0.0126845 0.00264929 -0.00576712
internal_weight=1029.43 922.303 542.828 148.469 379.475 357.324 394.359 107.131 335.285 143.678 191.607 111.201 66.3042 80.4064
internal_count=41643 37815 19550 6658 18265 15036 12892 3828 14645 5754 8891 5592 3760 3299
is_linear=0
shrinkage=0.05


Tree=232
num_leaves=15
num_cat=0
split_feature=126 123 126 142 35 0 142 0 0 105 35 35 141 31
split_gain=4.08382 2.61426 4.05981 4.80777 4.78049 3.03352 2.47145 2.32516 4.14069 5.10477 3.27981 3.6399 3.89271 5.07276
threshold=973.84842597998511 871.70000333333348 63.469986644318034 2.5000000000000004 35406.000000000007 2433.3000488281255 3.5000000000000004 4456.7001953125009 8787.2001953125018 12033.101000000001 11246.300292968752 61999.000000000007 2220.5620300000005 21.000000000000004
decision_type=2 2 2 2 2 2 2 2 2 2 2 2 2 2
left_child=1 7 3 -3 6 -5 -4 10 -9 -10 -1 12 -12 -14
right_child=-2 2 4 5 -6 -7 -8 8 9 -11 11 -13 13 -15
leaf_value=-0.0063484717537257151 -0.017196486787732425 0 0.025476720795896982 0.0014629214502681282 -0.016523101189973362 0.04114367319562498 0.00041593036982449564 0.0097711994097559578 -0.02296955980351733 0.010437257635956314 0.0058921114144070714 -0.018213301012091503 0.0010959906087264879 -0.01718437940830763
leaf_weight=171.21119132800959 23.531295935506932 20.391013499116525 11.666930747218428 10.027958551887425 21.756929155555554 18.115095276152715 35.301077143405564 143.32273001619615 19.997707643196918 14.651927175233139 315.71430748089915 17.008287986041978 165.34712789638434 42.636216987390071
leaf_count=5475 1439 468 279 358 1235 567 1688 6703 854 272 11652 802 7699 2152
internal_value=0.00130385 0.00186831 0.00877251 0.0191139 0 0.0308669 0.00945546 0.00085875 0.00590372 -0.00804734 -0.000365078 0.00147871 0.00237902 -0.00273214
internal_weight=1030.68 1007.15 117.259 48.5341 68.7249 28.1431 46.968 889.889 177.972 34.6496 711.917 540.706 523.698 207.983
internal_count=41643 40204 4595 1393 3202 925 1967 35609 7829 1126 27780 22305 21503 9851
is_linear=0
shrinkage=0.05


Tree=233
num_leaves=15
num_cat=0
split_feature=126 125 125 159 88 156 19 159 153 158 88 121 121 159
split_gain=3.79292 4.15333 3.49797 5.08659 4.13991 3.51956 3.38655 4.34 13.1444 4.88159 3.24044 3.00568 7.94702 2.77459
threshold=973.84842597998511 850.10000000000014 400.40001000000007 13039.800000000001 43900.000000000007 -5.0213021302130203 1.0000000180025095e-35 38431.30000000001 197.77584065888382 -1.3107941686093703 31975.300000000003 2.5000000000000004 4.5000000000000009 19849.398000000005
decision_type=2 2 2 2 2 2 2 2 2 2 2 2 2 2
left_child=1 2 4 -4 5 -1 -7 8 9 -8 -5 -3 -13 -6
right_child=-2 11 3 10 13 6 7 -9 -10 -11 -12 12 -14 -15
leaf_value=-0.013059424306723959 -0.016706556706743602 0 0.0098095409901620204 -0.025175684384801302 -0.0095073773089484823 0.0023870971279356676 0 0.023808949629397839 -0.020316331227850867 0.038660315384321603 0 0.040335872523808318 0.002391144847910059 0.0073999674011017876
leaf_weight=25.714773821178824 23.166339592426084 28.761972518870607 17.545773908961564 35.31500725983642 112.62591604422778 593.22797471779631 12.358332678209992 42.012832470005378 27.152045256807469 16.416734840953723 14.482987318420781 19.748664293903857 39.91000963235274 23.240750394994393
leaf_count=806 1439 677 464 1525 3740 24941 302 1867 1091 446 607 554 2011 1173
internal_value=0.00123689 0.00177878 0.000697062 -0.00976914 0.00163402 0.00320124 0.00396748 0.0124733 0.00188224 0.0242158 -0.0178455 0.0118601 0.017873 -0.00610033
internal_weight=1031.68 1008.51 920.093 67.3438 852.749 716.883 691.168 97.9399 55.9271 28.7751 49.798 88.4206 59.6587 135.867
internal_count=41643 40204 36962 2596 34366 29453 28647 3706 1839 748 2132 3242 2565 4913
is_linear=0
shrinkage=0.05


Tree=234
num_leaves=15
num_cat=0
split_feature=156 22 22 45 146 158 70 88 22 158 20 122 45 146
split_gain=2.62388 3.98255 8.52208 5.9925 4.36059 3.85703 4.60092 4.44984 3.58672 3.29842 3.60143 3.32493 4.50704 6.4487
threshold=-5.0213021302130203 25978.500000000004 18840.799804687504 -3779.099975585937 2.2418528691895272 7.3946720045432439 15660.500000000002 40100.000000000007 135379.00000000003 -1.0147593205300718 1.5000000000000002 6000.400200000001 -2478.099975585937 -8.3736703488181643
decision_type=2 2 2 2 2 2 2 2 2 2 2 2 2 2
left_child=-1 2 5 -4 8 7 -7 9 -3 -2 11 12 -11 -14
right_child=1 4 3 -5 -6 6 -8 -9 -10 10 -12 -13 13 -15
leaf_value=-0.0066554348798161982 0.0028126550045767798 0.0081422448004906441 0.010612070233199808 -0.015102058792118352 -0.019211832467678162 -0.014211835850030635 0.015815139615684225 -0.0070857194017774437 -0.010205092879612486 -0.0026381763660369931 -0.0038544778691327144 -0.0034090881292586461 0.0012125086454140919 0.034957202001165893
leaf_weight=89.422438507666811 165.95232344092801 366.4372335736407 21.30072362232022 126.09861406718846 11.070009115326682 52.166376770008355 10.561766507569699 52.825178128900006 22.146082477411255 12.274231608025728 16.871790844714269 10.699979812605305 23.662676261272281 51.096086908597499
leaf_count=3168 5731 16465 1009 5649 2005 1290 411 1652 455 416 624 540 612 1616
internal_value=0.00118205 0.00200904 -0.000699473 -0.0108318 0.00577919 0.00303429 -0.00762353 0.00527041 0.0068532 0.00785533 0.0143165 0.017975 0.0211896 0.0256488
internal_weight=1032.59 943.163 543.51 147.399 399.653 396.11 62.7281 333.382 388.583 280.557 114.605 97.733 87.033 74.7588
internal_count=41643 38475 19550 6658 18925 12892 1701 11191 16920 9539 3808 3184 2644 2228
is_linear=0
shrinkage=0.05


Tree=235
num_leaves=15
num_cat=0
split_feature=135 25 158 22 25 156 159 135 45 25 0 156 125 146
split_gain=3.99357 6.11746 4.80794 4.56747 6.06738 4.71098 8.38297 4.14788 4.03871 5.89455 4.21546 3.23442 3.08156 2.8072
threshold=728.42000000000007 0.43289999663829809 9.4881398488796389 40850.400390625007 0.18044999986886981 0.33095119047619054 27145.499940000005 556.78571428571433 -5160.1999511718741 0.34099999070167547 8787.2001953125018 0.9828038043478261 730.60000000000002 -4.3680923182542042
decision_type=2 2 2 2 2 2 2 2 2 2 2 2 2 2
left_child=7 3 -3 5 -5 6 13 8 9 -1 -11 -6 -10 -2
right_child=1 2 -4 4 11 -7 -8 -9 12 10 -12 -13 -14 -15
leaf_value=-0.010482134977362093 0.0034530100760998038 -0.011658349534166165 0.016095645829521266 -0.01903578354035947 0.020198545477794701 0.024499741763644108 -0.019793840376419021 -0.014552427934268419 -0.00015984758685544907 0.021657085705583543 -0.0021639217259974415 -0.0042442790607753328 -0.010316151136192352 0.024920150330121082
leaf_weight=23.723203733097762 42.693241776432842 67.08588402858004 14.058502090862019 24.031792860245332 25.287173222983256 64.824025980895385 18.662273910129443 49.402900103479624 485.56434684497071 59.263901968835853 19.860075427335687 16.863053573993966 85.751381530659273 29.327283662743866
leaf_count=1140 1453 3193 473 1454 1014 2653 1028 2034 18494 2668 556 597 3615 961
internal_value=0.000703593 0.00550658 -0.00561434 0.00983176 -0.000473139 0.014407 0.00576654 -0.00126196 -0.000114446 0.00868723 0.0153104 0.00994617 -0.00184729 0.013894
internal_weight=1026.4 302.833 81.1444 221.689 66.182 155.507 90.6828 723.566 674.163 102.847 79.124 42.1502 571.316 72.0205
internal_count=41333 12826 3666 9160 3065 6095 3442 28507 26473 4364 3224 1611 22109 2414
is_linear=0
shrinkage=0.05


Tree=236
num_leaves=15
num_cat=0
split_feature=135 163 25 138 135 0 25 0 138 105 155 35 155 0
split_gain=3.63443 5.72071 4.19772 4.75368 3.82525 3.53462 5.35503 3.73727 2.90591 5.6561 3.46371 3.08615 3.05878 2.56773
threshold=728.42000000000007 0.47493734335839605 0.43289999663829809 47.119990337291235 556.78571428571433 5154.1999511718759 0.34099999070167547 8787.2001953125018 305.3542562908886 11999.222000000002 19.635960867212827 39998.900390625007 -4.1982616241040818 1558.5000000000002
decision_type=2 2 2 2 2 2 2 2 2 2 2 2 2 2
left_child=4 -2 8 -4 5 -1 -7 -8 -3 10 11 12 -10 -6
right_child=1 2 3 -5 13 6 7 -9 9 -11 -12 -13 -14 -15
leaf_value=-0.0017524817651239006 0.032174694520930025 0.00064521268436313424 0.0101921332312812 -0.014355357410172291 0.003213728627889672 -0.010244343705475271 0.020191401007841087 -0.0020799721295864447 0.0084303637454422754 -0.0018873398705843061 0 0 0.043061916557900183 -0.019744472831652468
leaf_weight=570.2743198449607 13.994908099994062 109.4392836689949 23.113659233087674 53.671409083413891 10.421802354510872 23.580419004079886 60.498121683369391 19.831119766109623 17.316499790409576 36.372124917223118 13.639448176603763 12.392228081589563 24.178948447108272 38.330919742817059
leaf_count=22098 537 3935 842 2662 368 1145 2674 556 547 2471 489 567 776 1666
internal_value=0.000659583 0.00523038 0.00323814 -0.00618341 -0.00121725 -0.000117928 0.00806231 0.0143075 0.0069221 0.0127414 0.0208971 0.0261702 0.0321459 -0.0140641
internal_weight=1027.06 304.119 290.124 76.7851 722.937 674.184 103.91 80.3292 213.339 103.899 67.5271 53.8877 41.4954 48.7527
internal_count=41333 12826 12289 3504 28507 26473 4375 3230 8785 4850 2379 1890 1323 2034
is_linear=0
shrinkage=0.05


Tree=237
num_leaves=15
num_cat=0
split_feature=136 136 25 25 141 23 0 141 141 9 156 146 35 43
split_gain=3.42093 5.24754 6.90732 10.4567 4.05991 3.5973 4.88164 5.05857 4.63225 5.37398 4.04003 4.10778 3.5699 3.48827
threshold=929.56807000000015 1249.1570500000003 0.38849999010562902 0.4314000010490418 3123.9410500000008 27196.299804687504 2250.099975585938 1822.6000000000001 75.77500000000002 1.0000000180025095e-35 -0.9270027100366286 -7.3516651605514021 33045.800781250007 1.0357230046197616
decision_type=2 2 2 2 2 2 2 2 2 2 2 2 2 2
left_child=4 2 -2 -4 5 10 12 8 9 -8 11 -1 -7 -3
right_child=1 13 3 -5 -6 6 7 -9 -10 -11 -12 -13 -14 -15
leaf_value=0.018702637551237279 -0.0019481411523874497 -0.00095849748553835539 0.047052768095312399 0 -0.0079302521201365644 0.039723008877505163 0 0.023553116522995951 -0.015817933461888336 0.028338082495060635 -0.0066495056327149048 -0.00047147052264213311 0 0.019703628204455165
leaf_weight=31.224061530083418 27.407210448756814 196.07378989877179 24.038577386178076 22.248982112971134 164.73646885482594 12.173219933407383 141.06397208990529 20.552142578177154 33.104568411130458 14.27852105302736 211.11484078329522 101.25470231194049 10.599613587488419 17.456995057407767
leaf_count=626 915 8850 807 834 8221 316 7585 567 665 269 8213 2462 362 641
internal_value=0.000641321 0.00525413 0.016337 0.0272731 -0.001105 0.000814514 0.00562728 0.00267266 0 0.00357266 -0.00232267 0.00419985 0.0255803 0.000914084
internal_weight=1027.33 287.226 73.6948 46.2876 740.102 575.366 231.772 208.999 188.447 155.342 343.594 132.479 22.7728 213.531
internal_count=41333 12047 2556 1641 29286 21065 9764 9086 8519 7854 11301 3088 678 9491
is_linear=0
shrinkage=0.05


Tree=238
num_leaves=15
num_cat=0
split_feature=157 25 138 157 23 25 156 159 156 0 25 0 136 136
split_gain=3.23628 4.37989 5.1484 3.95904 3.15092 5.73493 4.45999 7.17404 3.21681 3.07872 4.84966 3.30764 2.90714 4.32542
threshold=737.04501300000015 0.43289999663829809 47.119990337291235 550.64285805194811 40997.000000000007 0.18044999986886981 0.33095119047619054 27145.499940000005 0.9828038043478261 5154.1999511718759 0.34099999070167547 8787.2001953125018 1151.5000000000002 1782.0070000000003
decision_type=2 2 2 2 2 2 2 2 2 2 2 2 2 2
left_child=3 4 -3 9 6 -6 7 -2 -7 -1 -11 -12 -8 -14
right_child=1 2 -4 -5 5 8 12 -9 -10 10 11 -13 13 -15
leaf_value=-0.0015134874272907646 0.011443336258153062 0.011945690154773432 -0.013192391594024506 -0.013750941080757884 -0.018347728388868206 0.020900374681243238 0.037984720068031226 -0.019673679775295379 -0.0041639961080878847 -0.0098593405250654246 0.018966114216816661 -0.0018568611152519178 -0.0045635301482597505 0.022329641754203319
leaf_weight=567.62304093351122 74.132994583807886 24.664283659309149 54.547789417672902 52.171873475192115 23.447838455205783 23.490421429276466 18.702811141498387 18.607900747796521 15.751326452242209 23.338184615597129 61.548219884396531 19.771763583295979 18.907217290950939 30.443356069386937
leaf_count=22062 2488 882 2750 2172 1442 831 647 1068 499 1145 2673 556 672 1446
internal_value=0.000642927 0.00497131 -0.00452687 -0.00111872 0.0085821 -0.000190593 0.0122065 0.00400131 0.010376 0 0.00763069 0.0135098 0.0216647 0.0116344
internal_weight=1027.15 302.696 79.2121 724.453 223.484 62.6896 160.794 92.7409 39.2417 672.281 104.658 81.32 68.0534 49.3506
internal_count=41333 12725 3632 28608 9093 2772 6321 3556 1330 26436 4374 3229 2765 2118
is_linear=0
shrinkage=0.05


Tree=239
num_leaves=15
num_cat=0
split_feature=136 136 25 25 165 25 155 155 157 20 35 35 31 0
split_gain=2.9604 4.61362 6.2278 8.60787 3.19266 3.43283 3.89227 4.7402 3.18423 3.16974 4.55527 2.94927 2.92139 6.97109
threshold=929.56807000000015 1249.1570500000003 0.38849999010562902 0.4314000010490418 1.0357230305671694 0.41099999845027929 22.668768803812842 12.085200546742778 1433.2701750000001 1.0000000180025095e-35 28781.799804687504 23234.000000000004 13.000000000000002 1044.3000488281252
decision_type=2 2 2 2 2 2 2 2 2 2 2 2 2 2
left_child=12 2 -2 11 5 6 7 9 -7 10 -3 -4 -1 -14
right_child=1 4 3 -5 -6 8 -8 -9 -10 -11 -12 -13 13 -15
leaf_value=-0.0034057923821764081 -0.0021201152563480826 0.0073644588900284667 0.01311972407881405 0 0.018677310128797944 0.0002672404330060231 -0.015500449994720554 0.025638491102569102 -0.019789166461292723 0.015520357193819926 -0.016270115331745133 0.059340555289754376 0.025965680408217021 2.3637749983441538e-05
leaf_weight=474.22231149720028 27.502164944540709 35.190337071777321 13.372597653418781 22.158464770531282 17.68664778326638 30.492282982217148 16.934913820819929 21.965571464970708 33.84846523613669 23.694583778036758 34.044409329886548 11.91463503288105 24.582733368035406 240.06366732221795
leaf_count=18628 915 1255 408 834 641 1279 814 1092 1743 974 1693 399 602 10056
internal_value=0.000606945 0.00488412 0.0151739 0.0253982 0.000785263 -0.00100345 0.00334305 0.00706811 -0.0102291 0.00108316 -0.00389679 0.0427496 -0.00101927 0.00305559
internal_weight=1027.67 288.805 74.9479 47.4457 213.857 196.171 131.83 114.895 64.3407 92.9293 69.2347 25.2872 738.869 264.646
internal_count=41333 12047 2556 1641 9491 8850 5828 5014 3022 3922 2948 807 29286 10658
is_linear=0
shrinkage=0.05


Tree=240
num_leaves=15
num_cat=0
split_feature=10 31 0 66 43 0 23 158 20 158 70 82 158 35
split_gain=4.10235 3.1729 4.99102 3.6793 3.02954 4.14781 2.96396 3.3079 2.91895 2.65752 2.60576 2.4621 10.3001 5.53257
threshold=1.0000000180025095e-35 11.500000000000002 1751.7000122070315 -3.3749181611983459 0.94967413052481719 3359.900024414063 70001.000000000015 -1.6601801976491222 1.0000000180025095e-35 2.8300644680759226 23301.500000000004 1.0000000180025095e-35 1.7119373945017464 20832.200195312504
decision_type=2 2 2 2 2 2 2 2 2 2 2 2 2 2
left_child=1 2 3 -1 5 -3 7 -7 -4 -2 -8 -6 -13 -14
right_child=9 4 8 -5 11 6 10 -9 -10 -11 -12 12 13 -15
leaf_value=0.022195963453519825 0.013950564992454945 -0.018207882248461725 -0.012905625350974316 -0.0026506418123338981 0.0041096625468821603 0.022517599273898303 -0.016434418816448314 -0.0040465159061621511 0.00063707874354851162 -0.0025090252918882503 0.0065408090341351217 -0.024513822683629005 0.022365623921279987 -0.0029275815222983845
leaf_weight=19.16925309447106 77.354068536311388 40.694113193429075 145.06875601806678 29.064212467172183 449.86064559500664 19.777498080162331 26.649679322959855 14.830220463103613 44.22663114243187 26.307980906683952 12.892474219435824 35.98612033133395 27.273495985195041 54.919933757279068
leaf_count=629 2538 2002 5986 908 19893 886 915 695 1692 769 608 1295 648 1763
internal_value=0.000160052 -0.00087056 -0.00581045 0.00744208 0.000804749 -0.00632005 0.00031047 0.0107981 -0.00954922 0.00938997 -0.00792761 0.00237504 -0.00372083 0.00569305
internal_weight=1024.08 920.413 237.529 48.2335 682.884 114.844 74.1499 34.6077 189.295 103.662 39.5422 568.04 118.18 82.1934
internal_count=41227 37920 9215 1537 28705 5106 3104 1581 7678 3307 1523 23599 3706 2411
is_linear=0
shrinkage=0.05


Tree=241
num_leaves=15
num_cat=0
split_feature=5 31 146 69 155 153 155 42 155 82 28 121 153 137
split_gain=4.2161 2.88623 4.07166 3.78476 3.69093 2.9891 4.19042 2.93537 3.31674 2.83725 7.84761 6.44518 2.63321 2.61322
threshold=1.0000000180025095e-35 11.500000000000002 -5.7258201644569793 3.5000000000000004 30.001647310152492 709.25199355526468 6.6675078375816916 0.9852378250464543 25.253663253250593 1.0000000180025095e-35 0.40025000274181372 -1.0000000180025095e-35 1908.9192052251985 163.70000000000002
decision_type=2 2 2 2 2 2 2 2 2 2 2 2 2 2
left_child=1 2 3 -1 7 6 -4 -3 9 -9 -11 -12 -7 -6
right_child=-2 4 5 -5 13 12 -8 8 -10 10 11 -13 -14 -15
leaf_value=0.019495002701472013 0.0095608869864376809 -0.015589497601543123 -0.0076068160528683709 -0.0057862852543329041 -0.01858964460652086 -0.022430977060050681 0.015918865427136112 0.0032653833932596225 0.019696825798508247 -0.018206820012668729 -0.013853332790183533 0.022037603883376569 0 0.0014165803018510428
leaf_weight=23.236080553848296 102.47897446050774 17.519102326943539 101.62156277243048 23.188397016609088 34.99650399456732 51.258213466149755 17.262124980916269 495.19350539008155 22.619394646724686 53.180462241871282 14.036144335055722 28.394159372895956 20.052186050917953 19.227309969486669
leaf_count=601 3208 1392 3657 736 1723 2311 1269 20746 989 1708 454 914 668 851
internal_value=0.000146489 -0.000892136 -0.00561557 0.00656023 0.000695495 -0.00893563 -0.00328262 0.00186999 0.00257149 0.00167212 -0.00583504 0.00890176 -0.0168721 -0.0111307
internal_weight=1024.26 921.785 236.619 46.4245 685.167 190.194 118.884 630.943 613.424 590.804 95.6108 42.4303 71.3104 54.2238
internal_count=41227 38019 9242 1337 28777 7905 4926 26203 24811 23822 3076 1368 2979 2574
is_linear=0
shrinkage=0.05


Tree=242
num_leaves=15
num_cat=0
split_feature=37 158 94 66 22 45 25 158 22 45 22 70 136 45
split_gain=6.05642 3.1898 5.83786 6.89198 6.33768 8.13902 5.12857 3.7989 2.29669 5.75691 5.1202 4.14748 2.2761 6.41178
threshold=1.0000000180025095e-35 -3.200367679714414 -1.0000000180025095e-35 -3.3749181611983459 13865.600097656252 -4054.3000488281245 0.44859999418258673 -4.0196463577225883 33595.000000000007 -5766.3000488281241 13978.899902343752 8142.0000000000009 1489.2070500000002 -5999.3000488281241
decision_type=2 2 2 2 2 2 2 2 2 2 2 2 2 2
left_child=1 2 -1 4 -4 -6 -5 -7 10 -10 -2 -12 -3 -14
right_child=8 12 3 6 5 7 -8 -9 9 -11 11 -13 13 -15
leaf_value=-0.017245419089756239 -9.0680363895027222e-05 -0.0010469235739633464 -0.0057207026809548735 -0.0094975949670646972 -0.0011257258664157008 0.041695477607530534 0.011438058435016668 0.004432184265297511 0.024305796837926028 -0.013011319196210624 0.039095697335482231 0.0016103191748754139 0.010364105372969237 -0.012799545441520274
leaf_weight=22.477289201226085 21.431948074139655 545.26817260764074 18.468412969494238 68.803304058150388 19.66560150985606 36.276663568569347 42.823417547857389 13.570330482325515 11.546350540826095 22.2728964057751 23.112458225339651 14.575518030440433 31.729127371334471 132.46207662706729
leaf_count=1098 520 21348 550 2591 1084 1331 1942 692 334 776 482 681 1101 6697
internal_value=0.00013033 -0.00105851 0.00402286 0.00702509 0.0171146 0.0238294 -0.000891278 0.0337914 0.0120025 0 0.0175952 0.0276565 -0.00273616 -0.00785376
internal_weight=1024.48 931.544 222.085 199.608 87.981 69.5126 111.627 49.847 92.9392 33.8192 59.1199 37.688 709.459 164.191
internal_count=41227 38434 9288 8190 3657 3107 4533 2023 2793 1110 1683 1163 29146 7798
is_linear=0
shrinkage=0.05


Tree=243
num_leaves=15
num_cat=0
split_feature=138 87 6 142 156 45 67 45 71 71 148 148 35 142
split_gain=3.17917 2.90027 2.62415 2.41241 2.22618 3.19396 5.49081 4.12894 2.33077 6.46021 2.71524 3.83708 2.50146 2.21216
threshold=672.80355152162099 121000.00000000001 1.0000000180025095e-35 6.5000000000000009 -10.2009200920092 -7158.1000976562491 0.033323652705701548 -6471.6000976562491 62.543463381245729 53.627652292950039 21660.300000000007 40971.302100000008 30489.200195312504 4.5000000000000009
decision_type=2 2 2 2 2 2 2 2 2 2 2 2 2 2
left_child=1 2 4 -2 -1 6 -6 -7 9 13 -10 -12 -11 -9
right_child=3 -3 -4 -5 5 7 -8 8 10 12 11 -13 -14 -15
leaf_value=-0.015370971867437688 -0.014347935540187673 0.022281002202005171 0.011592030828890272 0.0022236148020604207 0.030425912921292902 -0.023217994039701959 -0.00072608150228947342 -0.00097950739050245905 -0.003998001720948708 -0.02203428017129257 0.034154574077376168 0.0001740798793473168 0 0.0050676760517051923
leaf_weight=18.05221945559606 57.477193533326499 10.914331620791925 46.339835544349626 24.764581304276362 18.469404977746308 14.271911028074099 27.679962354130112 495.31447484670207 15.636417716508729 40.69443938031327 13.610261684865689 20.690860923728906 12.798086252820211 207.51229593600146
leaf_count=449 2313 372 1407 1781 791 757 1031 12422 602 2828 778 3348 1318 11030
internal_value=0.000133291 0.00102158 0.000601273 -0.00894335 0 0.000369443 0.0125192 -0.000325021 0.000159186 -0.000497101 0.0101496 0.0175592 -0.0165035 0.000758493
internal_weight=1024.23 941.985 931.07 82.2418 884.73 866.678 46.1494 820.529 806.257 756.319 49.9375 34.3011 53.4925 702.827
internal_count=41227 37133 36761 4094 35354 34905 1822 33083 32326 27598 4728 4126 4146 23452
is_linear=0
shrinkage=0.05


Tree=244
num_leaves=15
num_cat=0
split_feature=37 158 93 66 35 0 141 25 35 35 23 22 0 158
split_gain=5.30409 2.88662 5.37119 6.0886 6.68797 6.80971 5.16317 4.67746 3.57498 3.24749 2.86893 4.95541 5.17525 2.68227
threshold=1.0000000180025095e-35 -3.200367679714414 -1.0000000180025095e-35 -3.3749181611983459 13801.000000000002 4070.400024414063 1822.6000000000001 0.44859999418258673 9186.3999023437518 35870.000000000007 13978.899902343752 31503.000000000004 5594.7001953125009 -1.9259587425524753
decision_type=2 2 2 2 2 2 2 2 2 2 2 2 2 2
left_child=1 2 -1 4 8 6 -6 9 -4 -5 -2 13 -13 -12
right_child=10 -3 3 7 5 -7 -8 -9 -10 -11 11 12 -14 -15
leaf_value=-0.016717520715641688 -0.0022393462128873203 -0.0025908530731769261 0.010900524255191538 -0.01542453623092491 0.040630618858510693 -0.0042254983718139072 0 0.010892602343250506 -0.01914773087593323 0.0063827279872856859 0.0049475958582796114 -0.011264191474781485 0.02317236948686385 0.038470604876919251
leaf_weight=22.091013044118881 22.535832196939737 707.3901508464478 15.591886430978777 50.666813136660494 37.73445027123671 11.879460194264537 10.984125345945357 43.213894105050713 13.13086734083481 17.510615269362461 14.96978181612212 23.492780691711232 12.410480930237098 20.663080204976723
leaf_count=1098 545 29146 594 1846 1647 712 306 1942 398 745 511 819 361 557
internal_value=0.000130337 -0.000986702 0.003832 0.00668816 0.0160687 0.0249751 0.0327567 -0.000771371 -0.00215589 -0.0090869 0.0111728 0.0159215 0.00079441 0.0279596
internal_weight=1024.27 930.193 222.803 200.712 89.3208 60.598 48.7186 111.391 28.7228 68.1774 94.072 71.5361 35.9033 35.6329
internal_count=41227 38434 9288 8190 3657 2665 1953 4533 992 2591 2793 2248 1180 1068
is_linear=0
shrinkage=0.05


Tree=245
num_leaves=15
num_cat=0
split_feature=35 31 25 146 135 0 137 4 137 137 0 14 159 146
split_gain=3.97629 4.97553 15.9952 12.2049 6.50535 4.82976 4.64082 4.57197 4.88368 4.09827 3.78847 3.62003 3.44087 3.75689
threshold=15978.800292968752 19.000000000000004 0.40534999966621404 -0.86816468668165381 738.62500958333351 7508.3002929687509 70.90000000000002 1.0000000180025095e-35 682.90000000000009 206.57500000000002 2049.700073242188 1.0000000180025095e-35 79999.500000000015 -3.2414820802962643
decision_type=2 2 2 2 2 2 2 2 2 2 2 2 2 2
left_child=5 4 3 11 6 12 10 8 9 -6 -2 -3 13 -1
right_child=1 2 -4 -5 7 -7 -8 -9 -10 -11 -12 -13 -14 -15
leaf_value=0.0040315526304785477 0.0062270064723296227 -0.010003852332704751 0.040738029460981463 0.033360214240329471 -0.00058576980603129811 -0.017365087235109294 -0.023356568675332159 -0.016922218803804533 0 0.028918730248337018 -0.0088691277135505425 0.013062516575494332 -0.012053273478927052 0.015956107802092015
leaf_weight=312.91571489116177 45.129529109341092 114.22004737798125 22.157761950977147 17.037614753935486 12.592062675626947 17.910775987431407 44.767882372951135 17.556639928137884 92.072972739464603 30.083063755882904 187.45541436143685 13.700595353031529 18.988823732826859 88.958468132419512
leaf_count=8458 2045 4926 409 634 650 708 1723 861 4433 1420 9633 588 1024 3994
internal_value=0.000989396 -0.0016026 0.00547974 -0.000754899 -0.00450366 0.00460576 -0.00905662 0.00349392 0.00702206 0.0200157 -0.0056601 -0.00675879 0.00585109 0.00695769
internal_weight=1035.55 596.774 167.116 144.958 429.658 438.774 277.353 152.305 134.748 42.6751 232.585 127.921 420.863 401.874
internal_count=41506 27322 6557 6148 20765 14184 13401 7364 6503 2070 11678 5514 13476 12452
is_linear=0
shrinkage=0.05


Tree=246
num_leaves=15
num_cat=0
split_feature=35 155 0 88 156 146 153 146 0 141 0 125 71 71
split_gain=3.52926 4.46499 6.78569 5.24112 4.96124 4.52536 4.40538 4.01913 3.68817 6.00069 7.45135 3.0722 2.97432 2.93674
threshold=15978.800292968752 14.662756691971477 7508.3002929687509 16100.000000000002 0.71337618582589302 -3.7431212635309197 2352.7327796635914 -4.5468601389992438 4497.5000000000009 10200.800000000001 5825.3000488281259 107.10000250000002 35.629021218343603 64.042436687200563
decision_type=2 2 2 2 2 2 2 2 2 2 2 2 2 2
left_child=1 2 3 4 5 7 11 -1 13 10 -10 -3 -6 -2
right_child=8 6 -4 -5 12 -7 -8 -9 9 -11 -12 -13 -14 -15
leaf_value=0.024049836542044505 -0.0046206509988139521 -0.010756106530625531 -0.018555199315543745 0.0033249043511842458 -0.010002679578374441 0.050065225387223793 0.015728265670966936 -0.0054816496828787517 0.010573418777887762 0.018859924027237806 -0.015584323857656908 0.0096427481367198746 0.012142119938259404 0.016442676640120588
leaf_weight=26.781025865580883 438.03041842509992 97.338459940743633 17.249763923930004 166.53168008755893 13.516645016148685 15.04180146451108 19.772543693194166 11.915940259117635 51.133138913777657 47.686581084970385 46.966812679427676 15.888335061958058 56.64556363155134 11.437856358243151
leaf_count=681 18816 4023 681 4096 298 689 561 323 2266 2154 2177 545 2287 1909
internal_value=0.000947766 0.00434403 0.00766198 0.00967603 0.0173644 0.0285161 -0.00296895 0.0142253 -0.00149851 0.00515508 -0.00161347 -0.00718401 0.00682912 -0.00379962
internal_weight=1035.94 440.682 307.682 290.433 123.901 53.7388 132.999 38.697 595.255 145.787 98.1 113.227 70.1622 449.468
internal_count=41506 14184 9055 8374 4278 1693 5129 1004 27322 6597 4443 4568 2585 20725
is_linear=0
shrinkage=0.05


Tree=247
num_leaves=15
num_cat=0
split_feature=158 70 159 153 155 70 156 159 155 46 20 45 22 138
split_gain=3.99996 5.31739 6.45361 3.61872 4.25675 5.55207 3.44532 3.37343 3.33914 4.28601 3.25251 4.94825 4.53694 5.34438
threshold=9.8065443405826773 17182.500000000004 67999.500000000015 1887.9646845254149 21.788961991303093 7960.5000000000009 0.23156947368421055 47999.500000000007 25.253663253250593 -3.4448715673324837 1.5000000000000002 -4649.7001953124991 15980.500000000002 1441.8929280034101
decision_type=2 2 2 2 2 2 2 2 2 2 2 2 2 2
left_child=3 2 8 10 5 -5 -6 -3 9 -2 12 -12 -1 -14
right_child=1 7 -4 4 6 -7 -8 -9 -10 -11 11 -13 13 -15
leaf_value=0.0082144421777759196 0.0031407869700781745 0.029104888852186501 0.0094310391570480052 0.046271871046078814 0.016162911376755365 0.0038714588326264165 -0.012103673207216996 -0.0026630211679957629 0 -0.026520642370490601 0.014023342993409574 -0.01201305216270164 -0.0012367983893316079 0.026679447648139759
leaf_weight=227.63069390365854 10.123384154867379 10.369241630425678 24.588864241028205 11.99967275559902 13.951915833516976 21.492985440883785 19.99891513818875 11.2817695842823 25.337158396840096 62.482989124488086 16.825897834612988 85.442991041578352 481.85331199551001 12.742020038538611
leaf_count=7120 259 332 874 319 488 948 940 505 668 1608 622 3350 22626 847
internal_value=0.00092523 -0.00657815 -0.0108624 0.00222382 0.0130158 0.0243988 0 0.0132813 -0.0166535 -0.0218048 0.00120762 -0.00680928 0.0024506 -0.000157712
internal_weight=1036.12 144.183 122.532 891.938 67.4435 33.4927 33.9508 21.651 97.9435 72.6064 824.495 102.269 722.226 494.595
internal_count=41506 4246 3409 37260 2695 1267 1428 837 2535 1867 34565 3972 30593 23473
is_linear=0
shrinkage=0.05


Tree=248
num_leaves=15
num_cat=0
split_feature=158 70 159 155 46 159 43 68 70 155 69 20 0 20
split_gain=3.61629 4.8928 5.98775 3.11709 4.07652 3.0962 2.64825 2.61615 4.80476 3.82465 3.18587 2.94181 3.84655 2.92335
threshold=9.8065443405826773 17182.500000000004 67999.500000000015 25.253663253250593 -3.4448715673324837 47999.500000000007 1.1304376182707379 45900.000000000007 7746.5000000000009 8.9454924880109221 2.5000000000000004 1.5000000000000002 4656.7001953125009 8.5000000000000018
decision_type=2 2 2 2 2 2 2 2 2 2 2 2 2 2
left_child=6 2 3 4 -2 -3 7 10 -9 -10 -1 -12 13 -13
right_child=1 5 -4 -5 -6 -7 -8 8 9 -11 11 12 -14 -15
leaf_value=-0.020775014055414057 0.0030301561080896934 0.027626745666576431 0.0089760376662279869 0 -0.025842079665503493 -0.0025751707857020901 -0.013048363751931712 0.035156433734599174 0.021234516795918649 0 0.0031835690374730375 -0.018142794064872559 0.013398856746561008 0
leaf_weight=10.532525921589693 10.150194518966599 10.638296823250132 24.791658812901005 25.337158396840096 61.084765020990744 11.254583340138195 21.885529410792515 11.412902874872087 22.80422920268029 96.292882132111117 637.89066108386032 46.621543915243819 14.352015678072346 31.355504912789911
leaf_count=389 259 332 874 668 1608 505 1628 307 874 6154 24481 1913 511 1003
internal_value=0.000906781 -0.00624893 -0.0104193 -0.0160874 -0.0211433 0.0126493 0.00213859 0.00264942 0.0091113 0.0048966 0.00139042 0.00191725 -0.00603199 -0.0108028
internal_weight=1036.4 143.257 121.364 96.5721 71.235 21.8929 893.148 871.262 130.51 119.097 740.752 730.22 92.3291 77.977
internal_count=41506 4246 3409 2535 1867 837 37260 35632 7335 7028 28297 27908 3427 2916
is_linear=0
shrinkage=0.05


Tree=249
num_leaves=15
num_cat=0
split_feature=158 155 46 141 153 68 153 155 156 20 0 23 31 155
split_gain=3.25171 4.07638 4.72948 4.04391 3.29124 3.19667 3.16801 3.84223 3.18016 2.66118 4.29722 3.21883 5.79174 7.49368
threshold=9.8065443405826773 25.253663253250593 -3.4448715673324837 1822.6000000000001 987.58477777094765 69020.000000000015 1887.9646845254149 21.788961991303093 0.23156947368421055 1.5000000000000002 4656.7001953125009 18314.000000000004 17.000000000000004 -2.4909072893555235
decision_type=2 2 2 2 2 2 2 2 2 2 2 2 2 2
left_child=6 2 -2 -3 -4 -6 9 -8 -9 11 -11 -1 -13 -14
right_child=1 3 4 -5 5 -7 7 8 -10 10 -12 12 13 -15
leaf_value=0.0063686516435565964 0.010750728774962833 0.021829719467069866 0 -0.0052957414350032527 -0.02808261268560594 0 0.022744153994259639 0.015121581845067178 -0.011947937455350902 -0.011202198135329964 0.012927780999775566 -0.0057123859044416513 -0.0076329587678775112 0.011987694777107788
leaf_weight=279.05059967772104 13.838543470134026 17.468094784300774 23.425707751885056 26.915495868539438 45.409147106576711 15.317718573147429 34.219992428668775 14.222759662312454 19.902359454194084 83.764000024180859 17.123144083190709 238.23564011167036 65.250302117085084 142.77653296862263
leaf_count=9187 403 360 680 1081 1177 545 1267 488 940 3352 620 13508 2219 5679
internal_value=0.000870651 -0.00593399 -0.0116124 0.00549689 -0.0162475 -0.021983 0.00203622 0.0120686 0 0.00107856 -0.00621746 0.00219748 -0.000341649 0.005564
internal_weight=1036.92 142.375 97.9911 44.3836 84.1526 60.7269 894.545 68.3451 34.1251 826.2 100.887 725.313 446.262 208.027
internal_count=41506 4246 2805 1441 2402 1722 37260 2695 1428 34565 3972 30593 21406 7898
is_linear=0
shrinkage=0.05


Tree=250
num_leaves=15
num_cat=0
split_feature=70 23 68 68 158 159 23 158 124 26 86 126 126 148
split_gain=5.55447 2.87322 4.75099 6.10587 7.2822 4.24501 3.90404 4.56432 3.76083 3.70679 4.61656 3.31935 5.60222 4.89354
threshold=21810.000000000004 22257.500000000004 33980.000000000007 52030.000000000007 7.0030463048360936 77431.799995000023 23978.799804687504 -10.996922086667768 1988.2 1.0000000180025095e-35 1.0000000180025095e-35 206.32191845658278 517.27588747655921 1.0000000180025095e-35
decision_type=2 2 2 2 2 2 2 2 2 2 2 2 2 2
left_child=1 2 8 4 -4 6 -3 -8 -1 10 11 13 -13 -9
right_child=-2 5 3 -5 -6 -7 7 9 -10 -11 -12 12 -14 -15
leaf_value=-0.0013035928234277822 -0.012499899339238557 -0.017827680320409305 0.031980461030910054 -0.0023818355460585566 0 -0.019397059229255713 -0.021936601483120308 0.013735862189015364 0.019570404562108221 -0.016021747113270958 -0.015880066490814214 -0.024175993081999823 0.0065919745921428925 0.00078375770865503163
leaf_weight=327.56821857905015 89.117977712827269 27.166828493238427 43.298342615482397 42.786543768132105 30.364488322753459 29.656411239295267 16.960940836928785 127.56373582198285 18.072855864651501 22.630410500452854 24.676400547963567 20.833457320462912 27.101010187179781 183.47109934675973
leaf_count=9757 7624 1189 1641 1662 850 1526 278 3485 707 947 1885 968 1664 7288
internal_value=-0.000908653 0.000195171 0.00304137 0.0115487 0.0199129 -0.00244452 -0.00101779 0.00014 0 0.0014387 0.00279017 0.00441151 -0.00685641 0.00638725
internal_weight=1031.27 942.151 462.09 116.449 73.6628 480.06 450.404 423.237 345.641 406.276 383.646 358.969 47.9345 311.035
internal_count=41471 33847 14617 4153 2491 19230 17704 16515 10464 16237 15290 13405 2632 10773
is_linear=0
shrinkage=0.05


Tree=251
num_leaves=15
num_cat=0
split_feature=70 81 141 141 28 35 35 28 137 136 28 35 35 47
split_gain=5.08444 2.70412 2.45815 5.21097 4.00013 3.09522 5.20148 4.88035 7.41107 4.12342 3.98081 3.87038 4.80629 4.60179
threshold=21810.000000000004 1.0000000180025095e-35 13295.477070000003 10320.214000000002 0.41099999845027929 28001.000000000004 23978.799804687504 0.34099999070167547 311.70001000000008 1696.9000000000003 0.41674999892711645 21567.500000000004 19975.000000000004 0.030940902572632083
decision_type=2 2 2 2 2 2 2 2 2 2 2 2 2 2
left_child=2 -2 3 5 -4 6 11 8 -8 -7 -9 12 13 -1
right_child=1 -3 4 -5 -6 9 7 10 -10 -11 -12 -13 -14 -15
leaf_value=0.011723342356504548 0 -0.018126118036260758 -0.00047737367321883681 0.017176460053546512 -0.025742098667183123 -0.0018605210388091637 0.038915397059394424 -0.01469771341916886 -0.0042698240535384976 -0.021850368123894653 0.014016621593919549 -0.014309297541794505 0.019325378802995258 -0.0021502655182878551
leaf_weight=66.04886574705597 31.417630822281353 56.66988186724484 63.423756506061181 42.171137243858539 18.035633831750602 214.14525275421329 25.324917798279785 17.104977221228182 10.551513166399671 26.01722517691087 21.349906787159853 37.220250744721852 29.944643780472688 371.27291670604609
leaf_count=2228 2383 5241 4032 2021 1298 8153 639 623 314 1072 803 1501 1163 10000
internal_value=-0.000887131 -0.0120434 0.000160709 0.00101361 -0.00781464 2.14881e-05 0.00206086 0.0139686 0.0260224 -0.00463147 0 8.83631e-05 0.00148044 0
internal_weight=1030.7 88.0875 942.611 861.152 81.4594 818.98 578.818 74.3313 35.8764 240.162 38.4549 504.487 467.266 437.322
internal_count=41471 7624 33847 28517 5330 26496 17271 2379 953 9225 1426 14892 13391 12228
is_linear=0
shrinkage=0.05


Tree=252
num_leaves=15
num_cat=0
split_feature=71 155 35 156 4 34 35 71 71 81 153 20 92 156
split_gain=4.67836 2.73496 5.38981 7.03851 6.79637 4.57972 5.36229 4.57912 6.96676 4.30881 4.0322 3.81429 4.22459 3.7657
threshold=59.712525667351137 14.140279171415761 22340.900390625004 0.29399000000000003 1.0000000180025095e-35 1.0000000180025095e-35 20403.000000000004 33.125256673511295 21.041752224503771 1.0000000180025095e-35 1431.9598563586421 1.0000000180025095e-35 -1.0000000180025095e-35 -4.0003000300029994
decision_type=2 2 2 2 2 2 2 2 2 2 2 2 2 2
left_child=1 5 3 -3 9 11 -7 8 -4 -5 -11 12 -1 -13
right_child=-2 2 7 4 -6 6 -8 -9 -10 10 -12 13 -14 -15
leaf_value=0.0095716236092432874 -0.011616399003904539 -0.0021758842623986869 0.012524380445834782 0.033701749649822844 -0.011412942065570447 -0.0038281559997905032 0.032859995740003901 0.0090425966081285614 -0.022990196196817615 -0.00040496603221853219 0.026972981688805509 -0.010097624308715213 -0.0059014960398050403 0.0086937590312393623
leaf_weight=41.83449415746145 87.125488848774694 66.899673251900822 13.66990203107707 43.605374107835814 12.120119288563727 13.458588455803694 15.514690731419249 29.487067525042221 43.140854700468481 32.027507722610608 14.535098242340608 27.583802096080035 473.30987479968462 115.66779978119303
leaf_count=1505 7624 2305 329 1049 417 303 385 1973 1747 1572 477 981 16513 4291
internal_value=-0.000854172 0.000143603 0.00455721 0.0097491 0.0177524 -0.00144572 0.0162908 -0.00505035 -0.0133138 0.0225917 0.00895853 -0.0024185 -0.00446888 0.0045196
internal_weight=1029.98 942.855 255.486 169.188 102.288 687.369 28.9733 86.2978 56.8108 90.168 46.5626 658.396 515.144 143.252
internal_count=41471 33847 9869 5820 3515 23978 688 4049 2076 3098 2049 23290 18018 5272
is_linear=0
shrinkage=0.05


Tree=253
num_leaves=15
num_cat=0
split_feature=70 81 23 23 155 163 159 160 159 158 70 67 146 43
split_gain=4.30642 2.56371 2.97882 3.67827 2.47462 4.84774 4.01432 4.31546 4.31836 3.95057 4.87878 4.74381 7.21579 3.07081
threshold=21810.000000000004 1.0000000180025095e-35 45797.000000000007 77978.699218750015 14.140279171415761 1.4749373433583963 48999.500000000007 1.0000000180025095e-35 43595.899830000009 6.2348674283563623 7685.5000000000009 0.033323652705701548 -7.5107035902164734 0.98526532108432574
decision_type=2 2 2 2 2 2 2 2 2 2 2 2 2 2
left_child=4 -2 -3 -4 6 9 7 8 -1 11 -11 -6 -13 -7
right_child=1 2 3 -5 5 13 -8 -9 -10 10 -12 12 -14 -15
leaf_value=-0.00016707519568404463 0 -0.028868701843177375 0.012855554124039065 -0.017146316311547994 0.0021728926894607182 0.014451167331439418 -0.015295511977842943 -0.021850815563255049 0.024861963051284654 0.022294227943625976 -0.0066890951794506175 0 0.035823941801590299 -0.0096449114022520675
leaf_weight=613.02083692490123 31.088303963188082 24.781256826303434 12.209658569307068 18.108558374340646 49.697316774982028 10.084938359563237 43.222343037021346 17.402045001043007 12.646929109352639 13.812556737568228 58.617546417517588 17.627598892664537 37.214926628163084 69.304524158709683
leaf_count=20232 2383 3273 1027 941 2200 500 1818 1438 490 226 1888 535 1442 3078
internal_value=-0.000799766 -0.0111839 -0.017217 -0.00353888 0.000150906 0.0043412 -0.0013621 -0.000237662 0.000452665 0.00897554 0 0.0149663 0.0245738 -0.00531661
internal_weight=1028.84 86.1878 55.0995 30.3182 942.652 256.359 686.292 643.07 625.668 176.97 72.4301 104.54 54.8425 79.3895
internal_count=41471 7624 5241 1968 33847 9869 23978 22160 20722 6291 2114 4177 1977 3578
is_linear=0
shrinkage=0.05


Tree=254
num_leaves=15
num_cat=0
split_feature=70 161 22 22 22 70 22 35 158 22 45 153 22 137
split_gain=3.99435 2.41375 2.90094 3.54277 2.37132 4.56843 4.0787 4.95478 3.97702 3.45613 4.56577 3.38594 5.74204 3.71465
threshold=21810.000000000004 1.0000000180025095e-35 45915.900390625007 77978.699218750015 27998.100585937504 20622.500000000004 25803.000000000004 25998.200195312504 -10.996922086667768 22136.200195312504 -2755.500122070312 1400.7073317391885 17223.700195312504 17.269000500000001
decision_type=2 2 2 2 2 2 2 2 2 2 2 2 2 2
left_child=4 -2 -3 -4 5 6 9 -8 -6 11 -11 -1 -13 -14
right_child=1 2 3 -5 8 -7 7 -9 -10 10 -12 12 13 -15
leaf_value=-0.00045844446235535492 0 -0.02838021269355942 0.012714070999335039 -0.016778572224000941 -0.025058044329628177 0.029107419519778882 0.039132465081294247 0.0026245435184299526 -0.0014969276859620399 0.0084483543377510857 -0.01839588156658983 0.0002858413074950012 0 0.039743854989971988
leaf_weight=359.11349869589321 31.088303963188082 24.145975346735213 12.246874812059106 17.889895181870088 14.459212647518141 10.589104505255817 10.263448694488032 34.979494987055659 361.47500773856882 16.505940027534962 46.234220730955712 61.698882766067982 11.32583676534705 16.022317342227325
leaf_count=11210 2383 3266 1026 949 339 900 330 1027 15237 625 1775 1585 367 452
internal_value=-0.000761154 -0.0108116 -0.0167325 -0.00326671 0.000148525 0.00223347 0.00137788 0.0149717 -0.0028514 0 -0.0104932 0.00161482 0.0100875 0.0271927
internal_weight=1028.04 85.371 54.2827 30.1368 942.667 566.733 556.144 45.2429 375.934 510.901 62.7402 448.161 89.047 27.3482
internal_count=41471 7624 5241 1975 33847 18271 17371 1357 15576 16014 2400 13614 2404 819
is_linear=0
shrinkage=0.05


Tree=255
num_leaves=15
num_cat=0
split_feature=161 70 153 76 155 159 22 25 25 136 137 70 158 156
split_gain=2.89153 7.25041 5.72604 5.55394 4.80569 4.37721 3.69287 4.02518 8.41109 4.15728 5.2739 3.82041 6.82232 3.64196
threshold=1.0000000180025095e-35 13378.500000000002 1119.9675848835534 1.2500000000000002 12.50026004601632 63999.500000000007 9485.2001953125018 0.40534999966621404 0.41265000402927404 2400.0071000000003 382.70001000000008 7960.5000000000009 3.228175448753515 0.92641681985294133
decision_type=2 2 2 2 2 2 2 2 2 2 2 2 2 2
left_child=1 6 4 -4 13 -5 -1 9 -9 10 -8 12 -10 -2
right_child=2 -3 3 5 -6 -7 7 8 11 -11 -12 -13 -14 -15
leaf_value=-0.012201709202490191 0.011771947068673712 0.016794435034042071 -0.013773948764590111 0.016285234886745339 -0.018838775564187265 -0.0028070823784125502 0.00085601936965538829 0.04005508221462762 0.0033040410574558185 0.012162978658571976 -0.012884423298318124 -0.011227906030060257 0.034979135752345077 -0.0073886160433337122
leaf_weight=41.505036353133619 29.597906059701927 81.411824267357588 26.173701140098274 76.854124690406024 65.383189447573386 39.080648158909753 249.510252485401 13.927143939770756 156.66344442148693 48.781873215222731 88.841101659461856 26.626604839228094 15.193391467444597 77.870124739944004
leaf_count=975 1776 4258 1570 3148 4615 1884 7259 203 4973 2140 2973 737 276 4968
internal_value=0.00138062 0.00314827 -0.00250361 0.0046217 -0.008608 0.00958596 0.00122127 0.00232645 0.00778949 -0.000604578 -0.00274128 0.00435116 0.00729681 -0.00137827
internal_weight=1037.42 722.461 314.96 142.108 172.851 115.935 641.049 599.544 212.411 387.133 338.351 198.483 171.857 107.468
internal_count=41755 23794 17961 6602 11359 5032 19536 18561 6189 12372 10232 5986 5249 6744
is_linear=0
shrinkage=0.05


Tree=256
num_leaves=15
num_cat=0
split_feature=121 83 87 159 124 121 125 68 110 146 138 70 9 137
split_gain=3.3608 7.50267 3.06383 3.117 2.94596 3.0313 2.56045 3.61888 2.66401 3.30223 3.3953 4.59881 3.15445 4.17231
threshold=2.5000000000000004 1.0000000180025095e-35 21100.000000000004 21489.800050000002 1267.3000500000003 5.5000000000000009 526.30000000000007 78100.000000000015 1.0000000180025095e-35 -0.78284155221461205 949.24898407370517 8385.5000000000018 1.0000000180025095e-35 70.794000000000011
decision_type=2 2 2 2 2 2 2 2 2 2 2 2 2 2
left_child=6 2 3 -2 -3 -6 7 8 9 10 12 -12 -1 -14
right_child=1 4 -4 -5 5 -7 -8 -9 -10 -11 11 -13 13 -15
leaf_value=-0.00064183520090640761 -0.020542288111855753 0.03672943418326597 0.006899993100832948 0.0016169708457344145 0.022399054308675712 -0.0042337195245600243 -0.011010419131433941 -0.013132431197696049 0.013855562768735128 -0.0096702561959151438 0.024937992508891685 -0.005629948064142052 0.016913786780087748 -0.0025300241465725042
leaf_weight=538.51406478951685 22.39677700935863 20.137754420982674 75.245866823941469 27.550414890516549 14.177315102424474 15.882853856659493 44.589220191817731 39.141344809206203 36.972462147474289 62.685175282007549 29.327440574765205 13.170632679713888 58.689010867848992 39.755519786616787
leaf_count=17210 1216 649 3207 1714 389 868 1084 2396 2865 5513 1258 876 1149 1361
internal_value=0.00132109 0.00752795 0.0003344 -0.00837458 0.0229073 0.00830406 0 0.000687802 0.00152519 0.000755369 0.00185388 0.0148166 0.000802456 0.00883555
internal_weight=1038.24 175.391 125.193 49.9472 50.1979 30.0602 862.845 818.256 779.114 742.142 679.457 42.4981 636.959 98.4445
internal_count=41755 8043 6137 2930 1906 1257 33712 32628 30232 27367 21854 2134 19720 2510
is_linear=0
shrinkage=0.05


Tree=257
num_leaves=15
num_cat=0
split_feature=103 146 81 103 165 148 41 41 158 158 160 158 158 23
split_gain=2.67245 3.93054 6.54825 2.91557 2.64822 2.54792 2.29747 3.08137 2.31513 3.89034 2.47825 2.81131 4.32659 5.96919
threshold=9089.0005000000019 1.0384880861366919 1.0000000180025095e-35 1083.9000000000003 1.0992171764373782 40969.599600000009 0.063872769248597125 0.006466665304251021 27.759790966629932 22.095541508145882 1.0000000180025095e-35 11.639661065191168 2.7452154866139331 21997.000000000004
decision_type=2 2 2 2 2 2 2 2 2 2 2 2 2 2
left_child=1 3 -3 4 6 -4 7 8 9 10 11 12 -1 -14
right_child=-2 2 5 -5 -6 -7 -8 -9 -10 -11 -12 -13 13 -15
leaf_value=0.0017940823406364563 -0.01812973196829152 0.035335107746980988 0.01181972253546729 -0.013726961134538598 -0.010627664053595196 -0.014309315780109765 0.016800765025075885 -0.014068547918243563 -0.0071506465002506604 0.026288983155918651 -0.0095055714365174619 -0.0087845997574227778 0.02351302624914077 0.0010745249586683915
leaf_weight=601.44556177407503 12.093813780986236 17.56148547725752 14.192676040460357 27.49406127515249 37.469474120996892 13.013948953012003 21.258645816938952 24.926102288998663 55.40107304463163 12.732220651581882 36.000523221795447 41.296006316319108 55.900682703126222 68.48097404895816
leaf_count=19525 2497 1554 1395 1167 1809 2024 531 628 1230 367 2906 1345 1876 2901
internal_value=0.00126012 0.00162357 0.0153974 0.000870476 0.00141217 0 0.00201304 0.0015155 0.00209614 0.00282469 0.00223048 0.00290399 0.00369298 0.0120644
internal_weight=1039.27 1027.17 44.7681 982.405 954.911 27.2066 917.442 896.183 871.257 815.856 803.124 767.123 725.827 124.382
internal_count=41755 39258 4973 34285 33118 3419 31309 30778 30150 28920 28553 25647 24302 4777
is_linear=0
shrinkage=0.05


Tree=258
num_leaves=15
num_cat=0
split_feature=103 146 81 103 43 35 25 35 133 35 153 35 35 155
split_gain=2.51019 3.60144 4.78163 3.3096 2.43308 2.23519 4.01257 7.40064 6.16509 3.62413 4.26002 3.3784 3.362 8.08065
threshold=9089.0005000000019 0.97741563023915867 1.0000000180025095e-35 1083.9000000000003 1.0992171786209401 10903.000000000002 0.40534999966621404 59979.000000000007 3.5000000000000004 26594.500000000004 1321.2552677096107 9998.8002929687518 14339.000000000002 -5.5745107671588423
decision_type=2 2 2 2 2 2 2 2 2 2 2 2 2 2
left_child=1 3 -3 4 5 11 12 9 -9 10 -8 -1 -7 -14
right_child=-2 2 -4 -5 -6 6 7 8 -10 -11 -12 -13 13 -15
leaf_value=0 -0.017715509433055793 0.030527851571571375 0 -0.015768949424253689 -0.010240413814526977 0.0091024425075389281 0.013830964050166528 0.053743917085524999 0.00016379529768577222 -0.0039702370214067754 -0.0041363310871191513 -0.018799581463068666 -0.021625530352074453 0.00089609287150488673
leaf_weight=158.84233335708268 11.880153025093021 19.465942508424632 29.200098658446223 23.835003182291985 37.139742275234312 87.807221798691899 117.63238150952384 10.818416682304816 11.099450361100024 67.903254770557396 37.299559267237782 23.19082411704585 39.296716277487576 365.04431665595621
leaf_count=3959 2497 1601 3544 995 1809 2220 3965 319 497 2812 1011 652 1491 14383
internal_value=0.00119364 0.00154506 0.0142169 0.000795989 0.00134087 0.00191594 0.00317148 0.00834623 0.0335383 0.00496726 0.00919866 -0.00284827 0.000439359 -0.00140798
internal_weight=1040.46 1028.58 48.666 979.909 956.074 918.934 736.901 244.753 21.9179 222.835 154.932 182.033 492.148 404.341
internal_count=41755 39258 5145 34113 33118 31309 26698 8604 816 7788 4976 4611 18094 15874
is_linear=0
shrinkage=0.05


Tree=259
num_leaves=15
num_cat=0
split_feature=121 83 23 88 76 159 160 159 125 136 3 3 3 22
split_gain=2.97668 6.61467 3.99862 2.81335 3.79254 2.67198 2.47739 5.93037 2.95147 2.57579 3.64179 7.94368 4.70058 3.27079
threshold=2.5000000000000004 1.0000000180025095e-35 14333.899902343752 21100.000000000004 3.5000000000000004 45523.399950000006 1.0000000180025095e-35 46605.000000000007 526.30000000000007 2400.0071000000003 7.5000000000000009 16.500000000000004 1.5000000000000002 110382.00000000001
decision_type=2 2 2 2 2 2 2 2 2 2 2 2 2 2
left_child=6 3 -3 4 -2 -4 8 -8 9 10 12 -12 13 -1
right_child=1 2 5 -5 -6 -7 7 -9 -10 -11 11 -13 -14 -15
leaf_value=0.0015312508767176087 -0.017276701191998197 0.043379473861406961 0 0.0064241837914179494 0.0085327765869645435 0.023763666991206439 -0.02564527269248398 0.007179443909334839 -0.01142583513170186 0.0092081017699923613 0.037628744560915486 -0.0046262540668548895 -0.013910304947702835 -0.016091107229637296
leaf_weight=579.08702447870746 34.129947917419486 11.640868823975323 25.830184574122541 75.844283094629645 15.621718906098975 13.899336541537194 24.688384530716576 19.095316381426528 42.643637700006366 87.204737371183001 14.955780204851179 19.056036073248833 55.507389899692498 22.333664685487747
leaf_count=22073 1791 296 1135 3207 1139 475 2174 1600 990 3928 392 556 1419 580
internal_value=0.00112996 0.00694501 0.0211898 0.000147651 -0.00822031 0.00944795 -3.5895e-05 -0.011036 0.000553607 0.0013427 0.000219128 0.0151139 -0.000584839 0.000667119
internal_weight=1041.54 176.966 51.3704 125.596 49.7517 39.7295 864.572 43.7837 820.788 778.145 690.94 34.0118 656.928 601.421
internal_count=41755 8043 1906 6137 2930 1610 33712 3774 29938 28948 25020 948 24072 22653
is_linear=0
shrinkage=0.05


Tree=260
num_leaves=15
num_cat=0
split_feature=0 156 123 163 35 46 125 28 163 156 163 71 71 31
split_gain=5.58531 5.12325 6.69448 5.58376 4.61031 5.77532 5.63824 4.27568 5.11806 3.78917 3.42306 3.39481 3.34623 3.30515
threshold=2018.3000488281252 0.37718021138509122 943.46667500000012 0.94749373433583972 17978.799804687504 -3.4448715673324837 1000.2000000000002 0.43289999663829809 0.57255639097744371 -2.0240024002400236 2.1078947368421059 62.375085557837103 65.208761122518837 29.000000000000004
decision_type=2 2 2 2 2 2 2 2 2 2 2 2 2 2
left_child=1 3 -3 -1 5 -5 -7 13 -9 -6 11 -10 -13 -2
right_child=7 2 -4 4 9 6 -8 8 10 -11 -12 12 -14 -15
leaf_value=-0.02080951984930068 -0.00050373532707888584 0.018301805596805901 -0.013884555524602146 0.025795286051085348 0.001958217078045311 0 0.03153535473825083 0.011965262671798114 -0.015152964733368732 -0.021554294443271678 0.010432057502986619 0.017978905253879709 -0.011517047196694677 0.014428386847312766
leaf_weight=20.296536793466657 407.5501027762657 106.53926270105876 13.330858093337154 31.585200750618242 33.598523114342242 138.65832483477425 10.492977633140979 22.905854232085403 156.19001143827336 23.130163101712242 11.955169050605035 13.588448536233047 13.825785838416776 35.313273897976615
leaf_count=732 17560 4270 618 1057 1351 3696 270 1006 6344 1053 801 668 1103 1012
internal_value=0.000701761 0.00554872 0.0139093 0.00127973 0.00376414 0.0077713 0.00291719 -0.00201178 -0.00767164 -0.00778798 -0.010462 -0.0123281 0.00207879 0.000723076
internal_weight=1038.96 377.632 119.87 257.762 237.465 180.737 149.151 661.329 218.465 56.7287 195.559 183.604 27.4142 442.863
internal_count=41541 13047 4888 8159 7427 5023 3966 28494 9922 2404 8916 8115 1771 18572
is_linear=0
shrinkage=0.05


Tree=261
num_leaves=15
num_cat=0
split_feature=0 35 47 31 35 155 71 163 136 71 35 141 0 0
split_gain=5.18393 6.05855 5.54289 6.59951 8.14582 3.48725 4.05567 3.30284 4.96419 4.45728 2.94794 5.88906 4.61331 3.29145
threshold=2774.3000488281255 40254.201171875007 0.030940902572632083 25.000000000000004 43979.000000000007 10.454782840874966 32.292950034223146 0.78997493734335855 565.64002000000016 64.376454483230674 31998.700195312504 2787.2000000000007 2706.3000488281255 2591.099975585938
decision_type=2 2 2 2 2 2 2 2 2 2 2 2 2 2
left_child=10 7 -3 4 -4 6 -6 8 9 -2 12 -12 13 -1
right_child=1 2 3 -5 5 -7 -8 -9 -10 -11 11 -13 -14 -15
leaf_value=0.0048355477121747488 0.019239208838892047 -0.013874143263355093 0.034863143341892472 0.031549489110102531 -0.0032537652302433253 -0.017926808779015299 0.018306912790995385 -0.011228384021818126 -0.019611387339598302 -0.012072063823966911 0.0057453011137185012 -0.026216592760985466 0.03112816198405792 -0.012277811641395299
leaf_weight=514.24308467860101 33.618635056132916 31.245546504855156 12.284312648000194 19.703239132184535 73.621956620016135 21.45261171949096 24.314203997841105 202.16712883592118 13.716272559948264 10.103122772532513 28.589952095644549 18.873341722297482 11.848934640060177 23.504589202348143
leaf_count=18002 1328 1906 684 421 3122 1472 1554 8340 640 647 994 1119 435 877
internal_value=0.00067568 -0.00334691 0.00338824 0.00760079 0.00262824 -0.00155461 0.00224251 -0.00824828 0.00149931 0.0104813 0.00374121 -0.00729831 0.00484195 0.00388919
internal_weight=1039.29 442.227 182.622 151.376 131.673 119.389 97.9362 259.605 57.438 43.7218 597.06 47.4633 549.597 537.748
internal_count=41541 20114 9159 7253 6832 6148 4676 10955 2615 1975 21427 2113 19314 18879
is_linear=0
shrinkage=0.05


Tree=262
num_leaves=15
num_cat=0
split_feature=0 35 35 163 146 0 135 35 156 43 158 163 163 121
split_gain=4.67048 5.59271 3.7069 3.36951 3.47853 3.68447 4.56342 4.25269 3.2506 4.27632 3.7871 3.54534 3.42659 3.23215
threshold=2774.3000488281255 40254.201171875007 43979.000000000007 0.68496240601503777 -1.9551826935129899 6213.5002441406259 2797.500023333334 72238.101562500015 -2.8000599864673963 0.66663101120962354 -4.3991556307284485 1.4300751879699252 1.714511278195489 3.5000000000000004
decision_type=2 2 2 2 2 2 2 2 2 2 2 2 2 2
left_child=8 -2 -3 -4 -5 7 13 -6 10 -10 -1 -11 -13 -7
right_child=1 2 3 4 5 6 -8 -9 9 11 -12 12 -14 -15
leaf_value=0.01203204904983521 -0.0079258981490124818 0.023360227641219922 0.02306145981859109 -0.010654041684633221 0 -0.01661590335328474 0.021714621219113522 0.036894338163869327 0.023237564253811772 0.0048448759424693042 -0.016580462952497956 -0.022275743784326875 0.0015546863325075159 0.0053450402523268527
leaf_weight=10.209394128061829 257.78719012835063 15.574455971713176 10.341999763157217 59.463766889180988 18.776020178920593 37.612510337145068 10.433432456688022 10.618069909745826 25.437237710808404 481.00738703139359 34.319549055304378 19.907772336155176 28.146900086081587 19.966341833584011
leaf_count=155 10955 916 682 3042 1442 1513 405 475 1047 16700 1452 854 1219 684
internal_value=0.000641025 -0.00318707 0.00326301 0.000476887 -0.00136951 0.00405362 -0.0019102 0.0175782 0.00354237 0.00466243 -0.00845841 0.00346652 -0.00854413 -0.00838301
internal_weight=1039.6 440.574 182.787 167.212 156.87 97.4064 68.0123 29.3941 599.028 554.499 44.5289 529.062 48.0547 57.5789
internal_count=41541 20114 9159 8243 7561 4519 2602 1917 21427 19820 1607 18773 2073 2197
is_linear=0
shrinkage=0.05


Tree=263
num_leaves=15
num_cat=0
split_feature=45 156 125 156 135 28 156 88 46 28 35 4 79 156
split_gain=4.10805 4.37682 5.50496 3.83546 3.83793 3.66961 3.6287 3.21522 3.12594 3.17792 2.82597 2.80339 2.6828 2.72637
threshold=-2019.1000366210935 0.37718021138509122 880.20000000000016 0.23156947368421055 361.595615885965 0.43289999663829809 0.66668859649122814 50005.500000000007 -3.4448715673324837 0.40534999966621404 17800.600585937504 1.0000000180025095e-35 1.0000000180025095e-35 0.70295863466005082
decision_type=2 2 2 2 2 2 2 2 2 2 2 2 2 2
left_child=5 3 12 8 -5 7 -7 -1 10 11 -2 -10 13 -3
right_child=1 2 -4 4 -6 6 -8 -9 9 -11 -12 -13 -14 -15
leaf_value=-0.00090815255836794765 0.023576047303385327 0.025509232899839571 -0.015670252073691018 -0.021133743534065684 0.005295978163008701 -0.012278951178633035 0.0002691234806383024 0.010577937992610788 -0.00027656341263331973 0.008719999232980228 -0.0014751281204952445 -0.021724656622557008 -0.00041885752265736608 0.0054824273643499857
leaf_weight=375.09479815221857 27.393208191730082 59.276397346751764 10.076702860766089 29.831638056435622 15.822969388682393 126.81482918339316 88.554283592326101 66.670555000193417 91.173428399837576 70.007102256175131 10.999948630342258 14.699214863358064 15.592155317543073 37.683585910941474
leaf_count=16069 855 2018 416 1158 618 5275 4644 2495 2887 1722 482 444 865 1593
internal_value=0.000633781 0.00475423 0.01237 0.00080687 -0.0113681 -0.00170725 -0.00700357 0.000812379 0.00382905 0.000550118 0.0159035 -0.00455078 0.0158655 0.0188667
internal_weight=1039.69 382.556 122.629 259.928 45.6546 657.134 215.369 441.765 214.273 175.88 38.3932 105.873 112.552 96.96
internal_count=41541 13058 4892 8166 1776 28483 9919 18564 6390 5053 1337 3331 4476 3611
is_linear=0
shrinkage=0.05


Tree=264
num_leaves=15
num_cat=0
split_feature=0 35 46 31 35 0 155 155 158 155 35 141 3 4
split_gain=3.90306 5.07149 5.04587 5.90348 6.92178 6.02871 3.20649 3.63309 3.33736 3.6176 3.08717 3.58635 2.96153 8.28069
threshold=2774.3000488281255 40254.201171875007 -3.4448715673324837 25.000000000000004 43979.000000000007 7834.5000000000009 10.454782840874966 -1.7826706664662821 8.4272321904663219 5.0532613332717853 71545.699218750015 8608.9003700000012 14.500000000000002 1.5000000000000002
decision_type=2 2 2 2 2 2 2 2 2 2 2 2 2 2
left_child=12 -2 -3 4 -4 -5 7 -6 9 10 -9 -12 13 -1
right_child=1 2 3 5 6 -7 -8 8 -10 -11 11 -13 -14 -15
leaf_value=0.002499125750694625 -0.0074683317312238366 -0.01337546505876246 0.031561867937997375 0.049661464886149143 -0.011202235018981592 0 -0.017316847531592416 -0.015251312595278907 -0.010747660214957116 0.028743163793509524 0.028282062282778072 -0.0017504789971582069 -0.013050317765618305 0.029681590370874894
leaf_weight=556.25783827062696 255.30262687668437 30.803478966583498 12.938890966703182 10.059715252136813 27.870213357964531 10.043218032922594 21.022572225541808 10.287307868245987 11.641410075826569 20.021860926877707 11.609415179118516 16.639072400284931 20.581735637271777 25.198794689262286
leaf_count=20031 10955 1906 684 352 1273 69 1472 616 375 1395 428 589 693 703
internal_value=0.000595975 -0.00291533 0.00320232 0.00719593 0.00245496 0.0296506 -0.00144876 0.00214273 0.00849837 0.0136557 0.00226752 0.0114853 0.00323728 0.00400541
internal_weight=1040.28 438.24 182.937 152.134 132.031 20.1029 119.092 98.0693 70.1991 58.5577 38.5358 28.2485 602.038 581.457
internal_count=41541 20114 9159 7253 6832 421 6148 4676 3403 3028 1633 1017 21427 20734
is_linear=0
shrinkage=0.05


Tree=265
num_leaves=15
num_cat=0
split_feature=23 23 35 158 25 141 158 158 156 71 3 156 146 19
split_gain=4.1597 5.25838 7.11236 5.39018 10.86 4.11206 3.51367 4.49966 3.61307 5.38328 4.28124 3.33131 4.81909 2.7632
threshold=130013.00000000001 25977.000000000004 9998.8002929687518 8.2192343787032573 0.41674999892711645 16901.162160000003 -2.0744382905549101 -7.6854262184029638 0.46813795255930091 35.629021218343603 1.0000000180025095e-35 0.70295863466005082 -2.4279435415890798 1.0000000180025095e-35
decision_type=2 2 2 2 2 2 2 2 2 2 2 2 2 2
left_child=1 2 13 -3 11 -2 7 -4 10 -10 -9 -5 -13 -1
right_child=5 3 6 4 -6 -7 -8 8 9 -11 -12 12 -14 -15
leaf_value=0.010498330748476795 -0.023842391449333727 0.0011186934225208718 0.0030924493942167865 0.016729105032048434 0.042379953432410404 0.0058506064318153859 -0.0029958585850368151 -0.027488291905092645 -0.019110334712783325 0.019208962414593383 -0.00026737322350250009 -0.02284430516331961 0.011386094029353727 -0.0084988515679401948
leaf_weight=98.732383663067594 32.232035570312291 361.15659218194196 28.933168346062303 17.124092816375196 20.822227607248351 11.103789476677774 293.34708120569121 68.37205634615384 13.903455246472733 12.763775810599325 22.801737634465098 17.943596501601863 12.329651227453722 16.584777876269072
leaf_count=2910 613 18270 748 627 734 186 10846 2612 304 1272 665 575 462 494
internal_value=-0.00103939 -0.000283252 -0.00352872 0.00379225 0.0162204 -0.0153816 -0.00647734 -0.0127782 -0.0170491 0 -0.0215683 0.000826431 -0.00784769 0.00711096
internal_weight=1028.15 984.815 555.438 429.376 68.2196 43.3358 440.121 146.774 117.841 26.6672 91.1738 47.3973 30.2732 115.317
internal_count=41318 40519 19851 20668 2398 799 16447 5601 4853 1576 3277 1664 1037 3404
is_linear=0
shrinkage=0.05


end of trees

feature_importances:
price_1097A=184
eir_270L=145
credamount_770A=142
loan_to_income_ratio=140
annuity_780A=136
main_income_to_annuity_ratio=126
person_age_days=123
declared_vs_tax_income_ratio=120
tax_total_income=117
declared_tax_diff_abs=107
disposable_income=104
pmtnum_254L=101
cb_pmt_to_annuity_ratio=94
tax_registry_c_min_amount=90
income_vs_edu_median_ratio=88
disbursedcredamount_1113A=80
income_per_age_year=79
person_age_years=63
tax_registry_c_avg_amount=61
tax_registry_c_amount_std=61
related_income_sum=58
tax_registry_a_total_amount=56
tax_registry_c_max_amount=55
person_gender_male=50
tax_registry_a_min_amount=48
tax_c_avg_per_record=48
cb_pmt_sum_total=47
interestrate_311L=46
person_main_income=45
downpmt_ratio=42
tax_record_count=42
price_to_cred_ratio=41
inittransactionamount_650A=40
tax_registry_a_avg_amount=36
cb_pmt_amount_est_cv=35
cb_pmt_avg=34
tax_registry_a_record_count=34
cb_pmtscount=31
tax_registry_a_max_amount=31
person_education_level=30
related_income_mean=30
clientscnt_887L=29
price_to_loan_ratio=29
person_income_type_govt=26
married_with_spouse=25
tax_registry_a_amount_std=24
homephncnt_628L=23
bankacctype_710L_woe=23
typesuite_864L_woe=23
cb_is_pension=23
tax_registry_c_total_amount=22
applicationscnt_629L=21
clientscnt_100L=21
sellerplacescnt_216L=20
applicationscnt_464L=18
clientscnt_533L=18
person_employment_length_years=18
spouse_count=18
person_is_married=17
person_income_type_private=15
married_with_guaranty=15
typesuite_864L_bad_rate=14
tax_c_to_a_ratio=14
disburse_ratio=13
cb_query_count=13
posfstqpd30lastmonth_3976962P=12
related_role_type_count=12
bankacctype_710L_bad_rate=11
person_is_single=11
person_has_industry=10
clientscnt_157L=9
cb_is_deduction=9
edu_income_median=9
related_income_max=8
young_but_experienced=8
downpmt_116A=7
is_interestrate_311L_missing=7
tax_registry_c_record_count=7
applicationscnt_867L=6
cb_query_high=6
triple_risk_flag=6
numactiverelcontr_750L=5
posfpd30lastmonth_3976960P=5
person_age_lt30=5
tax_registry_c_employer_nunique=5
credtype_322L_woe=4
applicationscnt_1086L=3
clientscnt_1022L=3
credtype_322L_bad_rate=3
person_employed_over_5y=3
tax_registry_c_has_multiple_employers=3
clientscnt12m_3712952L=2
clientscnt6m_3712949L=2
clientscnt_946L=2
disbursementtype_67L_woe=2
person_age_lt25=2
cb_query_very_high=2
cb_dpd_days_30=2
cb_pmt_count_total=2
cb_pmt_monthly_freq=2
clientscnt3m_3712950L=1
clientscnt_1130L=1
cardtype_51L_bad_rate=1
person_age_lt40=1
cb_dpd_days_120=1
tax_registry_b_record_count=1
age_gt50=1

parameters:
[boosting: gbdt]
[objective: binary]
[metric: auc]
[tree_learner: serial]
[device_type: cpu]
[data_sample_strategy: bagging]
[data: ]
[valid: ]
[num_iterations: 2000]
[learning_rate: 0.05]
[num_leaves: 15]
[num_threads: -1]
[seed: 42]
[deterministic: 0]
[force_col_wise: 0]
[force_row_wise: 0]
[histogram_pool_size: -1]
[max_depth: -1]
[min_data_in_leaf: 20]
[min_sum_hessian_in_leaf: 10]
[bagging_fraction: 0.6]
[pos_bagging_fraction: 1]
[neg_bagging_fraction: 1]
[bagging_freq: 5]
[bagging_seed: 400]
[bagging_by_query: 0]
[feature_fraction: 0.6]
[feature_fraction_bynode: 1]
[feature_fraction_seed: 30056]
[extra_trees: 0]
[extra_seed: 12879]
[early_stopping_round: 0]
[early_stopping_min_delta: 0]
[first_metric_only: 0]
[max_delta_step: 0]
[lambda_l1: 1]
[lambda_l2: 5]
[linear_lambda: 0]
[min_gain_to_split: 0]
[drop_rate: 0.1]
[max_drop: 50]
[skip_drop: 0.5]
[xgboost_dart_mode: 0]
[uniform_drop: 0]
[drop_seed: 17869]
[top_rate: 0.2]
[other_rate: 0.1]
[min_data_per_group: 100]
[max_cat_threshold: 32]
[cat_l2: 10]
[cat_smooth: 10]
[max_cat_to_onehot: 4]
[top_k: 20]
[monotone_constraints: ]
[monotone_constraints_method: basic]
[monotone_penalty: 0]
[feature_contri: ]
[forcedsplits_filename: ]
[refit_decay_rate: 0.9]
[cegb_tradeoff: 1]
[cegb_penalty_split: 0]
[cegb_penalty_feature_lazy: ]
[cegb_penalty_feature_coupled: ]
[path_smooth: 0]
[interaction_constraints: ]
[verbosity: -1]
[saved_feature_importance_type: 0]
[use_quantized_grad: 0]
[num_grad_quant_bins: 4]
[quant_train_renew_leaf: 0]
[stochastic_rounding: 1]
[linear_tree: 0]
[max_bin: 255]
[max_bin_by_feature: ]
[min_data_in_bin: 3]
[bin_construct_sample_cnt: 200000]
[data_random_seed: 175]
[is_enable_sparse: 1]
[enable_bundle: 1]
[use_missing: 1]
[zero_as_missing: 0]
[feature_pre_filter: 1]
[pre_partition: 0]
[two_round: 0]
[header: 0]
[label_column: ]
[weight_column: ]
[group_column: ]
[ignore_column: ]
[categorical_feature: ]
[forcedbins_filename: ]
[precise_float_parser: 0]
[parser_config_file: ]
[objective_seed: 16083]
[num_class: 1]
[is_unbalance: 0]
[scale_pos_weight: 1]
[sigmoid: 1]
[boost_from_average: 1]
[reg_sqrt: 0]
[alpha: 0.9]
[fair_c: 1]
[poisson_max_delta_step: 0.7]
[tweedie_variance_power: 1.5]
[lambdarank_truncation_level: 30]
[lambdarank_norm: 1]
[label_gain: ]
[lambdarank_position_bias_regularization: 0]
[eval_at: ]
[multi_error_top_k: 1]
[auc_mu_weights: ]
[num_machines: 1]
[local_listen_port: 12400]
[time_out: 120]
[machine_list_filename: ]
[machines: ]
[gpu_platform_id: -1]
[gpu_device_id: -1]
[gpu_use_dp: 0]
[num_gpu: 1]

end of parameters

pandas_categorical:[]
